201T_LUNG	COC1=C(C=C2C(=C1)N=CN=C2NC3=CC(=C(C=C3)F)Cl)OCCCN4CCOCC4	0.7854445144916608
22RV1_PROSTATE	COC1=C(C=C2C(=C1)N=CN=C2NC3=CC(=C(C=C3)F)Cl)OCCCN4CCOCC4	0.9315807295768401
2313287_STOMACH	COC1=C(C=C2C(=C1)N=CN=C2NC3=CC(=C(C=C3)F)Cl)OCCCN4CCOCC4	0.7086484634666973
253J_URINARY_TRACT	COC1=C(C=C2C(=C1)N=CN=C2NC3=CC(=C(C=C3)F)Cl)OCCCN4CCOCC4	0.1505264985302585
451LU_SKIN	COC1=C(C=C2C(=C1)N=CN=C2NC3=CC(=C(C=C3)F)Cl)OCCCN4CCOCC4	1.0014362651520865
5637_URINARY_TRACT	COC1=C(C=C2C(=C1)N=CN=C2NC3=CC(=C(C=C3)F)Cl)OCCCN4CCOCC4	0.6343228253078702
639V_URINARY_TRACT	COC1=C(C=C2C(=C1)N=CN=C2NC3=CC(=C(C=C3)F)Cl)OCCCN4CCOCC4	0.694614312095644
647V_URINARY_TRACT	COC1=C(C=C2C(=C1)N=CN=C2NC3=CC(=C(C=C3)F)Cl)OCCCN4CCOCC4	0.70841453827292
697_HAEMATOPOIETIC_AND_LYMPHOID_TISSUE	COC1=C(C=C2C(=C1)N=CN=C2NC3=CC(=C(C=C3)F)Cl)OCCCN4CCOCC4	0.6391251908226323
769P_KIDNEY	COC1=C(C=C2C(=C1)N=CN=C2NC3=CC(=C(C=C3)F)Cl)OCCCN4CCOCC4	0.635947855255642
786O_KIDNEY	COC1=C(C=C2C(=C1)N=CN=C2NC3=CC(=C(C=C3)F)Cl)OCCCN4CCOCC4	0.6717926395953008
8505C_THYROID	COC1=C(C=C2C(=C1)N=CN=C2NC3=CC(=C(C=C3)F)Cl)OCCCN4CCOCC4	0.7843594788448623
A204_SOFT_TISSUE	COC1=C(C=C2C(=C1)N=CN=C2NC3=CC(=C(C=C3)F)Cl)OCCCN4CCOCC4	0.701098269599045
A2058_SKIN	COC1=C(C=C2C(=C1)N=CN=C2NC3=CC(=C(C=C3)F)Cl)OCCCN4CCOCC4	0.7509897463251098
A2780_OVARY	COC1=C(C=C2C(=C1)N=CN=C2NC3=CC(=C(C=C3)F)Cl)OCCCN4CCOCC4	0.6940106084739098
A375_SKIN	COC1=C(C=C2C(=C1)N=CN=C2NC3=CC(=C(C=C3)F)Cl)OCCCN4CCOCC4	0.8616058799309497
A3KAW_HAEMATOPOIETIC_AND_LYMPHOID_TISSUE	COC1=C(C=C2C(=C1)N=CN=C2NC3=CC(=C(C=C3)F)Cl)OCCCN4CCOCC4	0.7290707996752913
A427_LUNG	COC1=C(C=C2C(=C1)N=CN=C2NC3=CC(=C(C=C3)F)Cl)OCCCN4CCOCC4	0.9896489117463126
A431_SKIN	COC1=C(C=C2C(=C1)N=CN=C2NC3=CC(=C(C=C3)F)Cl)OCCCN4CCOCC4	0.7210285871696985
A498_KIDNEY	COC1=C(C=C2C(=C1)N=CN=C2NC3=CC(=C(C=C3)F)Cl)OCCCN4CCOCC4	0.7165200967602762
A549_LUNG	COC1=C(C=C2C(=C1)N=CN=C2NC3=CC(=C(C=C3)F)Cl)OCCCN4CCOCC4	0.7066620229679277
A673_BONE	COC1=C(C=C2C(=C1)N=CN=C2NC3=CC(=C(C=C3)F)Cl)OCCCN4CCOCC4	0.7683684580108291
ABC1_LUNG	COC1=C(C=C2C(=C1)N=CN=C2NC3=CC(=C(C=C3)F)Cl)OCCCN4CCOCC4	0.9389816586795516
ACCMESO1_PLEURA	COC1=C(C=C2C(=C1)N=CN=C2NC3=CC(=C(C=C3)F)Cl)OCCCN4CCOCC4	0.5055764283766173
ACHN_KIDNEY	COC1=C(C=C2C(=C1)N=CN=C2NC3=CC(=C(C=C3)F)Cl)OCCCN4CCOCC4	0.5595158362954394
AGS_STOMACH	COC1=C(C=C2C(=C1)N=CN=C2NC3=CC(=C(C=C3)F)Cl)OCCCN4CCOCC4	0.828076476459759
ALLPO_HAEMATOPOIETIC_AND_LYMPHOID_TISSUE	COC1=C(C=C2C(=C1)N=CN=C2NC3=CC(=C(C=C3)F)Cl)OCCCN4CCOCC4	0.7442364074585139
AM38_CENTRAL_NERVOUS_SYSTEM	COC1=C(C=C2C(=C1)N=CN=C2NC3=CC(=C(C=C3)F)Cl)OCCCN4CCOCC4	0.759283145931705
AML193_HAEMATOPOIETIC_AND_LYMPHOID_TISSUE	COC1=C(C=C2C(=C1)N=CN=C2NC3=CC(=C(C=C3)F)Cl)OCCCN4CCOCC4	0.2031275101518227
ARH77_HAEMATOPOIETIC_AND_LYMPHOID_TISSUE	COC1=C(C=C2C(=C1)N=CN=C2NC3=CC(=C(C=C3)F)Cl)OCCCN4CCOCC4	0.8883065269968391
ASH3_THYROID	COC1=C(C=C2C(=C1)N=CN=C2NC3=CC(=C(C=C3)F)Cl)OCCCN4CCOCC4	1.0314233487548936
ASPC1_PANCREAS	COC1=C(C=C2C(=C1)N=CN=C2NC3=CC(=C(C=C3)F)Cl)OCCCN4CCOCC4	0.8218017706244538
ATN1_HAEMATOPOIETIC_AND_LYMPHOID_TISSUE	COC1=C(C=C2C(=C1)N=CN=C2NC3=CC(=C(C=C3)F)Cl)OCCCN4CCOCC4	0.936361916702451
AU565_BREAST	COC1=C(C=C2C(=C1)N=CN=C2NC3=CC(=C(C=C3)F)Cl)OCCCN4CCOCC4	0.553443804123214
BALL1_HAEMATOPOIETIC_AND_LYMPHOID_TISSUE	COC1=C(C=C2C(=C1)N=CN=C2NC3=CC(=C(C=C3)F)Cl)OCCCN4CCOCC4	0.8569612419271002
BB49HNC_UPPER_AERODIGESTIVE_TRACT	COC1=C(C=C2C(=C1)N=CN=C2NC3=CC(=C(C=C3)F)Cl)OCCCN4CCOCC4	0.8863137825241691
BB65RCC_KIDNEY	COC1=C(C=C2C(=C1)N=CN=C2NC3=CC(=C(C=C3)F)Cl)OCCCN4CCOCC4	0.6997815030430053
BC3C_URINARY_TRACT	COC1=C(C=C2C(=C1)N=CN=C2NC3=CC(=C(C=C3)F)Cl)OCCCN4CCOCC4	0.3150727406133519
BCPAP_THYROID	COC1=C(C=C2C(=C1)N=CN=C2NC3=CC(=C(C=C3)F)Cl)OCCCN4CCOCC4	0.6321124374247363
BE2M17_AUTONOMIC_GANGLIA	COC1=C(C=C2C(=C1)N=CN=C2NC3=CC(=C(C=C3)F)Cl)OCCCN4CCOCC4	0.9496436065396862
BECKER_CENTRAL_NERVOUS_SYSTEM	COC1=C(C=C2C(=C1)N=CN=C2NC3=CC(=C(C=C3)F)Cl)OCCCN4CCOCC4	0.8239867408849998
BEN_LUNG	COC1=C(C=C2C(=C1)N=CN=C2NC3=CC(=C(C=C3)F)Cl)OCCCN4CCOCC4	0.7176389570495709
BFTC905_URINARY_TRACT	COC1=C(C=C2C(=C1)N=CN=C2NC3=CC(=C(C=C3)F)Cl)OCCCN4CCOCC4	1.0044813273467157
BFTC909_KIDNEY	COC1=C(C=C2C(=C1)N=CN=C2NC3=CC(=C(C=C3)F)Cl)OCCCN4CCOCC4	0.8079379999882071
BHT101_THYROID	COC1=C(C=C2C(=C1)N=CN=C2NC3=CC(=C(C=C3)F)Cl)OCCCN4CCOCC4	0.8581271296325547
BHY_UPPER_AERODIGESTIVE_TRACT	COC1=C(C=C2C(=C1)N=CN=C2NC3=CC(=C(C=C3)F)Cl)OCCCN4CCOCC4	0.4134028990037722
BICR10_UPPER_AERODIGESTIVE_TRACT	COC1=C(C=C2C(=C1)N=CN=C2NC3=CC(=C(C=C3)F)Cl)OCCCN4CCOCC4	0.9259040166616268
BICR16_UPPER_AERODIGESTIVE_TRACT	COC1=C(C=C2C(=C1)N=CN=C2NC3=CC(=C(C=C3)F)Cl)OCCCN4CCOCC4	0.4953406050183339
BICR18_UPPER_AERODIGESTIVE_TRACT	COC1=C(C=C2C(=C1)N=CN=C2NC3=CC(=C(C=C3)F)Cl)OCCCN4CCOCC4	0.4698837108700263
BICR56_UPPER_AERODIGESTIVE_TRACT	COC1=C(C=C2C(=C1)N=CN=C2NC3=CC(=C(C=C3)F)Cl)OCCCN4CCOCC4	0.2903198562077638
BICR6_UPPER_AERODIGESTIVE_TRACT	COC1=C(C=C2C(=C1)N=CN=C2NC3=CC(=C(C=C3)F)Cl)OCCCN4CCOCC4	0.6253186026849298
BICR78_UPPER_AERODIGESTIVE_TRACT	COC1=C(C=C2C(=C1)N=CN=C2NC3=CC(=C(C=C3)F)Cl)OCCCN4CCOCC4	0.5698809737889872
BL41_HAEMATOPOIETIC_AND_LYMPHOID_TISSUE	COC1=C(C=C2C(=C1)N=CN=C2NC3=CC(=C(C=C3)F)Cl)OCCCN4CCOCC4	0.9490311256191987
BT12_SOFT_TISSUE	COC1=C(C=C2C(=C1)N=CN=C2NC3=CC(=C(C=C3)F)Cl)OCCCN4CCOCC4	0.9373140255765324
BT16_SOFT_TISSUE	COC1=C(C=C2C(=C1)N=CN=C2NC3=CC(=C(C=C3)F)Cl)OCCCN4CCOCC4	1.0285267922512804
BT20_BREAST	COC1=C(C=C2C(=C1)N=CN=C2NC3=CC(=C(C=C3)F)Cl)OCCCN4CCOCC4	0.7586180982688523
BT474_BREAST	COC1=C(C=C2C(=C1)N=CN=C2NC3=CC(=C(C=C3)F)Cl)OCCCN4CCOCC4	0.5763013255516064
BT483_BREAST	COC1=C(C=C2C(=C1)N=CN=C2NC3=CC(=C(C=C3)F)Cl)OCCCN4CCOCC4	0.9434091637081707
BT549_BREAST	COC1=C(C=C2C(=C1)N=CN=C2NC3=CC(=C(C=C3)F)Cl)OCCCN4CCOCC4	1.0936932823927912
BXPC3_PANCREAS	COC1=C(C=C2C(=C1)N=CN=C2NC3=CC(=C(C=C3)F)Cl)OCCCN4CCOCC4	0.6736378327686565
C2BBE1_LARGE_INTESTINE	COC1=C(C=C2C(=C1)N=CN=C2NC3=CC(=C(C=C3)F)Cl)OCCCN4CCOCC4	0.695009842110732
C32_SKIN	COC1=C(C=C2C(=C1)N=CN=C2NC3=CC(=C(C=C3)F)Cl)OCCCN4CCOCC4	0.7003828085011846
C33A_CERVIX	COC1=C(C=C2C(=C1)N=CN=C2NC3=CC(=C(C=C3)F)Cl)OCCCN4CCOCC4	0.8867131296428363
C3A_LIVER	COC1=C(C=C2C(=C1)N=CN=C2NC3=CC(=C(C=C3)F)Cl)OCCCN4CCOCC4	0.9703701217096111
C4I_CERVIX	COC1=C(C=C2C(=C1)N=CN=C2NC3=CC(=C(C=C3)F)Cl)OCCCN4CCOCC4	0.8875449909093751
CADOES1_BONE	COC1=C(C=C2C(=C1)N=CN=C2NC3=CC(=C(C=C3)F)Cl)OCCCN4CCOCC4	0.9014880118957641
CAKI1_KIDNEY	COC1=C(C=C2C(=C1)N=CN=C2NC3=CC(=C(C=C3)F)Cl)OCCCN4CCOCC4	0.6868831087152252
CAL120_BREAST	COC1=C(C=C2C(=C1)N=CN=C2NC3=CC(=C(C=C3)F)Cl)OCCCN4CCOCC4	0.9407999865617063
CAL12T_LUNG	COC1=C(C=C2C(=C1)N=CN=C2NC3=CC(=C(C=C3)F)Cl)OCCCN4CCOCC4	0.5478816426843847
CAL148_BREAST	COC1=C(C=C2C(=C1)N=CN=C2NC3=CC(=C(C=C3)F)Cl)OCCCN4CCOCC4	0.7674356534902995
CAL27_UPPER_AERODIGESTIVE_TRACT	COC1=C(C=C2C(=C1)N=CN=C2NC3=CC(=C(C=C3)F)Cl)OCCCN4CCOCC4	0.45906270756367323
CAL29_URINARY_TRACT	COC1=C(C=C2C(=C1)N=CN=C2NC3=CC(=C(C=C3)F)Cl)OCCCN4CCOCC4	0.5731418976761413
CAL33_UPPER_AERODIGESTIVE_TRACT	COC1=C(C=C2C(=C1)N=CN=C2NC3=CC(=C(C=C3)F)Cl)OCCCN4CCOCC4	0.5031075621321903
CAL39_VULVA	COC1=C(C=C2C(=C1)N=CN=C2NC3=CC(=C(C=C3)F)Cl)OCCCN4CCOCC4	0.5488750861609217
CAL62_THYROID	COC1=C(C=C2C(=C1)N=CN=C2NC3=CC(=C(C=C3)F)Cl)OCCCN4CCOCC4	0.9508033235958921
CAL72_BONE	COC1=C(C=C2C(=C1)N=CN=C2NC3=CC(=C(C=C3)F)Cl)OCCCN4CCOCC4	0.8248827295805108
CAL78_BONE	COC1=C(C=C2C(=C1)N=CN=C2NC3=CC(=C(C=C3)F)Cl)OCCCN4CCOCC4	0.8377163541828782
CAL851_BREAST	COC1=C(C=C2C(=C1)N=CN=C2NC3=CC(=C(C=C3)F)Cl)OCCCN4CCOCC4	0.7187535427730495
CALU3_LUNG	COC1=C(C=C2C(=C1)N=CN=C2NC3=CC(=C(C=C3)F)Cl)OCCCN4CCOCC4	0.6251057017724806
CAMA1_BREAST	COC1=C(C=C2C(=C1)N=CN=C2NC3=CC(=C(C=C3)F)Cl)OCCCN4CCOCC4	0.8646043716072294
CAOV3_OVARY	COC1=C(C=C2C(=C1)N=CN=C2NC3=CC(=C(C=C3)F)Cl)OCCCN4CCOCC4	0.3098485690475469
CAOV4_OVARY	COC1=C(C=C2C(=C1)N=CN=C2NC3=CC(=C(C=C3)F)Cl)OCCCN4CCOCC4	0.975710818652737
CAPAN1_PANCREAS	COC1=C(C=C2C(=C1)N=CN=C2NC3=CC(=C(C=C3)F)Cl)OCCCN4CCOCC4	0.8208718628285888
CAPAN2_PANCREAS	COC1=C(C=C2C(=C1)N=CN=C2NC3=CC(=C(C=C3)F)Cl)OCCCN4CCOCC4	0.7725910857858812
CAS1_CENTRAL_NERVOUS_SYSTEM	COC1=C(C=C2C(=C1)N=CN=C2NC3=CC(=C(C=C3)F)Cl)OCCCN4CCOCC4	0.9732591762768268
CASKI_CERVIX	COC1=C(C=C2C(=C1)N=CN=C2NC3=CC(=C(C=C3)F)Cl)OCCCN4CCOCC4	0.798622052770732
CCFSTTG1_CENTRAL_NERVOUS_SYSTEM	COC1=C(C=C2C(=C1)N=CN=C2NC3=CC(=C(C=C3)F)Cl)OCCCN4CCOCC4	1.006199479337271
CCK81_LARGE_INTESTINE	COC1=C(C=C2C(=C1)N=CN=C2NC3=CC(=C(C=C3)F)Cl)OCCCN4CCOCC4	0.5678304720518828
CFPAC1_PANCREAS	COC1=C(C=C2C(=C1)N=CN=C2NC3=CC(=C(C=C3)F)Cl)OCCCN4CCOCC4	0.6583259001890109
CGTHW1_THYROID	COC1=C(C=C2C(=C1)N=CN=C2NC3=CC(=C(C=C3)F)Cl)OCCCN4CCOCC4	0.7335855531859748
CHP126_AUTONOMIC_GANGLIA	COC1=C(C=C2C(=C1)N=CN=C2NC3=CC(=C(C=C3)F)Cl)OCCCN4CCOCC4	0.8662195998350242
CHP134_AUTONOMIC_GANGLIA	COC1=C(C=C2C(=C1)N=CN=C2NC3=CC(=C(C=C3)F)Cl)OCCCN4CCOCC4	0.9307127427096206
CI1_HAEMATOPOIETIC_AND_LYMPHOID_TISSUE	COC1=C(C=C2C(=C1)N=CN=C2NC3=CC(=C(C=C3)F)Cl)OCCCN4CCOCC4	0.5520167876299281
CJM_SKIN	COC1=C(C=C2C(=C1)N=CN=C2NC3=CC(=C(C=C3)F)Cl)OCCCN4CCOCC4	0.2989198960574562
CL11_LARGE_INTESTINE	COC1=C(C=C2C(=C1)N=CN=C2NC3=CC(=C(C=C3)F)Cl)OCCCN4CCOCC4	0.7772414900992749
COLO205_LARGE_INTESTINE	COC1=C(C=C2C(=C1)N=CN=C2NC3=CC(=C(C=C3)F)Cl)OCCCN4CCOCC4	0.8077022912859588
COLO320_LARGE_INTESTINE	COC1=C(C=C2C(=C1)N=CN=C2NC3=CC(=C(C=C3)F)Cl)OCCCN4CCOCC4	0.3424612353404648
COLO668_LUNG	COC1=C(C=C2C(=C1)N=CN=C2NC3=CC(=C(C=C3)F)Cl)OCCCN4CCOCC4	0.9194834153705393
COLO678_LARGE_INTESTINE	COC1=C(C=C2C(=C1)N=CN=C2NC3=CC(=C(C=C3)F)Cl)OCCCN4CCOCC4	0.6722982395243006
COLO679_SKIN	COC1=C(C=C2C(=C1)N=CN=C2NC3=CC(=C(C=C3)F)Cl)OCCCN4CCOCC4	0.9663539160245358
COLO684_ENDOMETRIUM	COC1=C(C=C2C(=C1)N=CN=C2NC3=CC(=C(C=C3)F)Cl)OCCCN4CCOCC4	0.8182037827994026
COLO699_LUNG	COC1=C(C=C2C(=C1)N=CN=C2NC3=CC(=C(C=C3)F)Cl)OCCCN4CCOCC4	0.5878510056365344
COLO792_SKIN	COC1=C(C=C2C(=C1)N=CN=C2NC3=CC(=C(C=C3)F)Cl)OCCCN4CCOCC4	0.7692108458553313
COLO800_SKIN	COC1=C(C=C2C(=C1)N=CN=C2NC3=CC(=C(C=C3)F)Cl)OCCCN4CCOCC4	0.8307519758163333
COLO824_BREAST	COC1=C(C=C2C(=C1)N=CN=C2NC3=CC(=C(C=C3)F)Cl)OCCCN4CCOCC4	0.8900796704787033
COLO829_SKIN	COC1=C(C=C2C(=C1)N=CN=C2NC3=CC(=C(C=C3)F)Cl)OCCCN4CCOCC4	0.7716832154706764
CORL105_LUNG	COC1=C(C=C2C(=C1)N=CN=C2NC3=CC(=C(C=C3)F)Cl)OCCCN4CCOCC4	0.38901467865993866
CORL23_LUNG	COC1=C(C=C2C(=C1)N=CN=C2NC3=CC(=C(C=C3)F)Cl)OCCCN4CCOCC4	0.9811360655068337
CORL321_LUNG	COC1=C(C=C2C(=C1)N=CN=C2NC3=CC(=C(C=C3)F)Cl)OCCCN4CCOCC4	0.8458278701090788
CORL32_LUNG	COC1=C(C=C2C(=C1)N=CN=C2NC3=CC(=C(C=C3)F)Cl)OCCCN4CCOCC4	0.9438672880431296
CORL51_LUNG	COC1=C(C=C2C(=C1)N=CN=C2NC3=CC(=C(C=C3)F)Cl)OCCCN4CCOCC4	0.493032591972484
CORL88_LUNG	COC1=C(C=C2C(=C1)N=CN=C2NC3=CC(=C(C=C3)F)Cl)OCCCN4CCOCC4	0.8319148558447906
CORL95_LUNG	COC1=C(C=C2C(=C1)N=CN=C2NC3=CC(=C(C=C3)F)Cl)OCCCN4CCOCC4	0.7699745920648768
COV362_OVARY	COC1=C(C=C2C(=C1)N=CN=C2NC3=CC(=C(C=C3)F)Cl)OCCCN4CCOCC4	0.5086971127912966
COV434_OVARY	COC1=C(C=C2C(=C1)N=CN=C2NC3=CC(=C(C=C3)F)Cl)OCCCN4CCOCC4	0.2020920214248916
COV644_OVARY	COC1=C(C=C2C(=C1)N=CN=C2NC3=CC(=C(C=C3)F)Cl)OCCCN4CCOCC4	0.2592639920906693
CP50MELB_SKIN	COC1=C(C=C2C(=C1)N=CN=C2NC3=CC(=C(C=C3)F)Cl)OCCCN4CCOCC4	0.992517689748168
CP66MEL_SKIN	COC1=C(C=C2C(=C1)N=CN=C2NC3=CC(=C(C=C3)F)Cl)OCCCN4CCOCC4	1.0728099257192931
CPCN_LUNG	COC1=C(C=C2C(=C1)N=CN=C2NC3=CC(=C(C=C3)F)Cl)OCCCN4CCOCC4	0.9072016640393732
CROAP2_HAEMATOPOIETIC_AND_LYMPHOID_TISSUE	COC1=C(C=C2C(=C1)N=CN=C2NC3=CC(=C(C=C3)F)Cl)OCCCN4CCOCC4	0.8538207699476237
CS1_BONE	COC1=C(C=C2C(=C1)N=CN=C2NC3=CC(=C(C=C3)F)Cl)OCCCN4CCOCC4	0.9665035101337847
CTV1_HAEMATOPOIETIC_AND_LYMPHOID_TISSUE	COC1=C(C=C2C(=C1)N=CN=C2NC3=CC(=C(C=C3)F)Cl)OCCCN4CCOCC4	0.8283522908476697
CW2_LARGE_INTESTINE	COC1=C(C=C2C(=C1)N=CN=C2NC3=CC(=C(C=C3)F)Cl)OCCCN4CCOCC4	0.7953133779922977
D263MG_CENTRAL_NERVOUS_SYSTEM	COC1=C(C=C2C(=C1)N=CN=C2NC3=CC(=C(C=C3)F)Cl)OCCCN4CCOCC4	0.9119743296721954
D336MG_CENTRAL_NERVOUS_SYSTEM	COC1=C(C=C2C(=C1)N=CN=C2NC3=CC(=C(C=C3)F)Cl)OCCCN4CCOCC4	0.7056600577953125
D423MG_CENTRAL_NERVOUS_SYSTEM	COC1=C(C=C2C(=C1)N=CN=C2NC3=CC(=C(C=C3)F)Cl)OCCCN4CCOCC4	0.9202264583727976
D502MG_CENTRAL_NERVOUS_SYSTEM	COC1=C(C=C2C(=C1)N=CN=C2NC3=CC(=C(C=C3)F)Cl)OCCCN4CCOCC4	0.912951736761508
D542MG_CENTRAL_NERVOUS_SYSTEM	COC1=C(C=C2C(=C1)N=CN=C2NC3=CC(=C(C=C3)F)Cl)OCCCN4CCOCC4	1.0156432310907548
D566MG_CENTRAL_NERVOUS_SYSTEM	COC1=C(C=C2C(=C1)N=CN=C2NC3=CC(=C(C=C3)F)Cl)OCCCN4CCOCC4	0.8506954861504015
DANG_PANCREAS	COC1=C(C=C2C(=C1)N=CN=C2NC3=CC(=C(C=C3)F)Cl)OCCCN4CCOCC4	0.7838050220312766
DAOY_CENTRAL_NERVOUS_SYSTEM	COC1=C(C=C2C(=C1)N=CN=C2NC3=CC(=C(C=C3)F)Cl)OCCCN4CCOCC4	0.8480962811250107
DAUDI_HAEMATOPOIETIC_AND_LYMPHOID_TISSUE	COC1=C(C=C2C(=C1)N=CN=C2NC3=CC(=C(C=C3)F)Cl)OCCCN4CCOCC4	0.6571497131024133
DBTRG05MG_CENTRAL_NERVOUS_SYSTEM	COC1=C(C=C2C(=C1)N=CN=C2NC3=CC(=C(C=C3)F)Cl)OCCCN4CCOCC4	0.6807173388135643
DKMG_CENTRAL_NERVOUS_SYSTEM	COC1=C(C=C2C(=C1)N=CN=C2NC3=CC(=C(C=C3)F)Cl)OCCCN4CCOCC4	0.8899205664095213
DLD1_LARGE_INTESTINE	COC1=C(C=C2C(=C1)N=CN=C2NC3=CC(=C(C=C3)F)Cl)OCCCN4CCOCC4	0.3194354337252644
DMS273_LUNG	COC1=C(C=C2C(=C1)N=CN=C2NC3=CC(=C(C=C3)F)Cl)OCCCN4CCOCC4	0.8551406863890101
DMS454_LUNG	COC1=C(C=C2C(=C1)N=CN=C2NC3=CC(=C(C=C3)F)Cl)OCCCN4CCOCC4	0.1819305675929573
DMS53_LUNG	COC1=C(C=C2C(=C1)N=CN=C2NC3=CC(=C(C=C3)F)Cl)OCCCN4CCOCC4	0.802650539351713
DOHH2_HAEMATOPOIETIC_AND_LYMPHOID_TISSUE	COC1=C(C=C2C(=C1)N=CN=C2NC3=CC(=C(C=C3)F)Cl)OCCCN4CCOCC4	0.5844870436786673
DOK_UPPER_AERODIGESTIVE_TRACT	COC1=C(C=C2C(=C1)N=CN=C2NC3=CC(=C(C=C3)F)Cl)OCCCN4CCOCC4	0.3762800921667086
DOTC24510_CERVIX	COC1=C(C=C2C(=C1)N=CN=C2NC3=CC(=C(C=C3)F)Cl)OCCCN4CCOCC4	0.7606607632972848
DOV13_OVARY	COC1=C(C=C2C(=C1)N=CN=C2NC3=CC(=C(C=C3)F)Cl)OCCCN4CCOCC4	0.8332274566508501
DSH1_URINARY_TRACT	COC1=C(C=C2C(=C1)N=CN=C2NC3=CC(=C(C=C3)F)Cl)OCCCN4CCOCC4	0.6467041245973109
DU145_PROSTATE	COC1=C(C=C2C(=C1)N=CN=C2NC3=CC(=C(C=C3)F)Cl)OCCCN4CCOCC4	0.7227611539680208
DU4475_BREAST	COC1=C(C=C2C(=C1)N=CN=C2NC3=CC(=C(C=C3)F)Cl)OCCCN4CCOCC4	0.630458701485101
DV90_LUNG	COC1=C(C=C2C(=C1)N=CN=C2NC3=CC(=C(C=C3)F)Cl)OCCCN4CCOCC4	0.2072843540713355
EB2_HAEMATOPOIETIC_AND_LYMPHOID_TISSUE	COC1=C(C=C2C(=C1)N=CN=C2NC3=CC(=C(C=C3)F)Cl)OCCCN4CCOCC4	0.8982250574848216
EB3_HAEMATOPOIETIC_AND_LYMPHOID_TISSUE	COC1=C(C=C2C(=C1)N=CN=C2NC3=CC(=C(C=C3)F)Cl)OCCCN4CCOCC4	0.8940336146307799
ECC12_STOMACH	COC1=C(C=C2C(=C1)N=CN=C2NC3=CC(=C(C=C3)F)Cl)OCCCN4CCOCC4	0.3793293008121458
ECGI10_OESOPHAGUS	COC1=C(C=C2C(=C1)N=CN=C2NC3=CC(=C(C=C3)F)Cl)OCCCN4CCOCC4	0.6134112368808605
EFM192A_BREAST	COC1=C(C=C2C(=C1)N=CN=C2NC3=CC(=C(C=C3)F)Cl)OCCCN4CCOCC4	0.6976230587016315
EFM19_BREAST	COC1=C(C=C2C(=C1)N=CN=C2NC3=CC(=C(C=C3)F)Cl)OCCCN4CCOCC4	1.0369053065100207
EFO21_OVARY	COC1=C(C=C2C(=C1)N=CN=C2NC3=CC(=C(C=C3)F)Cl)OCCCN4CCOCC4	0.9118597246507999
EGI1_BILIARY_TRACT	COC1=C(C=C2C(=C1)N=CN=C2NC3=CC(=C(C=C3)F)Cl)OCCCN4CCOCC4	0.9558206766704409
EMCBAC2_LUNG	COC1=C(C=C2C(=C1)N=CN=C2NC3=CC(=C(C=C3)F)Cl)OCCCN4CCOCC4	0.8834980656734241
EN_ENDOMETRIUM	COC1=C(C=C2C(=C1)N=CN=C2NC3=CC(=C(C=C3)F)Cl)OCCCN4CCOCC4	0.9064668907232353
EOL1_HAEMATOPOIETIC_AND_LYMPHOID_TISSUE	COC1=C(C=C2C(=C1)N=CN=C2NC3=CC(=C(C=C3)F)Cl)OCCCN4CCOCC4	0.5176575037055957
EPLC272H_LUNG	COC1=C(C=C2C(=C1)N=CN=C2NC3=CC(=C(C=C3)F)Cl)OCCCN4CCOCC4	0.6066924352646365
ES1_BONE	COC1=C(C=C2C(=C1)N=CN=C2NC3=CC(=C(C=C3)F)Cl)OCCCN4CCOCC4	0.9952545756543721
ES2_OVARY	COC1=C(C=C2C(=C1)N=CN=C2NC3=CC(=C(C=C3)F)Cl)OCCCN4CCOCC4	0.9086373104477428
ES3_BONE	COC1=C(C=C2C(=C1)N=CN=C2NC3=CC(=C(C=C3)F)Cl)OCCCN4CCOCC4	0.94465517639438
ES5_BONE	COC1=C(C=C2C(=C1)N=CN=C2NC3=CC(=C(C=C3)F)Cl)OCCCN4CCOCC4	1.0717609457618291
ES6_BONE	COC1=C(C=C2C(=C1)N=CN=C2NC3=CC(=C(C=C3)F)Cl)OCCCN4CCOCC4	0.9632033089016376
ES7_BONE	COC1=C(C=C2C(=C1)N=CN=C2NC3=CC(=C(C=C3)F)Cl)OCCCN4CCOCC4	0.9571012646040686
ES8_BONE	COC1=C(C=C2C(=C1)N=CN=C2NC3=CC(=C(C=C3)F)Cl)OCCCN4CCOCC4	0.9317949951357619
ESO26_OESOPHAGUS	COC1=C(C=C2C(=C1)N=CN=C2NC3=CC(=C(C=C3)F)Cl)OCCCN4CCOCC4	0.7688008088363001
ESO51_OESOPHAGUS	COC1=C(C=C2C(=C1)N=CN=C2NC3=CC(=C(C=C3)F)Cl)OCCCN4CCOCC4	0.8711170670105848
ESS1_ENDOMETRIUM	COC1=C(C=C2C(=C1)N=CN=C2NC3=CC(=C(C=C3)F)Cl)OCCCN4CCOCC4	0.8375155263054174
ETK1_BILIARY_TRACT	COC1=C(C=C2C(=C1)N=CN=C2NC3=CC(=C(C=C3)F)Cl)OCCCN4CCOCC4	0.6819675512634413
EVSAT_BREAST	COC1=C(C=C2C(=C1)N=CN=C2NC3=CC(=C(C=C3)F)Cl)OCCCN4CCOCC4	1.056135937517982
EW13_BONE	COC1=C(C=C2C(=C1)N=CN=C2NC3=CC(=C(C=C3)F)Cl)OCCCN4CCOCC4	0.8324707560387464
EW16_BONE	COC1=C(C=C2C(=C1)N=CN=C2NC3=CC(=C(C=C3)F)Cl)OCCCN4CCOCC4	0.8697628357633835
EW18_BONE	COC1=C(C=C2C(=C1)N=CN=C2NC3=CC(=C(C=C3)F)Cl)OCCCN4CCOCC4	0.8854266173586762
EW1_BONE	COC1=C(C=C2C(=C1)N=CN=C2NC3=CC(=C(C=C3)F)Cl)OCCCN4CCOCC4	0.830001968709311
EW22_BONE	COC1=C(C=C2C(=C1)N=CN=C2NC3=CC(=C(C=C3)F)Cl)OCCCN4CCOCC4	0.9876340601052196
EW3_BONE	COC1=C(C=C2C(=C1)N=CN=C2NC3=CC(=C(C=C3)F)Cl)OCCCN4CCOCC4	0.845543137271753
EW7_BONE	COC1=C(C=C2C(=C1)N=CN=C2NC3=CC(=C(C=C3)F)Cl)OCCCN4CCOCC4	0.849832998104995
FARAGE_HAEMATOPOIETIC_AND_LYMPHOID_TISSUE	COC1=C(C=C2C(=C1)N=CN=C2NC3=CC(=C(C=C3)F)Cl)OCCCN4CCOCC4	0.7510874413113353
FLO1_OESOPHAGUS	COC1=C(C=C2C(=C1)N=CN=C2NC3=CC(=C(C=C3)F)Cl)OCCCN4CCOCC4	0.9365807589552453
FTC238_THYROID	COC1=C(C=C2C(=C1)N=CN=C2NC3=CC(=C(C=C3)F)Cl)OCCCN4CCOCC4	0.5649527053850116
FU97_STOMACH	COC1=C(C=C2C(=C1)N=CN=C2NC3=CC(=C(C=C3)F)Cl)OCCCN4CCOCC4	0.9418737243390903
G292CLONEA141B1_BONE	COC1=C(C=C2C(=C1)N=CN=C2NC3=CC(=C(C=C3)F)Cl)OCCCN4CCOCC4	0.7930890230359879
G361_SKIN	COC1=C(C=C2C(=C1)N=CN=C2NC3=CC(=C(C=C3)F)Cl)OCCCN4CCOCC4	0.8108270610126805
G401_SOFT_TISSUE	COC1=C(C=C2C(=C1)N=CN=C2NC3=CC(=C(C=C3)F)Cl)OCCCN4CCOCC4	0.7421125342967315
G402_SOFT_TISSUE	COC1=C(C=C2C(=C1)N=CN=C2NC3=CC(=C(C=C3)F)Cl)OCCCN4CCOCC4	0.7865235672115856
GB1_CENTRAL_NERVOUS_SYSTEM	COC1=C(C=C2C(=C1)N=CN=C2NC3=CC(=C(C=C3)F)Cl)OCCCN4CCOCC4	0.8242243720075287
GCIY_STOMACH	COC1=C(C=C2C(=C1)N=CN=C2NC3=CC(=C(C=C3)F)Cl)OCCCN4CCOCC4	0.7621500488925246
GCT_SOFT_TISSUE	COC1=C(C=C2C(=C1)N=CN=C2NC3=CC(=C(C=C3)F)Cl)OCCCN4CCOCC4	0.622170378013395
GDM1_HAEMATOPOIETIC_AND_LYMPHOID_TISSUE	COC1=C(C=C2C(=C1)N=CN=C2NC3=CC(=C(C=C3)F)Cl)OCCCN4CCOCC4	0.7976670096182946
GI1_CENTRAL_NERVOUS_SYSTEM	COC1=C(C=C2C(=C1)N=CN=C2NC3=CC(=C(C=C3)F)Cl)OCCCN4CCOCC4	0.7350920047446116
GIMEN_AUTONOMIC_GANGLIA	COC1=C(C=C2C(=C1)N=CN=C2NC3=CC(=C(C=C3)F)Cl)OCCCN4CCOCC4	0.9251734787556478
GOS3_CENTRAL_NERVOUS_SYSTEM	COC1=C(C=C2C(=C1)N=CN=C2NC3=CC(=C(C=C3)F)Cl)OCCCN4CCOCC4	0.5385305509257855
GP2D_LARGE_INTESTINE	COC1=C(C=C2C(=C1)N=CN=C2NC3=CC(=C(C=C3)F)Cl)OCCCN4CCOCC4	0.7086237302260742
GP5D_LARGE_INTESTINE	COC1=C(C=C2C(=C1)N=CN=C2NC3=CC(=C(C=C3)F)Cl)OCCCN4CCOCC4	0.9448486533909495
GRANTA519_HAEMATOPOIETIC_AND_LYMPHOID_TISSUE	COC1=C(C=C2C(=C1)N=CN=C2NC3=CC(=C(C=C3)F)Cl)OCCCN4CCOCC4	0.8014254375809639
GRST_HAEMATOPOIETIC_AND_LYMPHOID_TISSUE	COC1=C(C=C2C(=C1)N=CN=C2NC3=CC(=C(C=C3)F)Cl)OCCCN4CCOCC4	0.8226505989823123
GSU_STOMACH	COC1=C(C=C2C(=C1)N=CN=C2NC3=CC(=C(C=C3)F)Cl)OCCCN4CCOCC4	0.3600559352556137
H2369_PLEURA	COC1=C(C=C2C(=C1)N=CN=C2NC3=CC(=C(C=C3)F)Cl)OCCCN4CCOCC4	0.9872964721567172
H3118_UPPER_AERODIGESTIVE_TRACT	COC1=C(C=C2C(=C1)N=CN=C2NC3=CC(=C(C=C3)F)Cl)OCCCN4CCOCC4	0.4000871793803124
H9_HAEMATOPOIETIC_AND_LYMPHOID_TISSUE	COC1=C(C=C2C(=C1)N=CN=C2NC3=CC(=C(C=C3)F)Cl)OCCCN4CCOCC4	0.8127570745016046
HA7RCC_KIDNEY	COC1=C(C=C2C(=C1)N=CN=C2NC3=CC(=C(C=C3)F)Cl)OCCCN4CCOCC4	0.9054169499771002
HAL01_HAEMATOPOIETIC_AND_LYMPHOID_TISSUE	COC1=C(C=C2C(=C1)N=CN=C2NC3=CC(=C(C=C3)F)Cl)OCCCN4CCOCC4	0.80671100042525
HCC1171_LUNG	COC1=C(C=C2C(=C1)N=CN=C2NC3=CC(=C(C=C3)F)Cl)OCCCN4CCOCC4	0.5791974092369234
HCC1187_BREAST	COC1=C(C=C2C(=C1)N=CN=C2NC3=CC(=C(C=C3)F)Cl)OCCCN4CCOCC4	0.9867639860479717
HCC1195_LUNG	COC1=C(C=C2C(=C1)N=CN=C2NC3=CC(=C(C=C3)F)Cl)OCCCN4CCOCC4	0.6081035448801478
HCC1395_BREAST	COC1=C(C=C2C(=C1)N=CN=C2NC3=CC(=C(C=C3)F)Cl)OCCCN4CCOCC4	0.8216939144290659
HCC1419_BREAST	COC1=C(C=C2C(=C1)N=CN=C2NC3=CC(=C(C=C3)F)Cl)OCCCN4CCOCC4	0.636852387379982
HCC1428_BREAST	COC1=C(C=C2C(=C1)N=CN=C2NC3=CC(=C(C=C3)F)Cl)OCCCN4CCOCC4	0.7677247229711289
HCC1500_BREAST	COC1=C(C=C2C(=C1)N=CN=C2NC3=CC(=C(C=C3)F)Cl)OCCCN4CCOCC4	0.6750601923818406
HCC1569_BREAST	COC1=C(C=C2C(=C1)N=CN=C2NC3=CC(=C(C=C3)F)Cl)OCCCN4CCOCC4	1.0185730060158962
HCC15_LUNG	COC1=C(C=C2C(=C1)N=CN=C2NC3=CC(=C(C=C3)F)Cl)OCCCN4CCOCC4	0.6845487669177407
HCC1806_BREAST	COC1=C(C=C2C(=C1)N=CN=C2NC3=CC(=C(C=C3)F)Cl)OCCCN4CCOCC4	0.6808060874108084
HCC1833_LUNG	COC1=C(C=C2C(=C1)N=CN=C2NC3=CC(=C(C=C3)F)Cl)OCCCN4CCOCC4	0.631974979695739
HCC1954_BREAST	COC1=C(C=C2C(=C1)N=CN=C2NC3=CC(=C(C=C3)F)Cl)OCCCN4CCOCC4	0.7263848339042708
HCC2108_LUNG	COC1=C(C=C2C(=C1)N=CN=C2NC3=CC(=C(C=C3)F)Cl)OCCCN4CCOCC4	0.5106936188556881
HCC2157_BREAST	COC1=C(C=C2C(=C1)N=CN=C2NC3=CC(=C(C=C3)F)Cl)OCCCN4CCOCC4	0.7013712246940961
HCC2218_BREAST	COC1=C(C=C2C(=C1)N=CN=C2NC3=CC(=C(C=C3)F)Cl)OCCCN4CCOCC4	0.6594873257209507
HCC2279_LUNG	COC1=C(C=C2C(=C1)N=CN=C2NC3=CC(=C(C=C3)F)Cl)OCCCN4CCOCC4	0.4829480548821139
HCC2935_LUNG	COC1=C(C=C2C(=C1)N=CN=C2NC3=CC(=C(C=C3)F)Cl)OCCCN4CCOCC4	0.1224071427922058
HCC2998_LARGE_INTESTINE	COC1=C(C=C2C(=C1)N=CN=C2NC3=CC(=C(C=C3)F)Cl)OCCCN4CCOCC4	1.0232438877381411
HCC366_LUNG	COC1=C(C=C2C(=C1)N=CN=C2NC3=CC(=C(C=C3)F)Cl)OCCCN4CCOCC4	0.6014787970683713
HCC38_BREAST	COC1=C(C=C2C(=C1)N=CN=C2NC3=CC(=C(C=C3)F)Cl)OCCCN4CCOCC4	1.0195451649972709
HCC44_LUNG	COC1=C(C=C2C(=C1)N=CN=C2NC3=CC(=C(C=C3)F)Cl)OCCCN4CCOCC4	0.7712096877561644
HCC56_LARGE_INTESTINE	COC1=C(C=C2C(=C1)N=CN=C2NC3=CC(=C(C=C3)F)Cl)OCCCN4CCOCC4	0.8173292819479379
HCC95_LUNG	COC1=C(C=C2C(=C1)N=CN=C2NC3=CC(=C(C=C3)F)Cl)OCCCN4CCOCC4	0.1220806735810176
HCT116_LARGE_INTESTINE	COC1=C(C=C2C(=C1)N=CN=C2NC3=CC(=C(C=C3)F)Cl)OCCCN4CCOCC4	0.8949265936357514
HDLM2_HAEMATOPOIETIC_AND_LYMPHOID_TISSUE	COC1=C(C=C2C(=C1)N=CN=C2NC3=CC(=C(C=C3)F)Cl)OCCCN4CCOCC4	0.7370259136958562
HDMYZ_HAEMATOPOIETIC_AND_LYMPHOID_TISSUE	COC1=C(C=C2C(=C1)N=CN=C2NC3=CC(=C(C=C3)F)Cl)OCCCN4CCOCC4	0.7275735816205117
HDQP1_BREAST	COC1=C(C=C2C(=C1)N=CN=C2NC3=CC(=C(C=C3)F)Cl)OCCCN4CCOCC4	0.6118264232667587
HEC108_ENDOMETRIUM	COC1=C(C=C2C(=C1)N=CN=C2NC3=CC(=C(C=C3)F)Cl)OCCCN4CCOCC4	0.4777795442148008
HEC1A_ENDOMETRIUM	COC1=C(C=C2C(=C1)N=CN=C2NC3=CC(=C(C=C3)F)Cl)OCCCN4CCOCC4	0.2357924479529682
HEC1B_ENDOMETRIUM	COC1=C(C=C2C(=C1)N=CN=C2NC3=CC(=C(C=C3)F)Cl)OCCCN4CCOCC4	0.490497232104976
HEC1_ENDOMETRIUM	COC1=C(C=C2C(=C1)N=CN=C2NC3=CC(=C(C=C3)F)Cl)OCCCN4CCOCC4	0.946241719863028
HEC251_ENDOMETRIUM	COC1=C(C=C2C(=C1)N=CN=C2NC3=CC(=C(C=C3)F)Cl)OCCCN4CCOCC4	0.4781535302139523
HEC50B_ENDOMETRIUM	COC1=C(C=C2C(=C1)N=CN=C2NC3=CC(=C(C=C3)F)Cl)OCCCN4CCOCC4	0.7195749128761478
HEC6_ENDOMETRIUM	COC1=C(C=C2C(=C1)N=CN=C2NC3=CC(=C(C=C3)F)Cl)OCCCN4CCOCC4	0.4488588067062638
HEL9217_HAEMATOPOIETIC_AND_LYMPHOID_TISSUE	COC1=C(C=C2C(=C1)N=CN=C2NC3=CC(=C(C=C3)F)Cl)OCCCN4CCOCC4	0.6229365147428709
HELA_CERVIX	COC1=C(C=C2C(=C1)N=CN=C2NC3=CC(=C(C=C3)F)Cl)OCCCN4CCOCC4	0.9316043923714762
HEL_HAEMATOPOIETIC_AND_LYMPHOID_TISSUE	COC1=C(C=C2C(=C1)N=CN=C2NC3=CC(=C(C=C3)F)Cl)OCCCN4CCOCC4	0.6336192687971849
HEMCSS_BONE	COC1=C(C=C2C(=C1)N=CN=C2NC3=CC(=C(C=C3)F)Cl)OCCCN4CCOCC4	1.1360372447548397
HEP3B217_LIVER	COC1=C(C=C2C(=C1)N=CN=C2NC3=CC(=C(C=C3)F)Cl)OCCCN4CCOCC4	0.827117285927764
HEYA8_OVARY	COC1=C(C=C2C(=C1)N=CN=C2NC3=CC(=C(C=C3)F)Cl)OCCCN4CCOCC4	0.4171237514773175
HEY_OVARY	COC1=C(C=C2C(=C1)N=CN=C2NC3=CC(=C(C=C3)F)Cl)OCCCN4CCOCC4	0.8932873862871484
HGC27_STOMACH	COC1=C(C=C2C(=C1)N=CN=C2NC3=CC(=C(C=C3)F)Cl)OCCCN4CCOCC4	0.7307016485456609
HL60_HAEMATOPOIETIC_AND_LYMPHOID_TISSUE	COC1=C(C=C2C(=C1)N=CN=C2NC3=CC(=C(C=C3)F)Cl)OCCCN4CCOCC4	0.8075447475645072
HLE_LIVER	COC1=C(C=C2C(=C1)N=CN=C2NC3=CC(=C(C=C3)F)Cl)OCCCN4CCOCC4	0.9442523700744366
HLF_LIVER	COC1=C(C=C2C(=C1)N=CN=C2NC3=CC(=C(C=C3)F)Cl)OCCCN4CCOCC4	0.3365725575017424
HMC18_BREAST	COC1=C(C=C2C(=C1)N=CN=C2NC3=CC(=C(C=C3)F)Cl)OCCCN4CCOCC4	0.5870422452195521
HMVII_SKIN	COC1=C(C=C2C(=C1)N=CN=C2NC3=CC(=C(C=C3)F)Cl)OCCCN4CCOCC4	0.8864858925598514
HN_UPPER_AERODIGESTIVE_TRACT	COC1=C(C=C2C(=C1)N=CN=C2NC3=CC(=C(C=C3)F)Cl)OCCCN4CCOCC4	0.6949862509759215
HO1N1_UPPER_AERODIGESTIVE_TRACT	COC1=C(C=C2C(=C1)N=CN=C2NC3=CC(=C(C=C3)F)Cl)OCCCN4CCOCC4	0.742849119511996
HOP62_LUNG	COC1=C(C=C2C(=C1)N=CN=C2NC3=CC(=C(C=C3)F)Cl)OCCCN4CCOCC4	0.8332196692108113
HOP92_LUNG	COC1=C(C=C2C(=C1)N=CN=C2NC3=CC(=C(C=C3)F)Cl)OCCCN4CCOCC4	0.6960709038639955
HPAC_PANCREAS	COC1=C(C=C2C(=C1)N=CN=C2NC3=CC(=C(C=C3)F)Cl)OCCCN4CCOCC4	0.7210712588208682
HPAFII_PANCREAS	COC1=C(C=C2C(=C1)N=CN=C2NC3=CC(=C(C=C3)F)Cl)OCCCN4CCOCC4	0.8668263116444931
HPBALL_HAEMATOPOIETIC_AND_LYMPHOID_TISSUE	COC1=C(C=C2C(=C1)N=CN=C2NC3=CC(=C(C=C3)F)Cl)OCCCN4CCOCC4	0.449454468165702
HS294T_SKIN	COC1=C(C=C2C(=C1)N=CN=C2NC3=CC(=C(C=C3)F)Cl)OCCCN4CCOCC4	0.3183589100427286
HS683_CENTRAL_NERVOUS_SYSTEM	COC1=C(C=C2C(=C1)N=CN=C2NC3=CC(=C(C=C3)F)Cl)OCCCN4CCOCC4	0.6831663176233851
HS766T_PANCREAS	COC1=C(C=C2C(=C1)N=CN=C2NC3=CC(=C(C=C3)F)Cl)OCCCN4CCOCC4	0.7222733177138044
HS822T_FIBROBLAST	COC1=C(C=C2C(=C1)N=CN=C2NC3=CC(=C(C=C3)F)Cl)OCCCN4CCOCC4	0.6081691105033484
HS852T_SKIN	COC1=C(C=C2C(=C1)N=CN=C2NC3=CC(=C(C=C3)F)Cl)OCCCN4CCOCC4	0.7750488382981302
HS888T_FIBROBLAST	COC1=C(C=C2C(=C1)N=CN=C2NC3=CC(=C(C=C3)F)Cl)OCCCN4CCOCC4	0.3061456997939331
HS936T_SKIN	COC1=C(C=C2C(=C1)N=CN=C2NC3=CC(=C(C=C3)F)Cl)OCCCN4CCOCC4	0.520492364920149
HS940T_FIBROBLAST	COC1=C(C=C2C(=C1)N=CN=C2NC3=CC(=C(C=C3)F)Cl)OCCCN4CCOCC4	0.5913758000962236
HS944T_SKIN	COC1=C(C=C2C(=C1)N=CN=C2NC3=CC(=C(C=C3)F)Cl)OCCCN4CCOCC4	0.3820692028546319
HSC39_STOMACH	COC1=C(C=C2C(=C1)N=CN=C2NC3=CC(=C(C=C3)F)Cl)OCCCN4CCOCC4	0.8641633355825323
HSC3_UPPER_AERODIGESTIVE_TRACT	COC1=C(C=C2C(=C1)N=CN=C2NC3=CC(=C(C=C3)F)Cl)OCCCN4CCOCC4	0.6219097643393698
HSC4_UPPER_AERODIGESTIVE_TRACT	COC1=C(C=C2C(=C1)N=CN=C2NC3=CC(=C(C=C3)F)Cl)OCCCN4CCOCC4	0.40963444204237337
HT1080_SOFT_TISSUE	COC1=C(C=C2C(=C1)N=CN=C2NC3=CC(=C(C=C3)F)Cl)OCCCN4CCOCC4	0.7273254553692333
HT115_LARGE_INTESTINE	COC1=C(C=C2C(=C1)N=CN=C2NC3=CC(=C(C=C3)F)Cl)OCCCN4CCOCC4	0.544591042671138
HT1197_URINARY_TRACT	COC1=C(C=C2C(=C1)N=CN=C2NC3=CC(=C(C=C3)F)Cl)OCCCN4CCOCC4	0.8490895540999818
HT1376_URINARY_TRACT	COC1=C(C=C2C(=C1)N=CN=C2NC3=CC(=C(C=C3)F)Cl)OCCCN4CCOCC4	0.6304432553097742
HT29_LARGE_INTESTINE	COC1=C(C=C2C(=C1)N=CN=C2NC3=CC(=C(C=C3)F)Cl)OCCCN4CCOCC4	0.857383095226754
HT3_CERVIX	COC1=C(C=C2C(=C1)N=CN=C2NC3=CC(=C(C=C3)F)Cl)OCCCN4CCOCC4	0.839970343540711
HT55_LARGE_INTESTINE	COC1=C(C=C2C(=C1)N=CN=C2NC3=CC(=C(C=C3)F)Cl)OCCCN4CCOCC4	0.7011026522386054
HTCC3_THYROID	COC1=C(C=C2C(=C1)N=CN=C2NC3=CC(=C(C=C3)F)Cl)OCCCN4CCOCC4	0.7948208140868562
HT_HAEMATOPOIETIC_AND_LYMPHOID_TISSUE	COC1=C(C=C2C(=C1)N=CN=C2NC3=CC(=C(C=C3)F)Cl)OCCCN4CCOCC4	0.5085370121833429
HUCCT1_BILIARY_TRACT	COC1=C(C=C2C(=C1)N=CN=C2NC3=CC(=C(C=C3)F)Cl)OCCCN4CCOCC4	0.6110538318167235
HUG1N_STOMACH	COC1=C(C=C2C(=C1)N=CN=C2NC3=CC(=C(C=C3)F)Cl)OCCCN4CCOCC4	0.4570238075396223
HUH1_LIVER	COC1=C(C=C2C(=C1)N=CN=C2NC3=CC(=C(C=C3)F)Cl)OCCCN4CCOCC4	0.7591800214335618
HUH28_BILIARY_TRACT	COC1=C(C=C2C(=C1)N=CN=C2NC3=CC(=C(C=C3)F)Cl)OCCCN4CCOCC4	0.4922219255712466
HUH6_LIVER	COC1=C(C=C2C(=C1)N=CN=C2NC3=CC(=C(C=C3)F)Cl)OCCCN4CCOCC4	0.2398314668626321
HUO3N1_BONE	COC1=C(C=C2C(=C1)N=CN=C2NC3=CC(=C(C=C3)F)Cl)OCCCN4CCOCC4	0.8254384420750502
HUO9_BONE	COC1=C(C=C2C(=C1)N=CN=C2NC3=CC(=C(C=C3)F)Cl)OCCCN4CCOCC4	1.0043914918575498
HUPT4_PANCREAS	COC1=C(C=C2C(=C1)N=CN=C2NC3=CC(=C(C=C3)F)Cl)OCCCN4CCOCC4	0.5901734821070823
HUT78_HAEMATOPOIETIC_AND_LYMPHOID_TISSUE	COC1=C(C=C2C(=C1)N=CN=C2NC3=CC(=C(C=C3)F)Cl)OCCCN4CCOCC4	0.4699312360223037
HUTU80_SMALL_INTESTINE	COC1=C(C=C2C(=C1)N=CN=C2NC3=CC(=C(C=C3)F)Cl)OCCCN4CCOCC4	1.0367337354246162
IGR1_SKIN	COC1=C(C=C2C(=C1)N=CN=C2NC3=CC(=C(C=C3)F)Cl)OCCCN4CCOCC4	0.7762613050994623
IGR37_SKIN	COC1=C(C=C2C(=C1)N=CN=C2NC3=CC(=C(C=C3)F)Cl)OCCCN4CCOCC4	0.7013634201762131
IGR39_SKIN	COC1=C(C=C2C(=C1)N=CN=C2NC3=CC(=C(C=C3)F)Cl)OCCCN4CCOCC4	0.4855793781629746
IHH4_THYROID	COC1=C(C=C2C(=C1)N=CN=C2NC3=CC(=C(C=C3)F)Cl)OCCCN4CCOCC4	1.031169555088884
IM95_STOMACH	COC1=C(C=C2C(=C1)N=CN=C2NC3=CC(=C(C=C3)F)Cl)OCCCN4CCOCC4	0.6702035990678312
IM9_HAEMATOPOIETIC_AND_LYMPHOID_TISSUE	COC1=C(C=C2C(=C1)N=CN=C2NC3=CC(=C(C=C3)F)Cl)OCCCN4CCOCC4	1.0719788271660853
IPC298_SKIN	COC1=C(C=C2C(=C1)N=CN=C2NC3=CC(=C(C=C3)F)Cl)OCCCN4CCOCC4	0.6493817917171731
ISTMEL1_SKIN	COC1=C(C=C2C(=C1)N=CN=C2NC3=CC(=C(C=C3)F)Cl)OCCCN4CCOCC4	1.0646984243981588
ISTMES1_PLEURA	COC1=C(C=C2C(=C1)N=CN=C2NC3=CC(=C(C=C3)F)Cl)OCCCN4CCOCC4	0.7934203235351708
ISTSL1_LUNG	COC1=C(C=C2C(=C1)N=CN=C2NC3=CC(=C(C=C3)F)Cl)OCCCN4CCOCC4	1.006144524366945
ISTSL2_LUNG	COC1=C(C=C2C(=C1)N=CN=C2NC3=CC(=C(C=C3)F)Cl)OCCCN4CCOCC4	0.921303075273461
JAR_PLACENTA	COC1=C(C=C2C(=C1)N=CN=C2NC3=CC(=C(C=C3)F)Cl)OCCCN4CCOCC4	0.7683502991506664
JEG3_PLACENTA	COC1=C(C=C2C(=C1)N=CN=C2NC3=CC(=C(C=C3)F)Cl)OCCCN4CCOCC4	0.9990681651316796
JHH5_LIVER	COC1=C(C=C2C(=C1)N=CN=C2NC3=CC(=C(C=C3)F)Cl)OCCCN4CCOCC4	0.2165726277311433
JHH6_LIVER	COC1=C(C=C2C(=C1)N=CN=C2NC3=CC(=C(C=C3)F)Cl)OCCCN4CCOCC4	1.0262563250140009
JHH7_LIVER	COC1=C(C=C2C(=C1)N=CN=C2NC3=CC(=C(C=C3)F)Cl)OCCCN4CCOCC4	1.1117134370025492
JHOM1_OVARY	COC1=C(C=C2C(=C1)N=CN=C2NC3=CC(=C(C=C3)F)Cl)OCCCN4CCOCC4	1.0774621723385558
JHOS2_OVARY	COC1=C(C=C2C(=C1)N=CN=C2NC3=CC(=C(C=C3)F)Cl)OCCCN4CCOCC4	0.622360469699641
JHOS3_OVARY	COC1=C(C=C2C(=C1)N=CN=C2NC3=CC(=C(C=C3)F)Cl)OCCCN4CCOCC4	0.937996645178116
JHOS4_OVARY	COC1=C(C=C2C(=C1)N=CN=C2NC3=CC(=C(C=C3)F)Cl)OCCCN4CCOCC4	1.0864471110465794
JHU011_UPPER_AERODIGESTIVE_TRACT	COC1=C(C=C2C(=C1)N=CN=C2NC3=CC(=C(C=C3)F)Cl)OCCCN4CCOCC4	0.4954979386475269
JHU022_UPPER_AERODIGESTIVE_TRACT	COC1=C(C=C2C(=C1)N=CN=C2NC3=CC(=C(C=C3)F)Cl)OCCCN4CCOCC4	0.5192577184179193
JHU029_UPPER_AERODIGESTIVE_TRACT	COC1=C(C=C2C(=C1)N=CN=C2NC3=CC(=C(C=C3)F)Cl)OCCCN4CCOCC4	0.5366094377340191
JHUEM1_ENDOMETRIUM	COC1=C(C=C2C(=C1)N=CN=C2NC3=CC(=C(C=C3)F)Cl)OCCCN4CCOCC4	0.2404572032485832
JHUEM3_ENDOMETRIUM	COC1=C(C=C2C(=C1)N=CN=C2NC3=CC(=C(C=C3)F)Cl)OCCCN4CCOCC4	0.2714066123215854
JIMT1_BREAST	COC1=C(C=C2C(=C1)N=CN=C2NC3=CC(=C(C=C3)F)Cl)OCCCN4CCOCC4	0.6963498548793182
JK1_HAEMATOPOIETIC_AND_LYMPHOID_TISSUE	COC1=C(C=C2C(=C1)N=CN=C2NC3=CC(=C(C=C3)F)Cl)OCCCN4CCOCC4	0.2041367895239249
JL1_PLEURA	COC1=C(C=C2C(=C1)N=CN=C2NC3=CC(=C(C=C3)F)Cl)OCCCN4CCOCC4	0.7863819631655504
JM1_HAEMATOPOIETIC_AND_LYMPHOID_TISSUE	COC1=C(C=C2C(=C1)N=CN=C2NC3=CC(=C(C=C3)F)Cl)OCCCN4CCOCC4	0.6098311538087949
JMSU1_URINARY_TRACT	COC1=C(C=C2C(=C1)N=CN=C2NC3=CC(=C(C=C3)F)Cl)OCCCN4CCOCC4	0.2127303959210885
JSC1_HAEMATOPOIETIC_AND_LYMPHOID_TISSUE	COC1=C(C=C2C(=C1)N=CN=C2NC3=CC(=C(C=C3)F)Cl)OCCCN4CCOCC4	0.872944206244461
JURKAT_HAEMATOPOIETIC_AND_LYMPHOID_TISSUE	COC1=C(C=C2C(=C1)N=CN=C2NC3=CC(=C(C=C3)F)Cl)OCCCN4CCOCC4	0.7873854882929917
JVM2_HAEMATOPOIETIC_AND_LYMPHOID_TISSUE	COC1=C(C=C2C(=C1)N=CN=C2NC3=CC(=C(C=C3)F)Cl)OCCCN4CCOCC4	0.875682667623251
JVM3_HAEMATOPOIETIC_AND_LYMPHOID_TISSUE	COC1=C(C=C2C(=C1)N=CN=C2NC3=CC(=C(C=C3)F)Cl)OCCCN4CCOCC4	0.6791923049932821
K029AX_SKIN	COC1=C(C=C2C(=C1)N=CN=C2NC3=CC(=C(C=C3)F)Cl)OCCCN4CCOCC4	0.5959916207042849
K5_THYROID	COC1=C(C=C2C(=C1)N=CN=C2NC3=CC(=C(C=C3)F)Cl)OCCCN4CCOCC4	0.8581630615509552
KARPAS1106P_HAEMATOPOIETIC_AND_LYMPHOID_TISSUE	COC1=C(C=C2C(=C1)N=CN=C2NC3=CC(=C(C=C3)F)Cl)OCCCN4CCOCC4	0.9687712058312468
KARPAS231_HAEMATOPOIETIC_AND_LYMPHOID_TISSUE	COC1=C(C=C2C(=C1)N=CN=C2NC3=CC(=C(C=C3)F)Cl)OCCCN4CCOCC4	0.9019080303341886
KARPAS299_HAEMATOPOIETIC_AND_LYMPHOID_TISSUE	COC1=C(C=C2C(=C1)N=CN=C2NC3=CC(=C(C=C3)F)Cl)OCCCN4CCOCC4	0.7841195500229857
KARPAS422_HAEMATOPOIETIC_AND_LYMPHOID_TISSUE	COC1=C(C=C2C(=C1)N=CN=C2NC3=CC(=C(C=C3)F)Cl)OCCCN4CCOCC4	0.7559074719581794
KARPAS45_HAEMATOPOIETIC_AND_LYMPHOID_TISSUE	COC1=C(C=C2C(=C1)N=CN=C2NC3=CC(=C(C=C3)F)Cl)OCCCN4CCOCC4	0.8570712011360011
KASUMI1_HAEMATOPOIETIC_AND_LYMPHOID_TISSUE	COC1=C(C=C2C(=C1)N=CN=C2NC3=CC(=C(C=C3)F)Cl)OCCCN4CCOCC4	0.6398929351635742
KATOIII_STOMACH	COC1=C(C=C2C(=C1)N=CN=C2NC3=CC(=C(C=C3)F)Cl)OCCCN4CCOCC4	0.7684630703956664
KCL22_HAEMATOPOIETIC_AND_LYMPHOID_TISSUE	COC1=C(C=C2C(=C1)N=CN=C2NC3=CC(=C(C=C3)F)Cl)OCCCN4CCOCC4	0.7722607480907663
KE37_HAEMATOPOIETIC_AND_LYMPHOID_TISSUE	COC1=C(C=C2C(=C1)N=CN=C2NC3=CC(=C(C=C3)F)Cl)OCCCN4CCOCC4	0.6348728883090288
KE39_STOMACH	COC1=C(C=C2C(=C1)N=CN=C2NC3=CC(=C(C=C3)F)Cl)OCCCN4CCOCC4	0.2482443783563851
KE97_STOMACH	COC1=C(C=C2C(=C1)N=CN=C2NC3=CC(=C(C=C3)F)Cl)OCCCN4CCOCC4	0.3553130886720407
KELLY_AUTONOMIC_GANGLIA	COC1=C(C=C2C(=C1)N=CN=C2NC3=CC(=C(C=C3)F)Cl)OCCCN4CCOCC4	0.7310095716913448
KGN_OVARY	COC1=C(C=C2C(=C1)N=CN=C2NC3=CC(=C(C=C3)F)Cl)OCCCN4CCOCC4	0.9598520731016505
KHM1B_HAEMATOPOIETIC_AND_LYMPHOID_TISSUE	COC1=C(C=C2C(=C1)N=CN=C2NC3=CC(=C(C=C3)F)Cl)OCCCN4CCOCC4	0.6072411610200309
KIJK_HAEMATOPOIETIC_AND_LYMPHOID_TISSUE	COC1=C(C=C2C(=C1)N=CN=C2NC3=CC(=C(C=C3)F)Cl)OCCCN4CCOCC4	0.5105444703627382
KINGS1_CENTRAL_NERVOUS_SYSTEM	COC1=C(C=C2C(=C1)N=CN=C2NC3=CC(=C(C=C3)F)Cl)OCCCN4CCOCC4	0.977404633504322
KLE_ENDOMETRIUM	COC1=C(C=C2C(=C1)N=CN=C2NC3=CC(=C(C=C3)F)Cl)OCCCN4CCOCC4	0.8517220716303197
KMH2_HAEMATOPOIETIC_AND_LYMPHOID_TISSUE	COC1=C(C=C2C(=C1)N=CN=C2NC3=CC(=C(C=C3)F)Cl)OCCCN4CCOCC4	0.768051533543197
KMH2_THYROID	COC1=C(C=C2C(=C1)N=CN=C2NC3=CC(=C(C=C3)F)Cl)OCCCN4CCOCC4	1.0149148532262011
KMM1_HAEMATOPOIETIC_AND_LYMPHOID_TISSUE	COC1=C(C=C2C(=C1)N=CN=C2NC3=CC(=C(C=C3)F)Cl)OCCCN4CCOCC4	1.1110357056274431
KMOE2_HAEMATOPOIETIC_AND_LYMPHOID_TISSUE	COC1=C(C=C2C(=C1)N=CN=C2NC3=CC(=C(C=C3)F)Cl)OCCCN4CCOCC4	0.8574453967026483
KMRC20_KIDNEY	COC1=C(C=C2C(=C1)N=CN=C2NC3=CC(=C(C=C3)F)Cl)OCCCN4CCOCC4	0.6281402091718712
KMRC2_KIDNEY	COC1=C(C=C2C(=C1)N=CN=C2NC3=CC(=C(C=C3)F)Cl)OCCCN4CCOCC4	0.4261200428043273
KMRC3_KIDNEY	COC1=C(C=C2C(=C1)N=CN=C2NC3=CC(=C(C=C3)F)Cl)OCCCN4CCOCC4	0.1413278561471559
KMS11_HAEMATOPOIETIC_AND_LYMPHOID_TISSUE	COC1=C(C=C2C(=C1)N=CN=C2NC3=CC(=C(C=C3)F)Cl)OCCCN4CCOCC4	0.4510149552585205
KMS12BM_HAEMATOPOIETIC_AND_LYMPHOID_TISSUE	COC1=C(C=C2C(=C1)N=CN=C2NC3=CC(=C(C=C3)F)Cl)OCCCN4CCOCC4	0.6169924426382645
KMS18_HAEMATOPOIETIC_AND_LYMPHOID_TISSUE	COC1=C(C=C2C(=C1)N=CN=C2NC3=CC(=C(C=C3)F)Cl)OCCCN4CCOCC4	0.2964162142034606
KMS20_HAEMATOPOIETIC_AND_LYMPHOID_TISSUE	COC1=C(C=C2C(=C1)N=CN=C2NC3=CC(=C(C=C3)F)Cl)OCCCN4CCOCC4	0.1189410280614564
KMS21BM_HAEMATOPOIETIC_AND_LYMPHOID_TISSUE	COC1=C(C=C2C(=C1)N=CN=C2NC3=CC(=C(C=C3)F)Cl)OCCCN4CCOCC4	0.1463459887420831
KMS26_HAEMATOPOIETIC_AND_LYMPHOID_TISSUE	COC1=C(C=C2C(=C1)N=CN=C2NC3=CC(=C(C=C3)F)Cl)OCCCN4CCOCC4	0.3716919488469347
KMS27_HAEMATOPOIETIC_AND_LYMPHOID_TISSUE	COC1=C(C=C2C(=C1)N=CN=C2NC3=CC(=C(C=C3)F)Cl)OCCCN4CCOCC4	0.6192940511546153
KMS34_HAEMATOPOIETIC_AND_LYMPHOID_TISSUE	COC1=C(C=C2C(=C1)N=CN=C2NC3=CC(=C(C=C3)F)Cl)OCCCN4CCOCC4	0.1294881003969817
KNS60_CENTRAL_NERVOUS_SYSTEM	COC1=C(C=C2C(=C1)N=CN=C2NC3=CC(=C(C=C3)F)Cl)OCCCN4CCOCC4	0.4509057948725718
KNS81FD_CENTRAL_NERVOUS_SYSTEM	COC1=C(C=C2C(=C1)N=CN=C2NC3=CC(=C(C=C3)F)Cl)OCCCN4CCOCC4	0.873460387347896
KNS81_CENTRAL_NERVOUS_SYSTEM	COC1=C(C=C2C(=C1)N=CN=C2NC3=CC(=C(C=C3)F)Cl)OCCCN4CCOCC4	0.4791761144277099
KO52_HAEMATOPOIETIC_AND_LYMPHOID_TISSUE	COC1=C(C=C2C(=C1)N=CN=C2NC3=CC(=C(C=C3)F)Cl)OCCCN4CCOCC4	0.4703454415285311
KON_UPPER_AERODIGESTIVE_TRACT	COC1=C(C=C2C(=C1)N=CN=C2NC3=CC(=C(C=C3)F)Cl)OCCCN4CCOCC4	0.9559884316697383
KOPN8_HAEMATOPOIETIC_AND_LYMPHOID_TISSUE	COC1=C(C=C2C(=C1)N=CN=C2NC3=CC(=C(C=C3)F)Cl)OCCCN4CCOCC4	1.002438314701367
KOSC2CL343_UPPER_AERODIGESTIVE_TRACT	COC1=C(C=C2C(=C1)N=CN=C2NC3=CC(=C(C=C3)F)Cl)OCCCN4CCOCC4	0.7737215371631629
KP1N_PANCREAS	COC1=C(C=C2C(=C1)N=CN=C2NC3=CC(=C(C=C3)F)Cl)OCCCN4CCOCC4	0.9311152315089342
KP2_PANCREAS	COC1=C(C=C2C(=C1)N=CN=C2NC3=CC(=C(C=C3)F)Cl)OCCCN4CCOCC4	0.8044838960825015
KP3_PANCREAS	COC1=C(C=C2C(=C1)N=CN=C2NC3=CC(=C(C=C3)F)Cl)OCCCN4CCOCC4	0.7831023445779351
KP4_PANCREAS	COC1=C(C=C2C(=C1)N=CN=C2NC3=CC(=C(C=C3)F)Cl)OCCCN4CCOCC4	0.7967436617519867
KPNYN_AUTONOMIC_GANGLIA	COC1=C(C=C2C(=C1)N=CN=C2NC3=CC(=C(C=C3)F)Cl)OCCCN4CCOCC4	0.9519860553647024
KPNYS_AUTONOMIC_GANGLIA	COC1=C(C=C2C(=C1)N=CN=C2NC3=CC(=C(C=C3)F)Cl)OCCCN4CCOCC4	0.7698167494565343
KU812_HAEMATOPOIETIC_AND_LYMPHOID_TISSUE	COC1=C(C=C2C(=C1)N=CN=C2NC3=CC(=C(C=C3)F)Cl)OCCCN4CCOCC4	0.6802781424747408
KURAMOCHI_OVARY	COC1=C(C=C2C(=C1)N=CN=C2NC3=CC(=C(C=C3)F)Cl)OCCCN4CCOCC4	0.7930567185086733
KYAE1_OESOPHAGUS	COC1=C(C=C2C(=C1)N=CN=C2NC3=CC(=C(C=C3)F)Cl)OCCCN4CCOCC4	0.4248403483494808
KYM1_SOFT_TISSUE	COC1=C(C=C2C(=C1)N=CN=C2NC3=CC(=C(C=C3)F)Cl)OCCCN4CCOCC4	0.6833399799706443
KYO1_HAEMATOPOIETIC_AND_LYMPHOID_TISSUE	COC1=C(C=C2C(=C1)N=CN=C2NC3=CC(=C(C=C3)F)Cl)OCCCN4CCOCC4	0.2549774137095063
KYSE140_OESOPHAGUS	COC1=C(C=C2C(=C1)N=CN=C2NC3=CC(=C(C=C3)F)Cl)OCCCN4CCOCC4	0.5043934200460275
KYSE150_OESOPHAGUS	COC1=C(C=C2C(=C1)N=CN=C2NC3=CC(=C(C=C3)F)Cl)OCCCN4CCOCC4	0.7196999198442655
KYSE180_OESOPHAGUS	COC1=C(C=C2C(=C1)N=CN=C2NC3=CC(=C(C=C3)F)Cl)OCCCN4CCOCC4	0.5979384539480282
KYSE220_OESOPHAGUS	COC1=C(C=C2C(=C1)N=CN=C2NC3=CC(=C(C=C3)F)Cl)OCCCN4CCOCC4	0.7137172053912241
KYSE450_OESOPHAGUS	COC1=C(C=C2C(=C1)N=CN=C2NC3=CC(=C(C=C3)F)Cl)OCCCN4CCOCC4	0.604340322996915
KYSE50_OESOPHAGUS	COC1=C(C=C2C(=C1)N=CN=C2NC3=CC(=C(C=C3)F)Cl)OCCCN4CCOCC4	0.85103633646226
KYSE510_OESOPHAGUS	COC1=C(C=C2C(=C1)N=CN=C2NC3=CC(=C(C=C3)F)Cl)OCCCN4CCOCC4	0.7195799260531921
KYSE520_OESOPHAGUS	COC1=C(C=C2C(=C1)N=CN=C2NC3=CC(=C(C=C3)F)Cl)OCCCN4CCOCC4	0.6877862900116857
KYSE70_OESOPHAGUS	COC1=C(C=C2C(=C1)N=CN=C2NC3=CC(=C(C=C3)F)Cl)OCCCN4CCOCC4	0.7162808426889891
L33_PANCREAS	COC1=C(C=C2C(=C1)N=CN=C2NC3=CC(=C(C=C3)F)Cl)OCCCN4CCOCC4	0.386944694536198
L363_HAEMATOPOIETIC_AND_LYMPHOID_TISSUE	COC1=C(C=C2C(=C1)N=CN=C2NC3=CC(=C(C=C3)F)Cl)OCCCN4CCOCC4	0.6539818174080098
L540_HAEMATOPOIETIC_AND_LYMPHOID_TISSUE	COC1=C(C=C2C(=C1)N=CN=C2NC3=CC(=C(C=C3)F)Cl)OCCCN4CCOCC4	0.6781053747698312
LAMA84_HAEMATOPOIETIC_AND_LYMPHOID_TISSUE	COC1=C(C=C2C(=C1)N=CN=C2NC3=CC(=C(C=C3)F)Cl)OCCCN4CCOCC4	0.7280907610321918
LB1047RCC_KIDNEY	COC1=C(C=C2C(=C1)N=CN=C2NC3=CC(=C(C=C3)F)Cl)OCCCN4CCOCC4	0.6020177104521012
LB2241RCC_KIDNEY	COC1=C(C=C2C(=C1)N=CN=C2NC3=CC(=C(C=C3)F)Cl)OCCCN4CCOCC4	0.4708656078664531
LC1F_LUNG	COC1=C(C=C2C(=C1)N=CN=C2NC3=CC(=C(C=C3)F)Cl)OCCCN4CCOCC4	0.3234545525621988
LC1SQSF_LUNG	COC1=C(C=C2C(=C1)N=CN=C2NC3=CC(=C(C=C3)F)Cl)OCCCN4CCOCC4	0.6426153709203308
LC1SQ_LUNG	COC1=C(C=C2C(=C1)N=CN=C2NC3=CC(=C(C=C3)F)Cl)OCCCN4CCOCC4	0.6814556821217419
LC2AD_LUNG	COC1=C(C=C2C(=C1)N=CN=C2NC3=CC(=C(C=C3)F)Cl)OCCCN4CCOCC4	1.143848282000953
LCLC103H_LUNG	COC1=C(C=C2C(=C1)N=CN=C2NC3=CC(=C(C=C3)F)Cl)OCCCN4CCOCC4	0.9016134535192798
LCLC97TM1_LUNG	COC1=C(C=C2C(=C1)N=CN=C2NC3=CC(=C(C=C3)F)Cl)OCCCN4CCOCC4	0.751723688437591
LI7_LIVER	COC1=C(C=C2C(=C1)N=CN=C2NC3=CC(=C(C=C3)F)Cl)OCCCN4CCOCC4	0.3415536807933573
LK2_LUNG	COC1=C(C=C2C(=C1)N=CN=C2NC3=CC(=C(C=C3)F)Cl)OCCCN4CCOCC4	0.9002050931146068
LMSU_STOMACH	COC1=C(C=C2C(=C1)N=CN=C2NC3=CC(=C(C=C3)F)Cl)OCCCN4CCOCC4	0.5644851927331132
LN18_CENTRAL_NERVOUS_SYSTEM	COC1=C(C=C2C(=C1)N=CN=C2NC3=CC(=C(C=C3)F)Cl)OCCCN4CCOCC4	0.9644689999750932
LN405_CENTRAL_NERVOUS_SYSTEM	COC1=C(C=C2C(=C1)N=CN=C2NC3=CC(=C(C=C3)F)Cl)OCCCN4CCOCC4	0.9025272099032695
LNCAPCLONEFGC_PROSTATE	COC1=C(C=C2C(=C1)N=CN=C2NC3=CC(=C(C=C3)F)Cl)OCCCN4CCOCC4	0.9033911227924117
LOUCY_HAEMATOPOIETIC_AND_LYMPHOID_TISSUE	COC1=C(C=C2C(=C1)N=CN=C2NC3=CC(=C(C=C3)F)Cl)OCCCN4CCOCC4	0.9485546799219917
LOUNH91_LUNG	COC1=C(C=C2C(=C1)N=CN=C2NC3=CC(=C(C=C3)F)Cl)OCCCN4CCOCC4	0.6010100733116558
LS1034_LARGE_INTESTINE	COC1=C(C=C2C(=C1)N=CN=C2NC3=CC(=C(C=C3)F)Cl)OCCCN4CCOCC4	0.7576079737002895
LS123_LARGE_INTESTINE	COC1=C(C=C2C(=C1)N=CN=C2NC3=CC(=C(C=C3)F)Cl)OCCCN4CCOCC4	0.7648295642106265
LS411N_LARGE_INTESTINE	COC1=C(C=C2C(=C1)N=CN=C2NC3=CC(=C(C=C3)F)Cl)OCCCN4CCOCC4	0.7461702743484081
LU134A_LUNG	COC1=C(C=C2C(=C1)N=CN=C2NC3=CC(=C(C=C3)F)Cl)OCCCN4CCOCC4	0.7787109565624158
LU139_LUNG	COC1=C(C=C2C(=C1)N=CN=C2NC3=CC(=C(C=C3)F)Cl)OCCCN4CCOCC4	0.7978080175815199
LU165_LUNG	COC1=C(C=C2C(=C1)N=CN=C2NC3=CC(=C(C=C3)F)Cl)OCCCN4CCOCC4	0.9488276008411178
LU65_LUNG	COC1=C(C=C2C(=C1)N=CN=C2NC3=CC(=C(C=C3)F)Cl)OCCCN4CCOCC4	0.5956347079734408
LUDLU1_LUNG	COC1=C(C=C2C(=C1)N=CN=C2NC3=CC(=C(C=C3)F)Cl)OCCCN4CCOCC4	0.2688917497499923
LXF289_LUNG	COC1=C(C=C2C(=C1)N=CN=C2NC3=CC(=C(C=C3)F)Cl)OCCCN4CCOCC4	0.765708471156238
M059K_CENTRAL_NERVOUS_SYSTEM	COC1=C(C=C2C(=C1)N=CN=C2NC3=CC(=C(C=C3)F)Cl)OCCCN4CCOCC4	0.562230260007879
M14_SKIN	COC1=C(C=C2C(=C1)N=CN=C2NC3=CC(=C(C=C3)F)Cl)OCCCN4CCOCC4	0.9593829223247636
MALME3M_SKIN	COC1=C(C=C2C(=C1)N=CN=C2NC3=CC(=C(C=C3)F)Cl)OCCCN4CCOCC4	0.1807507629019061
MC116_HAEMATOPOIETIC_AND_LYMPHOID_TISSUE	COC1=C(C=C2C(=C1)N=CN=C2NC3=CC(=C(C=C3)F)Cl)OCCCN4CCOCC4	1.0049944880309738
MCAS_OVARY	COC1=C(C=C2C(=C1)N=CN=C2NC3=CC(=C(C=C3)F)Cl)OCCCN4CCOCC4	0.2543136097305978
MCCAR_HAEMATOPOIETIC_AND_LYMPHOID_TISSUE	COC1=C(C=C2C(=C1)N=CN=C2NC3=CC(=C(C=C3)F)Cl)OCCCN4CCOCC4	0.9569775126956437
MCF7_BREAST	COC1=C(C=C2C(=C1)N=CN=C2NC3=CC(=C(C=C3)F)Cl)OCCCN4CCOCC4	0.8252039796127232
MDAMB157_BREAST	COC1=C(C=C2C(=C1)N=CN=C2NC3=CC(=C(C=C3)F)Cl)OCCCN4CCOCC4	0.9074539735447006
MDAMB175VII_BREAST	COC1=C(C=C2C(=C1)N=CN=C2NC3=CC(=C(C=C3)F)Cl)OCCCN4CCOCC4	0.5538361581453143
MDAMB231_BREAST	COC1=C(C=C2C(=C1)N=CN=C2NC3=CC(=C(C=C3)F)Cl)OCCCN4CCOCC4	0.7719743420805519
MDAMB330_BREAST	COC1=C(C=C2C(=C1)N=CN=C2NC3=CC(=C(C=C3)F)Cl)OCCCN4CCOCC4	0.8993111843478528
MDAMB361_BREAST	COC1=C(C=C2C(=C1)N=CN=C2NC3=CC(=C(C=C3)F)Cl)OCCCN4CCOCC4	0.6751703234398508
MDAMB415_BREAST	COC1=C(C=C2C(=C1)N=CN=C2NC3=CC(=C(C=C3)F)Cl)OCCCN4CCOCC4	0.7321828313979667
MDAMB453_BREAST	COC1=C(C=C2C(=C1)N=CN=C2NC3=CC(=C(C=C3)F)Cl)OCCCN4CCOCC4	0.716108560104051
MDAMB468_BREAST	COC1=C(C=C2C(=C1)N=CN=C2NC3=CC(=C(C=C3)F)Cl)OCCCN4CCOCC4	0.5509050786255637
MDST8_LARGE_INTESTINE	COC1=C(C=C2C(=C1)N=CN=C2NC3=CC(=C(C=C3)F)Cl)OCCCN4CCOCC4	0.9324071698113595
ME1_HAEMATOPOIETIC_AND_LYMPHOID_TISSUE	COC1=C(C=C2C(=C1)N=CN=C2NC3=CC(=C(C=C3)F)Cl)OCCCN4CCOCC4	0.7988341797792003
MEG01_HAEMATOPOIETIC_AND_LYMPHOID_TISSUE	COC1=C(C=C2C(=C1)N=CN=C2NC3=CC(=C(C=C3)F)Cl)OCCCN4CCOCC4	0.8635288717671299
MELJUSO_SKIN	COC1=C(C=C2C(=C1)N=CN=C2NC3=CC(=C(C=C3)F)Cl)OCCCN4CCOCC4	0.7436087015126115
MESSA_SOFT_TISSUE	COC1=C(C=C2C(=C1)N=CN=C2NC3=CC(=C(C=C3)F)Cl)OCCCN4CCOCC4	0.8647063451712508
MEWO_SKIN	COC1=C(C=C2C(=C1)N=CN=C2NC3=CC(=C(C=C3)F)Cl)OCCCN4CCOCC4	0.6781618823989022
MFE280_ENDOMETRIUM	COC1=C(C=C2C(=C1)N=CN=C2NC3=CC(=C(C=C3)F)Cl)OCCCN4CCOCC4	1.0551908079281067
MFE296_ENDOMETRIUM	COC1=C(C=C2C(=C1)N=CN=C2NC3=CC(=C(C=C3)F)Cl)OCCCN4CCOCC4	0.7641266887672252
MFE319_ENDOMETRIUM	COC1=C(C=C2C(=C1)N=CN=C2NC3=CC(=C(C=C3)F)Cl)OCCCN4CCOCC4	0.6872915837607826
MFM223_BREAST	COC1=C(C=C2C(=C1)N=CN=C2NC3=CC(=C(C=C3)F)Cl)OCCCN4CCOCC4	1.0294878354741421
MHHCALL2_HAEMATOPOIETIC_AND_LYMPHOID_TISSUE	COC1=C(C=C2C(=C1)N=CN=C2NC3=CC(=C(C=C3)F)Cl)OCCCN4CCOCC4	0.8494718745498722
MHHCALL3_HAEMATOPOIETIC_AND_LYMPHOID_TISSUE	COC1=C(C=C2C(=C1)N=CN=C2NC3=CC(=C(C=C3)F)Cl)OCCCN4CCOCC4	0.5666509265432286
MHHCALL4_HAEMATOPOIETIC_AND_LYMPHOID_TISSUE	COC1=C(C=C2C(=C1)N=CN=C2NC3=CC(=C(C=C3)F)Cl)OCCCN4CCOCC4	0.4347714561047304
MHHES1_BONE	COC1=C(C=C2C(=C1)N=CN=C2NC3=CC(=C(C=C3)F)Cl)OCCCN4CCOCC4	0.8130671284336075
MHHNB11_AUTONOMIC_GANGLIA	COC1=C(C=C2C(=C1)N=CN=C2NC3=CC(=C(C=C3)F)Cl)OCCCN4CCOCC4	0.6311374507533307
MHHPREB1_HAEMATOPOIETIC_AND_LYMPHOID_TISSUE	COC1=C(C=C2C(=C1)N=CN=C2NC3=CC(=C(C=C3)F)Cl)OCCCN4CCOCC4	0.8960777082774258
MKN1_STOMACH	COC1=C(C=C2C(=C1)N=CN=C2NC3=CC(=C(C=C3)F)Cl)OCCCN4CCOCC4	0.8115024247798793
MKN28_STOMACH	COC1=C(C=C2C(=C1)N=CN=C2NC3=CC(=C(C=C3)F)Cl)OCCCN4CCOCC4	0.951996004171946
MKN74_STOMACH	COC1=C(C=C2C(=C1)N=CN=C2NC3=CC(=C(C=C3)F)Cl)OCCCN4CCOCC4	0.4674048683293432
ML1_THYROID	COC1=C(C=C2C(=C1)N=CN=C2NC3=CC(=C(C=C3)F)Cl)OCCCN4CCOCC4	0.5515873811443375
ML2_HAEMATOPOIETIC_AND_LYMPHOID_TISSUE	COC1=C(C=C2C(=C1)N=CN=C2NC3=CC(=C(C=C3)F)Cl)OCCCN4CCOCC4	0.8501774797655229
MLMA_HAEMATOPOIETIC_AND_LYMPHOID_TISSUE	COC1=C(C=C2C(=C1)N=CN=C2NC3=CC(=C(C=C3)F)Cl)OCCCN4CCOCC4	0.9057978776727391
MM1S_HAEMATOPOIETIC_AND_LYMPHOID_TISSUE	COC1=C(C=C2C(=C1)N=CN=C2NC3=CC(=C(C=C3)F)Cl)OCCCN4CCOCC4	0.773101741296735
MMACSF_SKIN	COC1=C(C=C2C(=C1)N=CN=C2NC3=CC(=C(C=C3)F)Cl)OCCCN4CCOCC4	0.9127762494432315
MN60_HAEMATOPOIETIC_AND_LYMPHOID_TISSUE	COC1=C(C=C2C(=C1)N=CN=C2NC3=CC(=C(C=C3)F)Cl)OCCCN4CCOCC4	0.8981021056804994
MOGGCCM_CENTRAL_NERVOUS_SYSTEM	COC1=C(C=C2C(=C1)N=CN=C2NC3=CC(=C(C=C3)F)Cl)OCCCN4CCOCC4	0.9003432700195311
MOLM13_HAEMATOPOIETIC_AND_LYMPHOID_TISSUE	COC1=C(C=C2C(=C1)N=CN=C2NC3=CC(=C(C=C3)F)Cl)OCCCN4CCOCC4	0.5322447027586065
MOLM6_HAEMATOPOIETIC_AND_LYMPHOID_TISSUE	COC1=C(C=C2C(=C1)N=CN=C2NC3=CC(=C(C=C3)F)Cl)OCCCN4CCOCC4	0.2976128398587835
MOLP2_HAEMATOPOIETIC_AND_LYMPHOID_TISSUE	COC1=C(C=C2C(=C1)N=CN=C2NC3=CC(=C(C=C3)F)Cl)OCCCN4CCOCC4	0.4933789652716749
MOLT16_HAEMATOPOIETIC_AND_LYMPHOID_TISSUE	COC1=C(C=C2C(=C1)N=CN=C2NC3=CC(=C(C=C3)F)Cl)OCCCN4CCOCC4	0.6593809873384521
MOLT3_HAEMATOPOIETIC_AND_LYMPHOID_TISSUE	COC1=C(C=C2C(=C1)N=CN=C2NC3=CC(=C(C=C3)F)Cl)OCCCN4CCOCC4	0.2543063403436468
MOLT4_HAEMATOPOIETIC_AND_LYMPHOID_TISSUE	COC1=C(C=C2C(=C1)N=CN=C2NC3=CC(=C(C=C3)F)Cl)OCCCN4CCOCC4	0.9309413886158069
MONOMAC1_HAEMATOPOIETIC_AND_LYMPHOID_TISSUE	COC1=C(C=C2C(=C1)N=CN=C2NC3=CC(=C(C=C3)F)Cl)OCCCN4CCOCC4	0.208287321282463
MONOMAC6_HAEMATOPOIETIC_AND_LYMPHOID_TISSUE	COC1=C(C=C2C(=C1)N=CN=C2NC3=CC(=C(C=C3)F)Cl)OCCCN4CCOCC4	0.6184156897323493
MORCPR_LUNG	COC1=C(C=C2C(=C1)N=CN=C2NC3=CC(=C(C=C3)F)Cl)OCCCN4CCOCC4	0.553386984681354
MOTN1_HAEMATOPOIETIC_AND_LYMPHOID_TISSUE	COC1=C(C=C2C(=C1)N=CN=C2NC3=CC(=C(C=C3)F)Cl)OCCCN4CCOCC4	0.32570922755235
MPP89_PLEURA	COC1=C(C=C2C(=C1)N=CN=C2NC3=CC(=C(C=C3)F)Cl)OCCCN4CCOCC4	0.8521404527515067
MS751_CERVIX	COC1=C(C=C2C(=C1)N=CN=C2NC3=CC(=C(C=C3)F)Cl)OCCCN4CCOCC4	0.8770833788971641
MV411_HAEMATOPOIETIC_AND_LYMPHOID_TISSUE	COC1=C(C=C2C(=C1)N=CN=C2NC3=CC(=C(C=C3)F)Cl)OCCCN4CCOCC4	0.5947139419879378
MYM12_HAEMATOPOIETIC_AND_LYMPHOID_TISSUE	COC1=C(C=C2C(=C1)N=CN=C2NC3=CC(=C(C=C3)F)Cl)OCCCN4CCOCC4	0.9152271853362376
MZ1PC_PANCREAS	COC1=C(C=C2C(=C1)N=CN=C2NC3=CC(=C(C=C3)F)Cl)OCCCN4CCOCC4	1.0424922238198369
MZ2MEL_SKIN	COC1=C(C=C2C(=C1)N=CN=C2NC3=CC(=C(C=C3)F)Cl)OCCCN4CCOCC4	0.9343826893273164
MZ7MEL_SKIN	COC1=C(C=C2C(=C1)N=CN=C2NC3=CC(=C(C=C3)F)Cl)OCCCN4CCOCC4	0.967610112906048
NALM6_HAEMATOPOIETIC_AND_LYMPHOID_TISSUE	COC1=C(C=C2C(=C1)N=CN=C2NC3=CC(=C(C=C3)F)Cl)OCCCN4CCOCC4	0.6894531897469712
NAMALWA_HAEMATOPOIETIC_AND_LYMPHOID_TISSUE	COC1=C(C=C2C(=C1)N=CN=C2NC3=CC(=C(C=C3)F)Cl)OCCCN4CCOCC4	0.7533293175827348
NB10_AUTONOMIC_GANGLIA	COC1=C(C=C2C(=C1)N=CN=C2NC3=CC(=C(C=C3)F)Cl)OCCCN4CCOCC4	0.8621363626683982
NB12_AUTONOMIC_GANGLIA	COC1=C(C=C2C(=C1)N=CN=C2NC3=CC(=C(C=C3)F)Cl)OCCCN4CCOCC4	0.9354620929080601
NB13_AUTONOMIC_GANGLIA	COC1=C(C=C2C(=C1)N=CN=C2NC3=CC(=C(C=C3)F)Cl)OCCCN4CCOCC4	1.0293351641885822
NB14_AUTONOMIC_GANGLIA	COC1=C(C=C2C(=C1)N=CN=C2NC3=CC(=C(C=C3)F)Cl)OCCCN4CCOCC4	0.9483790192010813
NB17_AUTONOMIC_GANGLIA	COC1=C(C=C2C(=C1)N=CN=C2NC3=CC(=C(C=C3)F)Cl)OCCCN4CCOCC4	1.2557270929000992
NB5_AUTONOMIC_GANGLIA	COC1=C(C=C2C(=C1)N=CN=C2NC3=CC(=C(C=C3)F)Cl)OCCCN4CCOCC4	0.794752625324641
NB69_AUTONOMIC_GANGLIA	COC1=C(C=C2C(=C1)N=CN=C2NC3=CC(=C(C=C3)F)Cl)OCCCN4CCOCC4	0.6551316579397566
NB6_AUTONOMIC_GANGLIA	COC1=C(C=C2C(=C1)N=CN=C2NC3=CC(=C(C=C3)F)Cl)OCCCN4CCOCC4	1.176040932157997
NBTU110_AUTONOMIC_GANGLIA	COC1=C(C=C2C(=C1)N=CN=C2NC3=CC(=C(C=C3)F)Cl)OCCCN4CCOCC4	0.8274099834736949
NCC021_KIDNEY	COC1=C(C=C2C(=C1)N=CN=C2NC3=CC(=C(C=C3)F)Cl)OCCCN4CCOCC4	0.9564744919189808
NCCSTCK140_STOMACH	COC1=C(C=C2C(=C1)N=CN=C2NC3=CC(=C(C=C3)F)Cl)OCCCN4CCOCC4	0.1339685445013485
NCIH1048_LUNG	COC1=C(C=C2C(=C1)N=CN=C2NC3=CC(=C(C=C3)F)Cl)OCCCN4CCOCC4	1.027800168662168
NCIH1092_LUNG	COC1=C(C=C2C(=C1)N=CN=C2NC3=CC(=C(C=C3)F)Cl)OCCCN4CCOCC4	0.8572005716764933
NCIH1105_LUNG	COC1=C(C=C2C(=C1)N=CN=C2NC3=CC(=C(C=C3)F)Cl)OCCCN4CCOCC4	0.8898093794788396
NCIH1155_LUNG	COC1=C(C=C2C(=C1)N=CN=C2NC3=CC(=C(C=C3)F)Cl)OCCCN4CCOCC4	0.6809479319600632
NCIH1184_LUNG	COC1=C(C=C2C(=C1)N=CN=C2NC3=CC(=C(C=C3)F)Cl)OCCCN4CCOCC4	0.5010482673717385
NCIH1304_LUNG	COC1=C(C=C2C(=C1)N=CN=C2NC3=CC(=C(C=C3)F)Cl)OCCCN4CCOCC4	0.7226987212400012
NCIH1339_LUNG	COC1=C(C=C2C(=C1)N=CN=C2NC3=CC(=C(C=C3)F)Cl)OCCCN4CCOCC4	0.7170017833873754
NCIH1373_LUNG	COC1=C(C=C2C(=C1)N=CN=C2NC3=CC(=C(C=C3)F)Cl)OCCCN4CCOCC4	0.2497453107669928
NCIH1395_LUNG	COC1=C(C=C2C(=C1)N=CN=C2NC3=CC(=C(C=C3)F)Cl)OCCCN4CCOCC4	0.4946791251250037
NCIH1417_LUNG	COC1=C(C=C2C(=C1)N=CN=C2NC3=CC(=C(C=C3)F)Cl)OCCCN4CCOCC4	0.9575100263019256
NCIH1437_LUNG	COC1=C(C=C2C(=C1)N=CN=C2NC3=CC(=C(C=C3)F)Cl)OCCCN4CCOCC4	0.9843403976387504
NCIH1563_LUNG	COC1=C(C=C2C(=C1)N=CN=C2NC3=CC(=C(C=C3)F)Cl)OCCCN4CCOCC4	0.7508653826808175
NCIH1568_LUNG	COC1=C(C=C2C(=C1)N=CN=C2NC3=CC(=C(C=C3)F)Cl)OCCCN4CCOCC4	0.5563386791848814
NCIH1581_LUNG	COC1=C(C=C2C(=C1)N=CN=C2NC3=CC(=C(C=C3)F)Cl)OCCCN4CCOCC4	0.739990260425634
NCIH1623_LUNG	COC1=C(C=C2C(=C1)N=CN=C2NC3=CC(=C(C=C3)F)Cl)OCCCN4CCOCC4	0.6851829598627821
NCIH1648_LUNG	COC1=C(C=C2C(=C1)N=CN=C2NC3=CC(=C(C=C3)F)Cl)OCCCN4CCOCC4	0.700271850171293
NCIH1650_LUNG	COC1=C(C=C2C(=C1)N=CN=C2NC3=CC(=C(C=C3)F)Cl)OCCCN4CCOCC4	0.642656718538415
NCIH1688_LUNG	COC1=C(C=C2C(=C1)N=CN=C2NC3=CC(=C(C=C3)F)Cl)OCCCN4CCOCC4	0.9340072287334498
NCIH1694_LUNG	COC1=C(C=C2C(=C1)N=CN=C2NC3=CC(=C(C=C3)F)Cl)OCCCN4CCOCC4	0.6713224880416546
NCIH1703_LUNG	COC1=C(C=C2C(=C1)N=CN=C2NC3=CC(=C(C=C3)F)Cl)OCCCN4CCOCC4	0.8179476395513348
NCIH1734_LUNG	COC1=C(C=C2C(=C1)N=CN=C2NC3=CC(=C(C=C3)F)Cl)OCCCN4CCOCC4	0.5450829206721706
NCIH1755_LUNG	COC1=C(C=C2C(=C1)N=CN=C2NC3=CC(=C(C=C3)F)Cl)OCCCN4CCOCC4	0.7255840314657198
NCIH1781_LUNG	COC1=C(C=C2C(=C1)N=CN=C2NC3=CC(=C(C=C3)F)Cl)OCCCN4CCOCC4	0.8649821062427281
NCIH1792_LUNG	COC1=C(C=C2C(=C1)N=CN=C2NC3=CC(=C(C=C3)F)Cl)OCCCN4CCOCC4	0.7446389711191079
NCIH1793_LUNG	COC1=C(C=C2C(=C1)N=CN=C2NC3=CC(=C(C=C3)F)Cl)OCCCN4CCOCC4	0.6901712502837595
NCIH1876_LUNG	COC1=C(C=C2C(=C1)N=CN=C2NC3=CC(=C(C=C3)F)Cl)OCCCN4CCOCC4	0.8747018722482347
NCIH187_LUNG	COC1=C(C=C2C(=C1)N=CN=C2NC3=CC(=C(C=C3)F)Cl)OCCCN4CCOCC4	0.9578317560026924
NCIH1915_LUNG	COC1=C(C=C2C(=C1)N=CN=C2NC3=CC(=C(C=C3)F)Cl)OCCCN4CCOCC4	0.8133692478534006
NCIH1944_LUNG	COC1=C(C=C2C(=C1)N=CN=C2NC3=CC(=C(C=C3)F)Cl)OCCCN4CCOCC4	0.7108568191453412
NCIH1975_LUNG	COC1=C(C=C2C(=C1)N=CN=C2NC3=CC(=C(C=C3)F)Cl)OCCCN4CCOCC4	0.6832228852857151
NCIH1993_LUNG	COC1=C(C=C2C(=C1)N=CN=C2NC3=CC(=C(C=C3)F)Cl)OCCCN4CCOCC4	0.961234805940601
NCIH2009_LUNG	COC1=C(C=C2C(=C1)N=CN=C2NC3=CC(=C(C=C3)F)Cl)OCCCN4CCOCC4	0.8531517844056028
NCIH2023_LUNG	COC1=C(C=C2C(=C1)N=CN=C2NC3=CC(=C(C=C3)F)Cl)OCCCN4CCOCC4	0.7541462927100927
NCIH2030_LUNG	COC1=C(C=C2C(=C1)N=CN=C2NC3=CC(=C(C=C3)F)Cl)OCCCN4CCOCC4	0.584178340459453
NCIH2052_PLEURA	COC1=C(C=C2C(=C1)N=CN=C2NC3=CC(=C(C=C3)F)Cl)OCCCN4CCOCC4	0.9224775698862301
NCIH2085_LUNG	COC1=C(C=C2C(=C1)N=CN=C2NC3=CC(=C(C=C3)F)Cl)OCCCN4CCOCC4	0.8591170276041494
NCIH2087_LUNG	COC1=C(C=C2C(=C1)N=CN=C2NC3=CC(=C(C=C3)F)Cl)OCCCN4CCOCC4	0.7743091738492565
NCIH209_LUNG	COC1=C(C=C2C(=C1)N=CN=C2NC3=CC(=C(C=C3)F)Cl)OCCCN4CCOCC4	0.9379799601645693
NCIH2110_LUNG	COC1=C(C=C2C(=C1)N=CN=C2NC3=CC(=C(C=C3)F)Cl)OCCCN4CCOCC4	0.5616441563026693
NCIH211_LUNG	COC1=C(C=C2C(=C1)N=CN=C2NC3=CC(=C(C=C3)F)Cl)OCCCN4CCOCC4	0.7819044440756454
NCIH2122_LUNG	COC1=C(C=C2C(=C1)N=CN=C2NC3=CC(=C(C=C3)F)Cl)OCCCN4CCOCC4	0.6969905434793238
NCIH2126_LUNG	COC1=C(C=C2C(=C1)N=CN=C2NC3=CC(=C(C=C3)F)Cl)OCCCN4CCOCC4	0.5624574680283654
NCIH2135_LUNG	COC1=C(C=C2C(=C1)N=CN=C2NC3=CC(=C(C=C3)F)Cl)OCCCN4CCOCC4	1.061856173278415
NCIH2170_LUNG	COC1=C(C=C2C(=C1)N=CN=C2NC3=CC(=C(C=C3)F)Cl)OCCCN4CCOCC4	0.5757869495992848
NCIH2172_LUNG	COC1=C(C=C2C(=C1)N=CN=C2NC3=CC(=C(C=C3)F)Cl)OCCCN4CCOCC4	0.8017900035382517
NCIH2196_LUNG	COC1=C(C=C2C(=C1)N=CN=C2NC3=CC(=C(C=C3)F)Cl)OCCCN4CCOCC4	0.3053113700415164
NCIH2227_LUNG	COC1=C(C=C2C(=C1)N=CN=C2NC3=CC(=C(C=C3)F)Cl)OCCCN4CCOCC4	0.9755481838692792
NCIH226_LUNG	COC1=C(C=C2C(=C1)N=CN=C2NC3=CC(=C(C=C3)F)Cl)OCCCN4CCOCC4	0.7881433583237573
NCIH2286_LUNG	COC1=C(C=C2C(=C1)N=CN=C2NC3=CC(=C(C=C3)F)Cl)OCCCN4CCOCC4	0.763430963997818
NCIH2342_LUNG	COC1=C(C=C2C(=C1)N=CN=C2NC3=CC(=C(C=C3)F)Cl)OCCCN4CCOCC4	0.82304969024278
NCIH2347_LUNG	COC1=C(C=C2C(=C1)N=CN=C2NC3=CC(=C(C=C3)F)Cl)OCCCN4CCOCC4	1.0699298028473336
NCIH2373_PLEURA	COC1=C(C=C2C(=C1)N=CN=C2NC3=CC(=C(C=C3)F)Cl)OCCCN4CCOCC4	0.9678387262092502
NCIH2405_LUNG	COC1=C(C=C2C(=C1)N=CN=C2NC3=CC(=C(C=C3)F)Cl)OCCCN4CCOCC4	0.6922862967256048
NCIH2444_LUNG	COC1=C(C=C2C(=C1)N=CN=C2NC3=CC(=C(C=C3)F)Cl)OCCCN4CCOCC4	0.7365279886363987
NCIH2591_PLEURA	COC1=C(C=C2C(=C1)N=CN=C2NC3=CC(=C(C=C3)F)Cl)OCCCN4CCOCC4	0.8542292876414922
NCIH2595_PLEURA	COC1=C(C=C2C(=C1)N=CN=C2NC3=CC(=C(C=C3)F)Cl)OCCCN4CCOCC4	0.9431180118552764
NCIH2722_PLEURA	COC1=C(C=C2C(=C1)N=CN=C2NC3=CC(=C(C=C3)F)Cl)OCCCN4CCOCC4	1.1121848660683753
NCIH2731_PLEURA	COC1=C(C=C2C(=C1)N=CN=C2NC3=CC(=C(C=C3)F)Cl)OCCCN4CCOCC4	0.9481582376097655
NCIH2795_PLEURA	COC1=C(C=C2C(=C1)N=CN=C2NC3=CC(=C(C=C3)F)Cl)OCCCN4CCOCC4	0.9183453747861251
NCIH2803_PLEURA	COC1=C(C=C2C(=C1)N=CN=C2NC3=CC(=C(C=C3)F)Cl)OCCCN4CCOCC4	0.5606436071640942
NCIH2810_PLEURA	COC1=C(C=C2C(=C1)N=CN=C2NC3=CC(=C(C=C3)F)Cl)OCCCN4CCOCC4	0.8872377002403861
NCIH2818_PLEURA	COC1=C(C=C2C(=C1)N=CN=C2NC3=CC(=C(C=C3)F)Cl)OCCCN4CCOCC4	0.9519050294901371
NCIH292_LUNG	COC1=C(C=C2C(=C1)N=CN=C2NC3=CC(=C(C=C3)F)Cl)OCCCN4CCOCC4	0.426770789770367
NCIH3122_LUNG	COC1=C(C=C2C(=C1)N=CN=C2NC3=CC(=C(C=C3)F)Cl)OCCCN4CCOCC4	1.0315859508798897
NCIH322_LUNG	COC1=C(C=C2C(=C1)N=CN=C2NC3=CC(=C(C=C3)F)Cl)OCCCN4CCOCC4	0.2974032119155125
NCIH3255_LUNG	COC1=C(C=C2C(=C1)N=CN=C2NC3=CC(=C(C=C3)F)Cl)OCCCN4CCOCC4	0.3040594286626283
NCIH345_LUNG	COC1=C(C=C2C(=C1)N=CN=C2NC3=CC(=C(C=C3)F)Cl)OCCCN4CCOCC4	0.9284536013769064
NCIH358_LUNG	COC1=C(C=C2C(=C1)N=CN=C2NC3=CC(=C(C=C3)F)Cl)OCCCN4CCOCC4	0.6432513720188376
NCIH441_LUNG	COC1=C(C=C2C(=C1)N=CN=C2NC3=CC(=C(C=C3)F)Cl)OCCCN4CCOCC4	0.7737134759604057
NCIH446_LUNG	COC1=C(C=C2C(=C1)N=CN=C2NC3=CC(=C(C=C3)F)Cl)OCCCN4CCOCC4	0.7495294631963381
NCIH510_LUNG	COC1=C(C=C2C(=C1)N=CN=C2NC3=CC(=C(C=C3)F)Cl)OCCCN4CCOCC4	0.8760505400374168
NCIH520_LUNG	COC1=C(C=C2C(=C1)N=CN=C2NC3=CC(=C(C=C3)F)Cl)OCCCN4CCOCC4	0.887298893155826
NCIH522_LUNG	COC1=C(C=C2C(=C1)N=CN=C2NC3=CC(=C(C=C3)F)Cl)OCCCN4CCOCC4	0.6047229459619289
NCIH596_LUNG	COC1=C(C=C2C(=C1)N=CN=C2NC3=CC(=C(C=C3)F)Cl)OCCCN4CCOCC4	0.8982491729607498
NCIH647_LUNG	COC1=C(C=C2C(=C1)N=CN=C2NC3=CC(=C(C=C3)F)Cl)OCCCN4CCOCC4	0.7350593184085366
NCIH64_LUNG	COC1=C(C=C2C(=C1)N=CN=C2NC3=CC(=C(C=C3)F)Cl)OCCCN4CCOCC4	0.9590553757058756
NCIH650_LUNG	COC1=C(C=C2C(=C1)N=CN=C2NC3=CC(=C(C=C3)F)Cl)OCCCN4CCOCC4	0.8120996227086824
NCIH661_LUNG	COC1=C(C=C2C(=C1)N=CN=C2NC3=CC(=C(C=C3)F)Cl)OCCCN4CCOCC4	0.6944759955418984
NCIH69_LUNG	COC1=C(C=C2C(=C1)N=CN=C2NC3=CC(=C(C=C3)F)Cl)OCCCN4CCOCC4	0.719112339237952
NCIH716_LARGE_INTESTINE	COC1=C(C=C2C(=C1)N=CN=C2NC3=CC(=C(C=C3)F)Cl)OCCCN4CCOCC4	0.8924258106472464
NCIH720_LUNG	COC1=C(C=C2C(=C1)N=CN=C2NC3=CC(=C(C=C3)F)Cl)OCCCN4CCOCC4	0.9137248087336867
NCIH727_LUNG	COC1=C(C=C2C(=C1)N=CN=C2NC3=CC(=C(C=C3)F)Cl)OCCCN4CCOCC4	0.6354773866081905
NCIH810_LUNG	COC1=C(C=C2C(=C1)N=CN=C2NC3=CC(=C(C=C3)F)Cl)OCCCN4CCOCC4	0.7110171779714524
NCIH82_LUNG	COC1=C(C=C2C(=C1)N=CN=C2NC3=CC(=C(C=C3)F)Cl)OCCCN4CCOCC4	0.6982569030951773
NCIH835_LUNG	COC1=C(C=C2C(=C1)N=CN=C2NC3=CC(=C(C=C3)F)Cl)OCCCN4CCOCC4	0.9517366717326226
NCIH838_LUNG	COC1=C(C=C2C(=C1)N=CN=C2NC3=CC(=C(C=C3)F)Cl)OCCCN4CCOCC4	0.7936375697209235
NCIH847_LUNG	COC1=C(C=C2C(=C1)N=CN=C2NC3=CC(=C(C=C3)F)Cl)OCCCN4CCOCC4	0.9072971667536573
NCIH889_LUNG	COC1=C(C=C2C(=C1)N=CN=C2NC3=CC(=C(C=C3)F)Cl)OCCCN4CCOCC4	0.5003061073820418
NCIH929_HAEMATOPOIETIC_AND_LYMPHOID_TISSUE	COC1=C(C=C2C(=C1)N=CN=C2NC3=CC(=C(C=C3)F)Cl)OCCCN4CCOCC4	0.6421323500323034
NCIN87_STOMACH	COC1=C(C=C2C(=C1)N=CN=C2NC3=CC(=C(C=C3)F)Cl)OCCCN4CCOCC4	0.6316988271499876
NCO2_HAEMATOPOIETIC_AND_LYMPHOID_TISSUE	COC1=C(C=C2C(=C1)N=CN=C2NC3=CC(=C(C=C3)F)Cl)OCCCN4CCOCC4	0.1168219621049122
NEC8_TESTIS	COC1=C(C=C2C(=C1)N=CN=C2NC3=CC(=C(C=C3)F)Cl)OCCCN4CCOCC4	0.9276445337675172
NH12_AUTONOMIC_GANGLIA	COC1=C(C=C2C(=C1)N=CN=C2NC3=CC(=C(C=C3)F)Cl)OCCCN4CCOCC4	0.8589703402409055
NKM1_HAEMATOPOIETIC_AND_LYMPHOID_TISSUE	COC1=C(C=C2C(=C1)N=CN=C2NC3=CC(=C(C=C3)F)Cl)OCCCN4CCOCC4	0.8359662647640682
NMCG1_CENTRAL_NERVOUS_SYSTEM	COC1=C(C=C2C(=C1)N=CN=C2NC3=CC(=C(C=C3)F)Cl)OCCCN4CCOCC4	0.6480242136301615
NO11_CENTRAL_NERVOUS_SYSTEM	COC1=C(C=C2C(=C1)N=CN=C2NC3=CC(=C(C=C3)F)Cl)OCCCN4CCOCC4	0.903481856444063
NOS1_BONE	COC1=C(C=C2C(=C1)N=CN=C2NC3=CC(=C(C=C3)F)Cl)OCCCN4CCOCC4	0.9614583170996943
NUDUL1_HAEMATOPOIETIC_AND_LYMPHOID_TISSUE	COC1=C(C=C2C(=C1)N=CN=C2NC3=CC(=C(C=C3)F)Cl)OCCCN4CCOCC4	0.6561116705687755
NUGC4_STOMACH	COC1=C(C=C2C(=C1)N=CN=C2NC3=CC(=C(C=C3)F)Cl)OCCCN4CCOCC4	0.5598142198806826
NY_BONE	COC1=C(C=C2C(=C1)N=CN=C2NC3=CC(=C(C=C3)F)Cl)OCCCN4CCOCC4	0.8987033082857666
OACM51_OESOPHAGUS	COC1=C(C=C2C(=C1)N=CN=C2NC3=CC(=C(C=C3)F)Cl)OCCCN4CCOCC4	0.8138921705700599
OAW28_OVARY	COC1=C(C=C2C(=C1)N=CN=C2NC3=CC(=C(C=C3)F)Cl)OCCCN4CCOCC4	0.7571220044710077
OC314_OVARY	COC1=C(C=C2C(=C1)N=CN=C2NC3=CC(=C(C=C3)F)Cl)OCCCN4CCOCC4	0.6298766482232754
OCIAML3_HAEMATOPOIETIC_AND_LYMPHOID_TISSUE	COC1=C(C=C2C(=C1)N=CN=C2NC3=CC(=C(C=C3)F)Cl)OCCCN4CCOCC4	0.7747241356733223
OCILY19_HAEMATOPOIETIC_AND_LYMPHOID_TISSUE	COC1=C(C=C2C(=C1)N=CN=C2NC3=CC(=C(C=C3)F)Cl)OCCCN4CCOCC4	0.6762040182285555
OCILY3_HAEMATOPOIETIC_AND_LYMPHOID_TISSUE	COC1=C(C=C2C(=C1)N=CN=C2NC3=CC(=C(C=C3)F)Cl)OCCCN4CCOCC4	0.5044783228279646
OCILY7_HAEMATOPOIETIC_AND_LYMPHOID_TISSUE	COC1=C(C=C2C(=C1)N=CN=C2NC3=CC(=C(C=C3)F)Cl)OCCCN4CCOCC4	0.7917174763067949
OCIM1_HAEMATOPOIETIC_AND_LYMPHOID_TISSUE	COC1=C(C=C2C(=C1)N=CN=C2NC3=CC(=C(C=C3)F)Cl)OCCCN4CCOCC4	0.864818857414174
OCUM1_STOMACH	COC1=C(C=C2C(=C1)N=CN=C2NC3=CC(=C(C=C3)F)Cl)OCCCN4CCOCC4	0.7248347137830313
OE19_OESOPHAGUS	COC1=C(C=C2C(=C1)N=CN=C2NC3=CC(=C(C=C3)F)Cl)OCCCN4CCOCC4	0.748120121847636
OE21_OESOPHAGUS	COC1=C(C=C2C(=C1)N=CN=C2NC3=CC(=C(C=C3)F)Cl)OCCCN4CCOCC4	0.41603549473363427
OE33_OESOPHAGUS	COC1=C(C=C2C(=C1)N=CN=C2NC3=CC(=C(C=C3)F)Cl)OCCCN4CCOCC4	0.7696630857962131
OMC1_CERVIX	COC1=C(C=C2C(=C1)N=CN=C2NC3=CC(=C(C=C3)F)Cl)OCCCN4CCOCC4	0.850850894137266
ONS76_CENTRAL_NERVOUS_SYSTEM	COC1=C(C=C2C(=C1)N=CN=C2NC3=CC(=C(C=C3)F)Cl)OCCCN4CCOCC4	0.7564362495038149
OSRC2_KIDNEY	COC1=C(C=C2C(=C1)N=CN=C2NC3=CC(=C(C=C3)F)Cl)OCCCN4CCOCC4	0.7400856297720537
OV56_OVARY	COC1=C(C=C2C(=C1)N=CN=C2NC3=CC(=C(C=C3)F)Cl)OCCCN4CCOCC4	0.836245813499751
OV7_OVARY	COC1=C(C=C2C(=C1)N=CN=C2NC3=CC(=C(C=C3)F)Cl)OCCCN4CCOCC4	0.49279682708978184
OV90_OVARY	COC1=C(C=C2C(=C1)N=CN=C2NC3=CC(=C(C=C3)F)Cl)OCCCN4CCOCC4	0.8673814187244001
OVCA420_OVARY	COC1=C(C=C2C(=C1)N=CN=C2NC3=CC(=C(C=C3)F)Cl)OCCCN4CCOCC4	0.5377104439242202
OVCAR5_OVARY	COC1=C(C=C2C(=C1)N=CN=C2NC3=CC(=C(C=C3)F)Cl)OCCCN4CCOCC4	0.7208849019626652
OVISE_OVARY	COC1=C(C=C2C(=C1)N=CN=C2NC3=CC(=C(C=C3)F)Cl)OCCCN4CCOCC4	0.7140808900109294
OVK18_OVARY	COC1=C(C=C2C(=C1)N=CN=C2NC3=CC(=C(C=C3)F)Cl)OCCCN4CCOCC4	0.5420250657163772
OVKATE_OVARY	COC1=C(C=C2C(=C1)N=CN=C2NC3=CC(=C(C=C3)F)Cl)OCCCN4CCOCC4	0.8677714451775129
OVMIU_OVARY	COC1=C(C=C2C(=C1)N=CN=C2NC3=CC(=C(C=C3)F)Cl)OCCCN4CCOCC4	0.48471206318966
OVSAHO_OVARY	COC1=C(C=C2C(=C1)N=CN=C2NC3=CC(=C(C=C3)F)Cl)OCCCN4CCOCC4	0.4828466331292804
OVTOKO_OVARY	COC1=C(C=C2C(=C1)N=CN=C2NC3=CC(=C(C=C3)F)Cl)OCCCN4CCOCC4	0.5455566184429901
P30OHK_HAEMATOPOIETIC_AND_LYMPHOID_TISSUE	COC1=C(C=C2C(=C1)N=CN=C2NC3=CC(=C(C=C3)F)Cl)OCCCN4CCOCC4	0.9215139431030845
PANC0203_PANCREAS	COC1=C(C=C2C(=C1)N=CN=C2NC3=CC(=C(C=C3)F)Cl)OCCCN4CCOCC4	0.7370669767813743
PANC0327_PANCREAS	COC1=C(C=C2C(=C1)N=CN=C2NC3=CC(=C(C=C3)F)Cl)OCCCN4CCOCC4	0.6390915086811692
PANC0403_PANCREAS	COC1=C(C=C2C(=C1)N=CN=C2NC3=CC(=C(C=C3)F)Cl)OCCCN4CCOCC4	0.7603778056519808
PANC0504_PANCREAS	COC1=C(C=C2C(=C1)N=CN=C2NC3=CC(=C(C=C3)F)Cl)OCCCN4CCOCC4	0.461715598824171
PANC0813_PANCREAS	COC1=C(C=C2C(=C1)N=CN=C2NC3=CC(=C(C=C3)F)Cl)OCCCN4CCOCC4	0.7033862548732337
PANC1005_PANCREAS	COC1=C(C=C2C(=C1)N=CN=C2NC3=CC(=C(C=C3)F)Cl)OCCCN4CCOCC4	0.6767720943450038
PANC1_PANCREAS	COC1=C(C=C2C(=C1)N=CN=C2NC3=CC(=C(C=C3)F)Cl)OCCCN4CCOCC4	0.7558771108972997
PATU8902_PANCREAS	COC1=C(C=C2C(=C1)N=CN=C2NC3=CC(=C(C=C3)F)Cl)OCCCN4CCOCC4	0.7976872182100783
PATU8988S_PANCREAS	COC1=C(C=C2C(=C1)N=CN=C2NC3=CC(=C(C=C3)F)Cl)OCCCN4CCOCC4	0.4713961960210915
PATU8988T_PANCREAS	COC1=C(C=C2C(=C1)N=CN=C2NC3=CC(=C(C=C3)F)Cl)OCCCN4CCOCC4	0.870557055400138
PC14_LUNG	COC1=C(C=C2C(=C1)N=CN=C2NC3=CC(=C(C=C3)F)Cl)OCCCN4CCOCC4	0.34412087599055824
PCI30_UPPER_AERODIGESTIVE_TRACT	COC1=C(C=C2C(=C1)N=CN=C2NC3=CC(=C(C=C3)F)Cl)OCCCN4CCOCC4	0.8644226489621287
PCI4B_UPPER_AERODIGESTIVE_TRACT	COC1=C(C=C2C(=C1)N=CN=C2NC3=CC(=C(C=C3)F)Cl)OCCCN4CCOCC4	0.3254630204688831
PECAPJ15_UPPER_AERODIGESTIVE_TRACT	COC1=C(C=C2C(=C1)N=CN=C2NC3=CC(=C(C=C3)F)Cl)OCCCN4CCOCC4	0.6330566543291624
PECAPJ34CLONEC12_UPPER_AERODIGESTIVE_TRACT	COC1=C(C=C2C(=C1)N=CN=C2NC3=CC(=C(C=C3)F)Cl)OCCCN4CCOCC4	0.2245142410376071
PECAPJ49_UPPER_AERODIGESTIVE_TRACT	COC1=C(C=C2C(=C1)N=CN=C2NC3=CC(=C(C=C3)F)Cl)OCCCN4CCOCC4	0.3089800803054638
PEER_HAEMATOPOIETIC_AND_LYMPHOID_TISSUE	COC1=C(C=C2C(=C1)N=CN=C2NC3=CC(=C(C=C3)F)Cl)OCCCN4CCOCC4	0.1214943825570471
PEO1_OVARY	COC1=C(C=C2C(=C1)N=CN=C2NC3=CC(=C(C=C3)F)Cl)OCCCN4CCOCC4	0.9965181122234209
PF382_HAEMATOPOIETIC_AND_LYMPHOID_TISSUE	COC1=C(C=C2C(=C1)N=CN=C2NC3=CC(=C(C=C3)F)Cl)OCCCN4CCOCC4	0.6719480657694527
PFSK1_CENTRAL_NERVOUS_SYSTEM	COC1=C(C=C2C(=C1)N=CN=C2NC3=CC(=C(C=C3)F)Cl)OCCCN4CCOCC4	0.8714920204612282
PK1_PANCREAS	COC1=C(C=C2C(=C1)N=CN=C2NC3=CC(=C(C=C3)F)Cl)OCCCN4CCOCC4	0.7692792970786109
PK45H_PANCREAS	COC1=C(C=C2C(=C1)N=CN=C2NC3=CC(=C(C=C3)F)Cl)OCCCN4CCOCC4	1.0717280463044334
PK59_PANCREAS	COC1=C(C=C2C(=C1)N=CN=C2NC3=CC(=C(C=C3)F)Cl)OCCCN4CCOCC4	0.5471809111158252
PL21_HAEMATOPOIETIC_AND_LYMPHOID_TISSUE	COC1=C(C=C2C(=C1)N=CN=C2NC3=CC(=C(C=C3)F)Cl)OCCCN4CCOCC4	0.5552654400680055
PL4_PANCREAS	COC1=C(C=C2C(=C1)N=CN=C2NC3=CC(=C(C=C3)F)Cl)OCCCN4CCOCC4	0.8866889678127565
PLCPRF5_LIVER	COC1=C(C=C2C(=C1)N=CN=C2NC3=CC(=C(C=C3)F)Cl)OCCCN4CCOCC4	0.3650338665565623
PSN1_PANCREAS	COC1=C(C=C2C(=C1)N=CN=C2NC3=CC(=C(C=C3)F)Cl)OCCCN4CCOCC4	0.8941080849060787
QGP1_PANCREAS	COC1=C(C=C2C(=C1)N=CN=C2NC3=CC(=C(C=C3)F)Cl)OCCCN4CCOCC4	0.7998280328421514
QIMRWIL_HAEMATOPOIETIC_AND_LYMPHOID_TISSUE	COC1=C(C=C2C(=C1)N=CN=C2NC3=CC(=C(C=C3)F)Cl)OCCCN4CCOCC4	0.8461965241044758
RAJI_HAEMATOPOIETIC_AND_LYMPHOID_TISSUE	COC1=C(C=C2C(=C1)N=CN=C2NC3=CC(=C(C=C3)F)Cl)OCCCN4CCOCC4	0.7768199903963925
RAMOS2G64C10_HAEMATOPOIETIC_AND_LYMPHOID_TISSUE	COC1=C(C=C2C(=C1)N=CN=C2NC3=CC(=C(C=C3)F)Cl)OCCCN4CCOCC4	0.7879406831769317
RCC10RGB_KIDNEY	COC1=C(C=C2C(=C1)N=CN=C2NC3=CC(=C(C=C3)F)Cl)OCCCN4CCOCC4	0.7594964432057498
RCCAB_KIDNEY	COC1=C(C=C2C(=C1)N=CN=C2NC3=CC(=C(C=C3)F)Cl)OCCCN4CCOCC4	0.9910618447893792
RCCER_KIDNEY	COC1=C(C=C2C(=C1)N=CN=C2NC3=CC(=C(C=C3)F)Cl)OCCCN4CCOCC4	0.833895264299128
RCCFG2_KIDNEY	COC1=C(C=C2C(=C1)N=CN=C2NC3=CC(=C(C=C3)F)Cl)OCCCN4CCOCC4	0.7275736350633402
RCCJW_KIDNEY	COC1=C(C=C2C(=C1)N=CN=C2NC3=CC(=C(C=C3)F)Cl)OCCCN4CCOCC4	0.8742545642050874
RCCMF_KIDNEY	COC1=C(C=C2C(=C1)N=CN=C2NC3=CC(=C(C=C3)F)Cl)OCCCN4CCOCC4	0.6297405079266938
RCHACV_HAEMATOPOIETIC_AND_LYMPHOID_TISSUE	COC1=C(C=C2C(=C1)N=CN=C2NC3=CC(=C(C=C3)F)Cl)OCCCN4CCOCC4	0.5503461513477411
RCK8_HAEMATOPOIETIC_AND_LYMPHOID_TISSUE	COC1=C(C=C2C(=C1)N=CN=C2NC3=CC(=C(C=C3)F)Cl)OCCCN4CCOCC4	0.926009682396304
RCM1_LARGE_INTESTINE	COC1=C(C=C2C(=C1)N=CN=C2NC3=CC(=C(C=C3)F)Cl)OCCCN4CCOCC4	0.845985812069373
RERFGC1B_STOMACH	COC1=C(C=C2C(=C1)N=CN=C2NC3=CC(=C(C=C3)F)Cl)OCCCN4CCOCC4	0.8450414893219479
RERFLCAD1_LUNG	COC1=C(C=C2C(=C1)N=CN=C2NC3=CC(=C(C=C3)F)Cl)OCCCN4CCOCC4	0.6553963609915752
RERFLCAD2_LUNG	COC1=C(C=C2C(=C1)N=CN=C2NC3=CC(=C(C=C3)F)Cl)OCCCN4CCOCC4	0.8541071671010364
RERFLCAI_LUNG	COC1=C(C=C2C(=C1)N=CN=C2NC3=CC(=C(C=C3)F)Cl)OCCCN4CCOCC4	0.5306623430207892
RERFLCKJ_LUNG	COC1=C(C=C2C(=C1)N=CN=C2NC3=CC(=C(C=C3)F)Cl)OCCCN4CCOCC4	0.820648081935382
RERFLCMS_LUNG	COC1=C(C=C2C(=C1)N=CN=C2NC3=CC(=C(C=C3)F)Cl)OCCCN4CCOCC4	0.7376684798226143
RERFLCSQ1_LUNG	COC1=C(C=C2C(=C1)N=CN=C2NC3=CC(=C(C=C3)F)Cl)OCCCN4CCOCC4	0.6089021798565674
RF48_HAEMATOPOIETIC_AND_LYMPHOID_TISSUE	COC1=C(C=C2C(=C1)N=CN=C2NC3=CC(=C(C=C3)F)Cl)OCCCN4CCOCC4	0.8503981279911415
RH1_BONE	COC1=C(C=C2C(=C1)N=CN=C2NC3=CC(=C(C=C3)F)Cl)OCCCN4CCOCC4	0.8409122352828569
RH41_SOFT_TISSUE	COC1=C(C=C2C(=C1)N=CN=C2NC3=CC(=C(C=C3)F)Cl)OCCCN4CCOCC4	0.6482900666179828
RKN_SOFT_TISSUE	COC1=C(C=C2C(=C1)N=CN=C2NC3=CC(=C(C=C3)F)Cl)OCCCN4CCOCC4	0.8320988513358348
RKO_LARGE_INTESTINE	COC1=C(C=C2C(=C1)N=CN=C2NC3=CC(=C(C=C3)F)Cl)OCCCN4CCOCC4	0.769350359647582
RL952_ENDOMETRIUM	COC1=C(C=C2C(=C1)N=CN=C2NC3=CC(=C(C=C3)F)Cl)OCCCN4CCOCC4	0.6182956821531759
RMGI_OVARY	COC1=C(C=C2C(=C1)N=CN=C2NC3=CC(=C(C=C3)F)Cl)OCCCN4CCOCC4	0.5822658729438495
RO82W1_THYROID	COC1=C(C=C2C(=C1)N=CN=C2NC3=CC(=C(C=C3)F)Cl)OCCCN4CCOCC4	1.0034501652023937
RPMI7951_SKIN	COC1=C(C=C2C(=C1)N=CN=C2NC3=CC(=C(C=C3)F)Cl)OCCCN4CCOCC4	0.7557469434704988
RPMI8226_HAEMATOPOIETIC_AND_LYMPHOID_TISSUE	COC1=C(C=C2C(=C1)N=CN=C2NC3=CC(=C(C=C3)F)Cl)OCCCN4CCOCC4	0.6191357464286514
RPMI8402_HAEMATOPOIETIC_AND_LYMPHOID_TISSUE	COC1=C(C=C2C(=C1)N=CN=C2NC3=CC(=C(C=C3)F)Cl)OCCCN4CCOCC4	0.7097021581878953
RPMI8866_HAEMATOPOIETIC_AND_LYMPHOID_TISSUE	COC1=C(C=C2C(=C1)N=CN=C2NC3=CC(=C(C=C3)F)Cl)OCCCN4CCOCC4	0.6788736850327632
RS411_HAEMATOPOIETIC_AND_LYMPHOID_TISSUE	COC1=C(C=C2C(=C1)N=CN=C2NC3=CC(=C(C=C3)F)Cl)OCCCN4CCOCC4	0.6376462346708712
RT4_URINARY_TRACT	COC1=C(C=C2C(=C1)N=CN=C2NC3=CC(=C(C=C3)F)Cl)OCCCN4CCOCC4	0.805484832504883
RXF393_KIDNEY	COC1=C(C=C2C(=C1)N=CN=C2NC3=CC(=C(C=C3)F)Cl)OCCCN4CCOCC4	0.7731756272514446
SAT_UPPER_AERODIGESTIVE_TRACT	COC1=C(C=C2C(=C1)N=CN=C2NC3=CC(=C(C=C3)F)Cl)OCCCN4CCOCC4	0.5168076676723209
SBC1_LUNG	COC1=C(C=C2C(=C1)N=CN=C2NC3=CC(=C(C=C3)F)Cl)OCCCN4CCOCC4	0.7508517492897394
SBC3_LUNG	COC1=C(C=C2C(=C1)N=CN=C2NC3=CC(=C(C=C3)F)Cl)OCCCN4CCOCC4	1.0256059293914888
SCABER_URINARY_TRACT	COC1=C(C=C2C(=C1)N=CN=C2NC3=CC(=C(C=C3)F)Cl)OCCCN4CCOCC4	0.218732804251644
SCC15_UPPER_AERODIGESTIVE_TRACT	COC1=C(C=C2C(=C1)N=CN=C2NC3=CC(=C(C=C3)F)Cl)OCCCN4CCOCC4	0.6583140371136461
SCC25_UPPER_AERODIGESTIVE_TRACT	COC1=C(C=C2C(=C1)N=CN=C2NC3=CC(=C(C=C3)F)Cl)OCCCN4CCOCC4	0.42873817473156284
SCC3_HAEMATOPOIETIC_AND_LYMPHOID_TISSUE	COC1=C(C=C2C(=C1)N=CN=C2NC3=CC(=C(C=C3)F)Cl)OCCCN4CCOCC4	0.9873236848509992
SCC4_UPPER_AERODIGESTIVE_TRACT	COC1=C(C=C2C(=C1)N=CN=C2NC3=CC(=C(C=C3)F)Cl)OCCCN4CCOCC4	0.7412292517343566
SCH_STOMACH	COC1=C(C=C2C(=C1)N=CN=C2NC3=CC(=C(C=C3)F)Cl)OCCCN4CCOCC4	1.1217981198085478
SEM_HAEMATOPOIETIC_AND_LYMPHOID_TISSUE	COC1=C(C=C2C(=C1)N=CN=C2NC3=CC(=C(C=C3)F)Cl)OCCCN4CCOCC4	0.2001218506621412
SET2_HAEMATOPOIETIC_AND_LYMPHOID_TISSUE	COC1=C(C=C2C(=C1)N=CN=C2NC3=CC(=C(C=C3)F)Cl)OCCCN4CCOCC4	0.2496940823964362
SF126_CENTRAL_NERVOUS_SYSTEM	COC1=C(C=C2C(=C1)N=CN=C2NC3=CC(=C(C=C3)F)Cl)OCCCN4CCOCC4	0.7392591983120105
SF268_CENTRAL_NERVOUS_SYSTEM	COC1=C(C=C2C(=C1)N=CN=C2NC3=CC(=C(C=C3)F)Cl)OCCCN4CCOCC4	0.7119807335997965
SF295_CENTRAL_NERVOUS_SYSTEM	COC1=C(C=C2C(=C1)N=CN=C2NC3=CC(=C(C=C3)F)Cl)OCCCN4CCOCC4	0.7236275549761924
SF539_CENTRAL_NERVOUS_SYSTEM	COC1=C(C=C2C(=C1)N=CN=C2NC3=CC(=C(C=C3)F)Cl)OCCCN4CCOCC4	0.6753038636724259
SH10TC_STOMACH	COC1=C(C=C2C(=C1)N=CN=C2NC3=CC(=C(C=C3)F)Cl)OCCCN4CCOCC4	0.636286759371496
SH4_SKIN	COC1=C(C=C2C(=C1)N=CN=C2NC3=CC(=C(C=C3)F)Cl)OCCCN4CCOCC4	0.6695188449472026
SHP77_LUNG	COC1=C(C=C2C(=C1)N=CN=C2NC3=CC(=C(C=C3)F)Cl)OCCCN4CCOCC4	0.6899764421623918
SIGM5_HAEMATOPOIETIC_AND_LYMPHOID_TISSUE	COC1=C(C=C2C(=C1)N=CN=C2NC3=CC(=C(C=C3)F)Cl)OCCCN4CCOCC4	0.6351528197824176
SIHA_CERVIX	COC1=C(C=C2C(=C1)N=CN=C2NC3=CC(=C(C=C3)F)Cl)OCCCN4CCOCC4	0.9687483803906899
SJSA1_BONE	COC1=C(C=C2C(=C1)N=CN=C2NC3=CC(=C(C=C3)F)Cl)OCCCN4CCOCC4	0.8184235648424653
SKCO1_LARGE_INTESTINE	COC1=C(C=C2C(=C1)N=CN=C2NC3=CC(=C(C=C3)F)Cl)OCCCN4CCOCC4	0.6840580263040849
SKES1_BONE	COC1=C(C=C2C(=C1)N=CN=C2NC3=CC(=C(C=C3)F)Cl)OCCCN4CCOCC4	0.7052014634587925
SKGIIIA_CERVIX	COC1=C(C=C2C(=C1)N=CN=C2NC3=CC(=C(C=C3)F)Cl)OCCCN4CCOCC4	0.8466091754448561
SKGT2_STOMACH	COC1=C(C=C2C(=C1)N=CN=C2NC3=CC(=C(C=C3)F)Cl)OCCCN4CCOCC4	0.575489437944761
SKGT4_OESOPHAGUS	COC1=C(C=C2C(=C1)N=CN=C2NC3=CC(=C(C=C3)F)Cl)OCCCN4CCOCC4	0.7567512657663626
SKHEP1_LIVER	COC1=C(C=C2C(=C1)N=CN=C2NC3=CC(=C(C=C3)F)Cl)OCCCN4CCOCC4	0.8502858260721661
SKLMS1_SOFT_TISSUE	COC1=C(C=C2C(=C1)N=CN=C2NC3=CC(=C(C=C3)F)Cl)OCCCN4CCOCC4	0.8248868896461184
SKLU1_LUNG	COC1=C(C=C2C(=C1)N=CN=C2NC3=CC(=C(C=C3)F)Cl)OCCCN4CCOCC4	0.6775792323128105
SKM1_HAEMATOPOIETIC_AND_LYMPHOID_TISSUE	COC1=C(C=C2C(=C1)N=CN=C2NC3=CC(=C(C=C3)F)Cl)OCCCN4CCOCC4	0.35454847969380027
SKMEL1_SKIN	COC1=C(C=C2C(=C1)N=CN=C2NC3=CC(=C(C=C3)F)Cl)OCCCN4CCOCC4	0.7537395705585223
SKMEL24_SKIN	COC1=C(C=C2C(=C1)N=CN=C2NC3=CC(=C(C=C3)F)Cl)OCCCN4CCOCC4	0.6149567177045409
SKMEL28_SKIN	COC1=C(C=C2C(=C1)N=CN=C2NC3=CC(=C(C=C3)F)Cl)OCCCN4CCOCC4	0.5116056705957437
SKMEL2_SKIN	COC1=C(C=C2C(=C1)N=CN=C2NC3=CC(=C(C=C3)F)Cl)OCCCN4CCOCC4	0.8590210905515775
SKMEL30_SKIN	COC1=C(C=C2C(=C1)N=CN=C2NC3=CC(=C(C=C3)F)Cl)OCCCN4CCOCC4	0.4755442746962252
SKMEL31_SKIN	COC1=C(C=C2C(=C1)N=CN=C2NC3=CC(=C(C=C3)F)Cl)OCCCN4CCOCC4	0.7426290041822243
SKMEL3_SKIN	COC1=C(C=C2C(=C1)N=CN=C2NC3=CC(=C(C=C3)F)Cl)OCCCN4CCOCC4	0.5807617979526191
SKMEL5_SKIN	COC1=C(C=C2C(=C1)N=CN=C2NC3=CC(=C(C=C3)F)Cl)OCCCN4CCOCC4	0.5740089910824426
SKMES1_LUNG	COC1=C(C=C2C(=C1)N=CN=C2NC3=CC(=C(C=C3)F)Cl)OCCCN4CCOCC4	0.5998939028485498
SKMG1_CENTRAL_NERVOUS_SYSTEM	COC1=C(C=C2C(=C1)N=CN=C2NC3=CC(=C(C=C3)F)Cl)OCCCN4CCOCC4	0.9893646377826314
SKMM2_HAEMATOPOIETIC_AND_LYMPHOID_TISSUE	COC1=C(C=C2C(=C1)N=CN=C2NC3=CC(=C(C=C3)F)Cl)OCCCN4CCOCC4	0.8226891733918019
SKN3_UPPER_AERODIGESTIVE_TRACT	COC1=C(C=C2C(=C1)N=CN=C2NC3=CC(=C(C=C3)F)Cl)OCCCN4CCOCC4	0.755977059297255
SKNAS_AUTONOMIC_GANGLIA	COC1=C(C=C2C(=C1)N=CN=C2NC3=CC(=C(C=C3)F)Cl)OCCCN4CCOCC4	0.7811410243336092
SKNBE2_AUTONOMIC_GANGLIA	COC1=C(C=C2C(=C1)N=CN=C2NC3=CC(=C(C=C3)F)Cl)OCCCN4CCOCC4	0.302618476999303
SKNDZ_AUTONOMIC_GANGLIA	COC1=C(C=C2C(=C1)N=CN=C2NC3=CC(=C(C=C3)F)Cl)OCCCN4CCOCC4	0.793827907698881
SKNSH_AUTONOMIC_GANGLIA	COC1=C(C=C2C(=C1)N=CN=C2NC3=CC(=C(C=C3)F)Cl)OCCCN4CCOCC4	0.7248308215277911
SKOV3_OVARY	COC1=C(C=C2C(=C1)N=CN=C2NC3=CC(=C(C=C3)F)Cl)OCCCN4CCOCC4	0.7779947963130404
SKPNDW_BONE	COC1=C(C=C2C(=C1)N=CN=C2NC3=CC(=C(C=C3)F)Cl)OCCCN4CCOCC4	0.8843436640770237
SLVL_HAEMATOPOIETIC_AND_LYMPHOID_TISSUE	COC1=C(C=C2C(=C1)N=CN=C2NC3=CC(=C(C=C3)F)Cl)OCCCN4CCOCC4	0.9560904284979364
SN12C_KIDNEY	COC1=C(C=C2C(=C1)N=CN=C2NC3=CC(=C(C=C3)F)Cl)OCCCN4CCOCC4	0.9276222608583381
SNB75_CENTRAL_NERVOUS_SYSTEM	COC1=C(C=C2C(=C1)N=CN=C2NC3=CC(=C(C=C3)F)Cl)OCCCN4CCOCC4	0.6997010850018174
SNGM_ENDOMETRIUM	COC1=C(C=C2C(=C1)N=CN=C2NC3=CC(=C(C=C3)F)Cl)OCCCN4CCOCC4	0.7850052327541596
SNU1033_LARGE_INTESTINE	COC1=C(C=C2C(=C1)N=CN=C2NC3=CC(=C(C=C3)F)Cl)OCCCN4CCOCC4	0.2496403296312009
SNU1041_UPPER_AERODIGESTIVE_TRACT	COC1=C(C=C2C(=C1)N=CN=C2NC3=CC(=C(C=C3)F)Cl)OCCCN4CCOCC4	0.5582477810776411
SNU1066_UPPER_AERODIGESTIVE_TRACT	COC1=C(C=C2C(=C1)N=CN=C2NC3=CC(=C(C=C3)F)Cl)OCCCN4CCOCC4	0.658165512758349
SNU1076_UPPER_AERODIGESTIVE_TRACT	COC1=C(C=C2C(=C1)N=CN=C2NC3=CC(=C(C=C3)F)Cl)OCCCN4CCOCC4	0.0779694693021
SNU1077_ENDOMETRIUM	COC1=C(C=C2C(=C1)N=CN=C2NC3=CC(=C(C=C3)F)Cl)OCCCN4CCOCC4	0.2905258184338919
SNU1079_BILIARY_TRACT	COC1=C(C=C2C(=C1)N=CN=C2NC3=CC(=C(C=C3)F)Cl)OCCCN4CCOCC4	0.335098032970696
SNU1105_CENTRAL_NERVOUS_SYSTEM	COC1=C(C=C2C(=C1)N=CN=C2NC3=CC(=C(C=C3)F)Cl)OCCCN4CCOCC4	0.5959475140155761
SNU1196_BILIARY_TRACT	COC1=C(C=C2C(=C1)N=CN=C2NC3=CC(=C(C=C3)F)Cl)OCCCN4CCOCC4	0.3345508924512863
SNU119_OVARY	COC1=C(C=C2C(=C1)N=CN=C2NC3=CC(=C(C=C3)F)Cl)OCCCN4CCOCC4	0.2254931630704891
SNU1272_KIDNEY	COC1=C(C=C2C(=C1)N=CN=C2NC3=CC(=C(C=C3)F)Cl)OCCCN4CCOCC4	0.87373344869386
SNU175_LARGE_INTESTINE	COC1=C(C=C2C(=C1)N=CN=C2NC3=CC(=C(C=C3)F)Cl)OCCCN4CCOCC4	0.44978635014054125
SNU182_LIVER	COC1=C(C=C2C(=C1)N=CN=C2NC3=CC(=C(C=C3)F)Cl)OCCCN4CCOCC4	0.6439026245559919
SNU1_STOMACH	COC1=C(C=C2C(=C1)N=CN=C2NC3=CC(=C(C=C3)F)Cl)OCCCN4CCOCC4	0.6508778082570955
SNU201_CENTRAL_NERVOUS_SYSTEM	COC1=C(C=C2C(=C1)N=CN=C2NC3=CC(=C(C=C3)F)Cl)OCCCN4CCOCC4	0.5725876992545003
SNU216_STOMACH	COC1=C(C=C2C(=C1)N=CN=C2NC3=CC(=C(C=C3)F)Cl)OCCCN4CCOCC4	0.1112226037910239
SNU387_LIVER	COC1=C(C=C2C(=C1)N=CN=C2NC3=CC(=C(C=C3)F)Cl)OCCCN4CCOCC4	0.8556682400049619
SNU398_LIVER	COC1=C(C=C2C(=C1)N=CN=C2NC3=CC(=C(C=C3)F)Cl)OCCCN4CCOCC4	1.0255531268675406
SNU410_PANCREAS	COC1=C(C=C2C(=C1)N=CN=C2NC3=CC(=C(C=C3)F)Cl)OCCCN4CCOCC4	0.5037800459862419
SNU423_LIVER	COC1=C(C=C2C(=C1)N=CN=C2NC3=CC(=C(C=C3)F)Cl)OCCCN4CCOCC4	0.8308281412323781
SNU449_LIVER	COC1=C(C=C2C(=C1)N=CN=C2NC3=CC(=C(C=C3)F)Cl)OCCCN4CCOCC4	0.6980017521185169
SNU466_CENTRAL_NERVOUS_SYSTEM	COC1=C(C=C2C(=C1)N=CN=C2NC3=CC(=C(C=C3)F)Cl)OCCCN4CCOCC4	0.4814602624321949
SNU478_BILIARY_TRACT	COC1=C(C=C2C(=C1)N=CN=C2NC3=CC(=C(C=C3)F)Cl)OCCCN4CCOCC4	0.2146354124492393
SNU489_CENTRAL_NERVOUS_SYSTEM	COC1=C(C=C2C(=C1)N=CN=C2NC3=CC(=C(C=C3)F)Cl)OCCCN4CCOCC4	0.3863491608079032
SNU503_LARGE_INTESTINE	COC1=C(C=C2C(=C1)N=CN=C2NC3=CC(=C(C=C3)F)Cl)OCCCN4CCOCC4	0.4254598010545774
SNU5_STOMACH	COC1=C(C=C2C(=C1)N=CN=C2NC3=CC(=C(C=C3)F)Cl)OCCCN4CCOCC4	0.7414861343019821
SNU61_LARGE_INTESTINE	COC1=C(C=C2C(=C1)N=CN=C2NC3=CC(=C(C=C3)F)Cl)OCCCN4CCOCC4	0.6078698865965223
SNU620_STOMACH	COC1=C(C=C2C(=C1)N=CN=C2NC3=CC(=C(C=C3)F)Cl)OCCCN4CCOCC4	0.2026531935058637
SNU626_CENTRAL_NERVOUS_SYSTEM	COC1=C(C=C2C(=C1)N=CN=C2NC3=CC(=C(C=C3)F)Cl)OCCCN4CCOCC4	0.3167330320615776
SNU668_STOMACH	COC1=C(C=C2C(=C1)N=CN=C2NC3=CC(=C(C=C3)F)Cl)OCCCN4CCOCC4	0.5429420863385659
SNU685_ENDOMETRIUM	COC1=C(C=C2C(=C1)N=CN=C2NC3=CC(=C(C=C3)F)Cl)OCCCN4CCOCC4	0.7794086035517303
SNU719_STOMACH	COC1=C(C=C2C(=C1)N=CN=C2NC3=CC(=C(C=C3)F)Cl)OCCCN4CCOCC4	0.4756850309109642
SNU738_CENTRAL_NERVOUS_SYSTEM	COC1=C(C=C2C(=C1)N=CN=C2NC3=CC(=C(C=C3)F)Cl)OCCCN4CCOCC4	0.4928386125337131
SNU81_LARGE_INTESTINE	COC1=C(C=C2C(=C1)N=CN=C2NC3=CC(=C(C=C3)F)Cl)OCCCN4CCOCC4	1.0375370650622249
SNU840_OVARY	COC1=C(C=C2C(=C1)N=CN=C2NC3=CC(=C(C=C3)F)Cl)OCCCN4CCOCC4	0.2657527997818115
SNU869_BILIARY_TRACT	COC1=C(C=C2C(=C1)N=CN=C2NC3=CC(=C(C=C3)F)Cl)OCCCN4CCOCC4	0.3165898603745568
SNU886_LIVER	COC1=C(C=C2C(=C1)N=CN=C2NC3=CC(=C(C=C3)F)Cl)OCCCN4CCOCC4	0.4261524981060031
SNU899_UPPER_AERODIGESTIVE_TRACT	COC1=C(C=C2C(=C1)N=CN=C2NC3=CC(=C(C=C3)F)Cl)OCCCN4CCOCC4	0.4232641361101851
SNUC1_LARGE_INTESTINE	COC1=C(C=C2C(=C1)N=CN=C2NC3=CC(=C(C=C3)F)Cl)OCCCN4CCOCC4	0.7563077261049389
SNUC2B_LARGE_INTESTINE	COC1=C(C=C2C(=C1)N=CN=C2NC3=CC(=C(C=C3)F)Cl)OCCCN4CCOCC4	0.8870972440363176
SNUC4_LARGE_INTESTINE	COC1=C(C=C2C(=C1)N=CN=C2NC3=CC(=C(C=C3)F)Cl)OCCCN4CCOCC4	0.3216073412830691
SNUC5_LARGE_INTESTINE	COC1=C(C=C2C(=C1)N=CN=C2NC3=CC(=C(C=C3)F)Cl)OCCCN4CCOCC4	0.8276462549625219
SQ1_LUNG	COC1=C(C=C2C(=C1)N=CN=C2NC3=CC(=C(C=C3)F)Cl)OCCCN4CCOCC4	0.2246723393133125
ST486_HAEMATOPOIETIC_AND_LYMPHOID_TISSUE	COC1=C(C=C2C(=C1)N=CN=C2NC3=CC(=C(C=C3)F)Cl)OCCCN4CCOCC4	0.9232401043466997
SU8686_PANCREAS	COC1=C(C=C2C(=C1)N=CN=C2NC3=CC(=C(C=C3)F)Cl)OCCCN4CCOCC4	0.6784967619161385
SUDHL1_HAEMATOPOIETIC_AND_LYMPHOID_TISSUE	COC1=C(C=C2C(=C1)N=CN=C2NC3=CC(=C(C=C3)F)Cl)OCCCN4CCOCC4	0.1862849095427134
SUDHL4_HAEMATOPOIETIC_AND_LYMPHOID_TISSUE	COC1=C(C=C2C(=C1)N=CN=C2NC3=CC(=C(C=C3)F)Cl)OCCCN4CCOCC4	0.6975953769283079
SUDHL5_HAEMATOPOIETIC_AND_LYMPHOID_TISSUE	COC1=C(C=C2C(=C1)N=CN=C2NC3=CC(=C(C=C3)F)Cl)OCCCN4CCOCC4	0.8541883811908009
SUDHL6_HAEMATOPOIETIC_AND_LYMPHOID_TISSUE	COC1=C(C=C2C(=C1)N=CN=C2NC3=CC(=C(C=C3)F)Cl)OCCCN4CCOCC4	0.7712548083531782
SUIT2_PANCREAS	COC1=C(C=C2C(=C1)N=CN=C2NC3=CC(=C(C=C3)F)Cl)OCCCN4CCOCC4	0.8990437128237692
SUPB15_HAEMATOPOIETIC_AND_LYMPHOID_TISSUE	COC1=C(C=C2C(=C1)N=CN=C2NC3=CC(=C(C=C3)F)Cl)OCCCN4CCOCC4	0.7518658299470777
SUPM2_HAEMATOPOIETIC_AND_LYMPHOID_TISSUE	COC1=C(C=C2C(=C1)N=CN=C2NC3=CC(=C(C=C3)F)Cl)OCCCN4CCOCC4	0.701980051990908
SUPT11_HAEMATOPOIETIC_AND_LYMPHOID_TISSUE	COC1=C(C=C2C(=C1)N=CN=C2NC3=CC(=C(C=C3)F)Cl)OCCCN4CCOCC4	0.1919009455589563
SW1088_CENTRAL_NERVOUS_SYSTEM	COC1=C(C=C2C(=C1)N=CN=C2NC3=CC(=C(C=C3)F)Cl)OCCCN4CCOCC4	0.7216594797647983
SW1116_LARGE_INTESTINE	COC1=C(C=C2C(=C1)N=CN=C2NC3=CC(=C(C=C3)F)Cl)OCCCN4CCOCC4	0.8548581574868122
SW1353_BONE	COC1=C(C=C2C(=C1)N=CN=C2NC3=CC(=C(C=C3)F)Cl)OCCCN4CCOCC4	0.5513353007758045
SW13_ADRENAL_CORTEX	COC1=C(C=C2C(=C1)N=CN=C2NC3=CC(=C(C=C3)F)Cl)OCCCN4CCOCC4	0.8292671541091399
SW1417_LARGE_INTESTINE	COC1=C(C=C2C(=C1)N=CN=C2NC3=CC(=C(C=C3)F)Cl)OCCCN4CCOCC4	0.7833320348118634
SW1463_LARGE_INTESTINE	COC1=C(C=C2C(=C1)N=CN=C2NC3=CC(=C(C=C3)F)Cl)OCCCN4CCOCC4	0.6065668801792592
SW156_KIDNEY	COC1=C(C=C2C(=C1)N=CN=C2NC3=CC(=C(C=C3)F)Cl)OCCCN4CCOCC4	0.6263583159627364
SW1573_LUNG	COC1=C(C=C2C(=C1)N=CN=C2NC3=CC(=C(C=C3)F)Cl)OCCCN4CCOCC4	0.9703165141469985
SW1783_CENTRAL_NERVOUS_SYSTEM	COC1=C(C=C2C(=C1)N=CN=C2NC3=CC(=C(C=C3)F)Cl)OCCCN4CCOCC4	0.9540174959340193
SW48_LARGE_INTESTINE	COC1=C(C=C2C(=C1)N=CN=C2NC3=CC(=C(C=C3)F)Cl)OCCCN4CCOCC4	0.46592767073065006
SW579_THYROID	COC1=C(C=C2C(=C1)N=CN=C2NC3=CC(=C(C=C3)F)Cl)OCCCN4CCOCC4	0.2761376041698233
SW626_LARGE_INTESTINE	COC1=C(C=C2C(=C1)N=CN=C2NC3=CC(=C(C=C3)F)Cl)OCCCN4CCOCC4	0.9536332037997279
SW756_CERVIX	COC1=C(C=C2C(=C1)N=CN=C2NC3=CC(=C(C=C3)F)Cl)OCCCN4CCOCC4	1.1033955660465151
SW780_URINARY_TRACT	COC1=C(C=C2C(=C1)N=CN=C2NC3=CC(=C(C=C3)F)Cl)OCCCN4CCOCC4	1.000706974644356
SW837_LARGE_INTESTINE	COC1=C(C=C2C(=C1)N=CN=C2NC3=CC(=C(C=C3)F)Cl)OCCCN4CCOCC4	0.8801156353778659
SW900_LUNG	COC1=C(C=C2C(=C1)N=CN=C2NC3=CC(=C(C=C3)F)Cl)OCCCN4CCOCC4	0.9609302254512978
SW948_LARGE_INTESTINE	COC1=C(C=C2C(=C1)N=CN=C2NC3=CC(=C(C=C3)F)Cl)OCCCN4CCOCC4	0.880919206672191
SW962_VULVA	COC1=C(C=C2C(=C1)N=CN=C2NC3=CC(=C(C=C3)F)Cl)OCCCN4CCOCC4	0.7775898648960399
SW982_SOFT_TISSUE	COC1=C(C=C2C(=C1)N=CN=C2NC3=CC(=C(C=C3)F)Cl)OCCCN4CCOCC4	0.9323318954837881
T24_URINARY_TRACT	COC1=C(C=C2C(=C1)N=CN=C2NC3=CC(=C(C=C3)F)Cl)OCCCN4CCOCC4	0.7433449078158888
T3M10_LUNG	COC1=C(C=C2C(=C1)N=CN=C2NC3=CC(=C(C=C3)F)Cl)OCCCN4CCOCC4	0.4928290705778962
T47D_BREAST	COC1=C(C=C2C(=C1)N=CN=C2NC3=CC(=C(C=C3)F)Cl)OCCCN4CCOCC4	0.8072609144581229
T98G_CENTRAL_NERVOUS_SYSTEM	COC1=C(C=C2C(=C1)N=CN=C2NC3=CC(=C(C=C3)F)Cl)OCCCN4CCOCC4	0.801175048142181
TC71_BONE	COC1=C(C=C2C(=C1)N=CN=C2NC3=CC(=C(C=C3)F)Cl)OCCCN4CCOCC4	0.8871438470441962
TCYIK_CERVIX	COC1=C(C=C2C(=C1)N=CN=C2NC3=CC(=C(C=C3)F)Cl)OCCCN4CCOCC4	0.8904233367661151
TE10_OESOPHAGUS	COC1=C(C=C2C(=C1)N=CN=C2NC3=CC(=C(C=C3)F)Cl)OCCCN4CCOCC4	0.6226097294371327
TE11_OESOPHAGUS	COC1=C(C=C2C(=C1)N=CN=C2NC3=CC(=C(C=C3)F)Cl)OCCCN4CCOCC4	0.504487413797073
TE12_OESOPHAGUS	COC1=C(C=C2C(=C1)N=CN=C2NC3=CC(=C(C=C3)F)Cl)OCCCN4CCOCC4	0.6638751918952505
TE14_OESOPHAGUS	COC1=C(C=C2C(=C1)N=CN=C2NC3=CC(=C(C=C3)F)Cl)OCCCN4CCOCC4	0.2232532857056274
TE1_OESOPHAGUS	COC1=C(C=C2C(=C1)N=CN=C2NC3=CC(=C(C=C3)F)Cl)OCCCN4CCOCC4	0.7092531620218482
TE441T_SOFT_TISSUE	COC1=C(C=C2C(=C1)N=CN=C2NC3=CC(=C(C=C3)F)Cl)OCCCN4CCOCC4	0.3434096361253371
TE4_OESOPHAGUS	COC1=C(C=C2C(=C1)N=CN=C2NC3=CC(=C(C=C3)F)Cl)OCCCN4CCOCC4	0.5376159715642101
TE5_OESOPHAGUS	COC1=C(C=C2C(=C1)N=CN=C2NC3=CC(=C(C=C3)F)Cl)OCCCN4CCOCC4	0.7324485600282639
TE6_OESOPHAGUS	COC1=C(C=C2C(=C1)N=CN=C2NC3=CC(=C(C=C3)F)Cl)OCCCN4CCOCC4	0.4626108352611619
TE8_OESOPHAGUS	COC1=C(C=C2C(=C1)N=CN=C2NC3=CC(=C(C=C3)F)Cl)OCCCN4CCOCC4	0.6567090647040331
TE9_OESOPHAGUS	COC1=C(C=C2C(=C1)N=CN=C2NC3=CC(=C(C=C3)F)Cl)OCCCN4CCOCC4	0.7977018518011051
TF1_HAEMATOPOIETIC_AND_LYMPHOID_TISSUE	COC1=C(C=C2C(=C1)N=CN=C2NC3=CC(=C(C=C3)F)Cl)OCCCN4CCOCC4	0.4578268833904058
TGBC24TKB_BILIARY_TRACT	COC1=C(C=C2C(=C1)N=CN=C2NC3=CC(=C(C=C3)F)Cl)OCCCN4CCOCC4	0.7409269188134149
TGW_AUTONOMIC_GANGLIA	COC1=C(C=C2C(=C1)N=CN=C2NC3=CC(=C(C=C3)F)Cl)OCCCN4CCOCC4	1.0079663250037894
THP1_HAEMATOPOIETIC_AND_LYMPHOID_TISSUE	COC1=C(C=C2C(=C1)N=CN=C2NC3=CC(=C(C=C3)F)Cl)OCCCN4CCOCC4	0.6356011417802228
TK10_KIDNEY	COC1=C(C=C2C(=C1)N=CN=C2NC3=CC(=C(C=C3)F)Cl)OCCCN4CCOCC4	0.7703451082836623
TK_HAEMATOPOIETIC_AND_LYMPHOID_TISSUE	COC1=C(C=C2C(=C1)N=CN=C2NC3=CC(=C(C=C3)F)Cl)OCCCN4CCOCC4	0.947225324418737
TM31_CENTRAL_NERVOUS_SYSTEM	COC1=C(C=C2C(=C1)N=CN=C2NC3=CC(=C(C=C3)F)Cl)OCCCN4CCOCC4	0.4055366177762962
TMK1_STOMACH	COC1=C(C=C2C(=C1)N=CN=C2NC3=CC(=C(C=C3)F)Cl)OCCCN4CCOCC4	0.7878732064528936
TOV112D_OVARY	COC1=C(C=C2C(=C1)N=CN=C2NC3=CC(=C(C=C3)F)Cl)OCCCN4CCOCC4	0.7134291413647884
TT2609C02_THYROID	COC1=C(C=C2C(=C1)N=CN=C2NC3=CC(=C(C=C3)F)Cl)OCCCN4CCOCC4	0.8836151200795639
TTC709_SOFT_TISSUE	COC1=C(C=C2C(=C1)N=CN=C2NC3=CC(=C(C=C3)F)Cl)OCCCN4CCOCC4	0.6673801264854688
TT_OESOPHAGUS	COC1=C(C=C2C(=C1)N=CN=C2NC3=CC(=C(C=C3)F)Cl)OCCCN4CCOCC4	0.6674076397417447
TT_THYROID	COC1=C(C=C2C(=C1)N=CN=C2NC3=CC(=C(C=C3)F)Cl)OCCCN4CCOCC4	0.7088452896591185
TUHR10TKB_KIDNEY	COC1=C(C=C2C(=C1)N=CN=C2NC3=CC(=C(C=C3)F)Cl)OCCCN4CCOCC4	0.1181282590381526
TUHR14TKB_KIDNEY	COC1=C(C=C2C(=C1)N=CN=C2NC3=CC(=C(C=C3)F)Cl)OCCCN4CCOCC4	0.4141946854001221
TUHR4TKB_KIDNEY	COC1=C(C=C2C(=C1)N=CN=C2NC3=CC(=C(C=C3)F)Cl)OCCCN4CCOCC4	0.1989961423073426
TYKNU_OVARY	COC1=C(C=C2C(=C1)N=CN=C2NC3=CC(=C(C=C3)F)Cl)OCCCN4CCOCC4	0.7123161288714545
U251MG_CENTRAL_NERVOUS_SYSTEM	COC1=C(C=C2C(=C1)N=CN=C2NC3=CC(=C(C=C3)F)Cl)OCCCN4CCOCC4	0.7588083287614253
U266B1_HAEMATOPOIETIC_AND_LYMPHOID_TISSUE	COC1=C(C=C2C(=C1)N=CN=C2NC3=CC(=C(C=C3)F)Cl)OCCCN4CCOCC4	0.7475602125401126
U2OS_BONE	COC1=C(C=C2C(=C1)N=CN=C2NC3=CC(=C(C=C3)F)Cl)OCCCN4CCOCC4	0.8861662407246942
U87MG_CENTRAL_NERVOUS_SYSTEM	COC1=C(C=C2C(=C1)N=CN=C2NC3=CC(=C(C=C3)F)Cl)OCCCN4CCOCC4	0.829587302761717
U937_HAEMATOPOIETIC_AND_LYMPHOID_TISSUE	COC1=C(C=C2C(=C1)N=CN=C2NC3=CC(=C(C=C3)F)Cl)OCCCN4CCOCC4	0.3035895686232916
UACC62_SKIN	COC1=C(C=C2C(=C1)N=CN=C2NC3=CC(=C(C=C3)F)Cl)OCCCN4CCOCC4	0.7491828583611011
UACC812_BREAST	COC1=C(C=C2C(=C1)N=CN=C2NC3=CC(=C(C=C3)F)Cl)OCCCN4CCOCC4	0.9234421500337974
UACC893_BREAST	COC1=C(C=C2C(=C1)N=CN=C2NC3=CC(=C(C=C3)F)Cl)OCCCN4CCOCC4	1.1142391163069902
UBLC1_URINARY_TRACT	COC1=C(C=C2C(=C1)N=CN=C2NC3=CC(=C(C=C3)F)Cl)OCCCN4CCOCC4	0.032890087805691
UMC11_LUNG	COC1=C(C=C2C(=C1)N=CN=C2NC3=CC(=C(C=C3)F)Cl)OCCCN4CCOCC4	0.8936581728975946
UMUC3_URINARY_TRACT	COC1=C(C=C2C(=C1)N=CN=C2NC3=CC(=C(C=C3)F)Cl)OCCCN4CCOCC4	0.8485612692458749
UWB1289_OVARY	COC1=C(C=C2C(=C1)N=CN=C2NC3=CC(=C(C=C3)F)Cl)OCCCN4CCOCC4	0.7949697299160571
VAESBJ_SOFT_TISSUE	COC1=C(C=C2C(=C1)N=CN=C2NC3=CC(=C(C=C3)F)Cl)OCCCN4CCOCC4	0.8907195400352164
VAL_HAEMATOPOIETIC_AND_LYMPHOID_TISSUE	COC1=C(C=C2C(=C1)N=CN=C2NC3=CC(=C(C=C3)F)Cl)OCCCN4CCOCC4	0.9490634459812184
VCAP_PROSTATE	COC1=C(C=C2C(=C1)N=CN=C2NC3=CC(=C(C=C3)F)Cl)OCCCN4CCOCC4	0.9250718646206536
VMCUB1_URINARY_TRACT	COC1=C(C=C2C(=C1)N=CN=C2NC3=CC(=C(C=C3)F)Cl)OCCCN4CCOCC4	0.6871746423517746
VMRCLCD_LUNG	COC1=C(C=C2C(=C1)N=CN=C2NC3=CC(=C(C=C3)F)Cl)OCCCN4CCOCC4	0.8972727503119128
VMRCMELG_SKIN	COC1=C(C=C2C(=C1)N=CN=C2NC3=CC(=C(C=C3)F)Cl)OCCCN4CCOCC4	0.99592814016654
VMRCRCW_KIDNEY	COC1=C(C=C2C(=C1)N=CN=C2NC3=CC(=C(C=C3)F)Cl)OCCCN4CCOCC4	0.5946401224383879
VMRCRCZ_KIDNEY	COC1=C(C=C2C(=C1)N=CN=C2NC3=CC(=C(C=C3)F)Cl)OCCCN4CCOCC4	0.7724380418936495
WIL2NS_HAEMATOPOIETIC_AND_LYMPHOID_TISSUE	COC1=C(C=C2C(=C1)N=CN=C2NC3=CC(=C(C=C3)F)Cl)OCCCN4CCOCC4	1.031876522866166
WM115_SKIN	COC1=C(C=C2C(=C1)N=CN=C2NC3=CC(=C(C=C3)F)Cl)OCCCN4CCOCC4	0.6421611793380847
WM1799_SKIN	COC1=C(C=C2C(=C1)N=CN=C2NC3=CC(=C(C=C3)F)Cl)OCCCN4CCOCC4	0.5385452603188071
WM35_SKIN	COC1=C(C=C2C(=C1)N=CN=C2NC3=CC(=C(C=C3)F)Cl)OCCCN4CCOCC4	0.6949029850335445
WM88_SKIN	COC1=C(C=C2C(=C1)N=CN=C2NC3=CC(=C(C=C3)F)Cl)OCCCN4CCOCC4	0.3383253583441922
WM983B_SKIN	COC1=C(C=C2C(=C1)N=CN=C2NC3=CC(=C(C=C3)F)Cl)OCCCN4CCOCC4	0.3725674560592745
WSUDLCL2_HAEMATOPOIETIC_AND_LYMPHOID_TISSUE	COC1=C(C=C2C(=C1)N=CN=C2NC3=CC(=C(C=C3)F)Cl)OCCCN4CCOCC4	0.6829783256133134
YAMATO_SOFT_TISSUE	COC1=C(C=C2C(=C1)N=CN=C2NC3=CC(=C(C=C3)F)Cl)OCCCN4CCOCC4	1.003223287069305
YAPC_PANCREAS	COC1=C(C=C2C(=C1)N=CN=C2NC3=CC(=C(C=C3)F)Cl)OCCCN4CCOCC4	0.7893116257375438
YD15_SALIVARY_GLAND	COC1=C(C=C2C(=C1)N=CN=C2NC3=CC(=C(C=C3)F)Cl)OCCCN4CCOCC4	0.1156680438208376
YH13_CENTRAL_NERVOUS_SYSTEM	COC1=C(C=C2C(=C1)N=CN=C2NC3=CC(=C(C=C3)F)Cl)OCCCN4CCOCC4	0.8484825533612828
YKG1_CENTRAL_NERVOUS_SYSTEM	COC1=C(C=C2C(=C1)N=CN=C2NC3=CC(=C(C=C3)F)Cl)OCCCN4CCOCC4	0.8060064111656122
YT_HAEMATOPOIETIC_AND_LYMPHOID_TISSUE	COC1=C(C=C2C(=C1)N=CN=C2NC3=CC(=C(C=C3)F)Cl)OCCCN4CCOCC4	0.8908652875192165
ZR7530_BREAST	COC1=C(C=C2C(=C1)N=CN=C2NC3=CC(=C(C=C3)F)Cl)OCCCN4CCOCC4	0.7219896260735478
