22RV1_PROSTATE	CN1CCC(CC1)COC2=C(C=C3C(=C2)N=CN=C3NC4=C(C=C(C=C4)Br)F)OC	0.6276035850657615
253JBV_URINARY_TRACT	CN1CCC(CC1)COC2=C(C=C3C(=C2)N=CN=C3NC4=C(C=C(C=C4)Br)F)OC	0.214238258810873
253J_URINARY_TRACT	CN1CCC(CC1)COC2=C(C=C3C(=C2)N=CN=C3NC4=C(C=C(C=C4)Br)F)OC	0.3653492924028
639V_URINARY_TRACT	CN1CCC(CC1)COC2=C(C=C3C(=C2)N=CN=C3NC4=C(C=C(C=C4)Br)F)OC	0.7885388584156614
647V_URINARY_TRACT	CN1CCC(CC1)COC2=C(C=C3C(=C2)N=CN=C3NC4=C(C=C(C=C4)Br)F)OC	0.2439243618921781
697_HAEMATOPOIETIC_AND_LYMPHOID_TISSUE	CN1CCC(CC1)COC2=C(C=C3C(=C2)N=CN=C3NC4=C(C=C(C=C4)Br)F)OC	0.1605415697445377
786O_KIDNEY	CN1CCC(CC1)COC2=C(C=C3C(=C2)N=CN=C3NC4=C(C=C(C=C4)Br)F)OC	0.3218895688505712
8505C_THYROID	CN1CCC(CC1)COC2=C(C=C3C(=C2)N=CN=C3NC4=C(C=C(C=C4)Br)F)OC	0.3346088195096821
8MGBA_CENTRAL_NERVOUS_SYSTEM	CN1CCC(CC1)COC2=C(C=C3C(=C2)N=CN=C3NC4=C(C=C(C=C4)Br)F)OC	0.6909932632936288
A101D_SKIN	CN1CCC(CC1)COC2=C(C=C3C(=C2)N=CN=C3NC4=C(C=C(C=C4)Br)F)OC	0.1967259231255275
A172_CENTRAL_NERVOUS_SYSTEM	CN1CCC(CC1)COC2=C(C=C3C(=C2)N=CN=C3NC4=C(C=C(C=C4)Br)F)OC	0.5948392169222377
A2058_SKIN	CN1CCC(CC1)COC2=C(C=C3C(=C2)N=CN=C3NC4=C(C=C(C=C4)Br)F)OC	0.2888403499308289
A253_SALIVARY_GLAND	CN1CCC(CC1)COC2=C(C=C3C(=C2)N=CN=C3NC4=C(C=C(C=C4)Br)F)OC	0.3682428768493815
A2780_OVARY	CN1CCC(CC1)COC2=C(C=C3C(=C2)N=CN=C3NC4=C(C=C(C=C4)Br)F)OC	0.285187601366708
A375_SKIN	CN1CCC(CC1)COC2=C(C=C3C(=C2)N=CN=C3NC4=C(C=C(C=C4)Br)F)OC	0.6901175014394811
A3KAW_HAEMATOPOIETIC_AND_LYMPHOID_TISSUE	CN1CCC(CC1)COC2=C(C=C3C(=C2)N=CN=C3NC4=C(C=C(C=C4)Br)F)OC	0.9435315405769872
A4FUK_HAEMATOPOIETIC_AND_LYMPHOID_TISSUE	CN1CCC(CC1)COC2=C(C=C3C(=C2)N=CN=C3NC4=C(C=C(C=C4)Br)F)OC	0.2848094432407043
A549_LUNG	CN1CCC(CC1)COC2=C(C=C3C(=C2)N=CN=C3NC4=C(C=C(C=C4)Br)F)OC	0.4539547650651042
A673_BONE	CN1CCC(CC1)COC2=C(C=C3C(=C2)N=CN=C3NC4=C(C=C(C=C4)Br)F)OC	0.1749010106366859
ACHN_KIDNEY	CN1CCC(CC1)COC2=C(C=C3C(=C2)N=CN=C3NC4=C(C=C(C=C4)Br)F)OC	0.4759302859264197
AGS_STOMACH	CN1CCC(CC1)COC2=C(C=C3C(=C2)N=CN=C3NC4=C(C=C(C=C4)Br)F)OC	0.8671480887299614
ALLSIL_HAEMATOPOIETIC_AND_LYMPHOID_TISSUE	CN1CCC(CC1)COC2=C(C=C3C(=C2)N=CN=C3NC4=C(C=C(C=C4)Br)F)OC	0.3451433501015182
AML193_HAEMATOPOIETIC_AND_LYMPHOID_TISSUE	CN1CCC(CC1)COC2=C(C=C3C(=C2)N=CN=C3NC4=C(C=C(C=C4)Br)F)OC	0.3739405699415133
ASPC1_PANCREAS	CN1CCC(CC1)COC2=C(C=C3C(=C2)N=CN=C3NC4=C(C=C(C=C4)Br)F)OC	0.5312444932336245
BCPAP_THYROID	CN1CCC(CC1)COC2=C(C=C3C(=C2)N=CN=C3NC4=C(C=C(C=C4)Br)F)OC	0.6547365993393539
BDCM_HAEMATOPOIETIC_AND_LYMPHOID_TISSUE	CN1CCC(CC1)COC2=C(C=C3C(=C2)N=CN=C3NC4=C(C=C(C=C4)Br)F)OC	0.1875802366738385
BECKER_CENTRAL_NERVOUS_SYSTEM	CN1CCC(CC1)COC2=C(C=C3C(=C2)N=CN=C3NC4=C(C=C(C=C4)Br)F)OC	0.7616923646887689
BEN_LUNG	CN1CCC(CC1)COC2=C(C=C3C(=C2)N=CN=C3NC4=C(C=C(C=C4)Br)F)OC	0.8260045049699979
BFTC905_URINARY_TRACT	CN1CCC(CC1)COC2=C(C=C3C(=C2)N=CN=C3NC4=C(C=C(C=C4)Br)F)OC	0.3720346896875663
BFTC909_KIDNEY	CN1CCC(CC1)COC2=C(C=C3C(=C2)N=CN=C3NC4=C(C=C(C=C4)Br)F)OC	0.4127494593017969
BICR16_UPPER_AERODIGESTIVE_TRACT	CN1CCC(CC1)COC2=C(C=C3C(=C2)N=CN=C3NC4=C(C=C(C=C4)Br)F)OC	0.2720899422709779
BICR31_UPPER_AERODIGESTIVE_TRACT	CN1CCC(CC1)COC2=C(C=C3C(=C2)N=CN=C3NC4=C(C=C(C=C4)Br)F)OC	0.2120513194339222
BICR6_UPPER_AERODIGESTIVE_TRACT	CN1CCC(CC1)COC2=C(C=C3C(=C2)N=CN=C3NC4=C(C=C(C=C4)Br)F)OC	0.2439281756265341
BL70_HAEMATOPOIETIC_AND_LYMPHOID_TISSUE	CN1CCC(CC1)COC2=C(C=C3C(=C2)N=CN=C3NC4=C(C=C(C=C4)Br)F)OC	0.485899449225734
BT20_BREAST	CN1CCC(CC1)COC2=C(C=C3C(=C2)N=CN=C3NC4=C(C=C(C=C4)Br)F)OC	0.6230051747780235
BT474_BREAST	CN1CCC(CC1)COC2=C(C=C3C(=C2)N=CN=C3NC4=C(C=C(C=C4)Br)F)OC	0.5920737878053214
BV173_HAEMATOPOIETIC_AND_LYMPHOID_TISSUE	CN1CCC(CC1)COC2=C(C=C3C(=C2)N=CN=C3NC4=C(C=C(C=C4)Br)F)OC	0.2022842608866935
BXPC3_PANCREAS	CN1CCC(CC1)COC2=C(C=C3C(=C2)N=CN=C3NC4=C(C=C(C=C4)Br)F)OC	0.3673596827080428
C2BBE1_LARGE_INTESTINE	CN1CCC(CC1)COC2=C(C=C3C(=C2)N=CN=C3NC4=C(C=C(C=C4)Br)F)OC	0.1505502847055971
CAKI1_KIDNEY	CN1CCC(CC1)COC2=C(C=C3C(=C2)N=CN=C3NC4=C(C=C(C=C4)Br)F)OC	0.4497286055360175
CAL12T_LUNG	CN1CCC(CC1)COC2=C(C=C3C(=C2)N=CN=C3NC4=C(C=C(C=C4)Br)F)OC	0.4736293040487301
CAL148_BREAST	CN1CCC(CC1)COC2=C(C=C3C(=C2)N=CN=C3NC4=C(C=C(C=C4)Br)F)OC	0.7180351034911207
CAL29_URINARY_TRACT	CN1CCC(CC1)COC2=C(C=C3C(=C2)N=CN=C3NC4=C(C=C(C=C4)Br)F)OC	0.2147780482741901
CAL33_UPPER_AERODIGESTIVE_TRACT	CN1CCC(CC1)COC2=C(C=C3C(=C2)N=CN=C3NC4=C(C=C(C=C4)Br)F)OC	0.1420562133701021
CAL51_BREAST	CN1CCC(CC1)COC2=C(C=C3C(=C2)N=CN=C3NC4=C(C=C(C=C4)Br)F)OC	0.3153525440935814
CAL54_KIDNEY	CN1CCC(CC1)COC2=C(C=C3C(=C2)N=CN=C3NC4=C(C=C(C=C4)Br)F)OC	0.0617273002212188
CAL62_THYROID	CN1CCC(CC1)COC2=C(C=C3C(=C2)N=CN=C3NC4=C(C=C(C=C4)Br)F)OC	0.4324417649019667
CAL851_BREAST	CN1CCC(CC1)COC2=C(C=C3C(=C2)N=CN=C3NC4=C(C=C(C=C4)Br)F)OC	0.1404312977504244
CALU1_LUNG	CN1CCC(CC1)COC2=C(C=C3C(=C2)N=CN=C3NC4=C(C=C(C=C4)Br)F)OC	0.6468336252613716
CALU3_LUNG	CN1CCC(CC1)COC2=C(C=C3C(=C2)N=CN=C3NC4=C(C=C(C=C4)Br)F)OC	0.1223641695202884
CALU6_LUNG	CN1CCC(CC1)COC2=C(C=C3C(=C2)N=CN=C3NC4=C(C=C(C=C4)Br)F)OC	0.7868631492817745
CAOV3_OVARY	CN1CCC(CC1)COC2=C(C=C3C(=C2)N=CN=C3NC4=C(C=C(C=C4)Br)F)OC	0.50924045896721
CAPAN2_PANCREAS	CN1CCC(CC1)COC2=C(C=C3C(=C2)N=CN=C3NC4=C(C=C(C=C4)Br)F)OC	0.4582105774417406
CAS1_CENTRAL_NERVOUS_SYSTEM	CN1CCC(CC1)COC2=C(C=C3C(=C2)N=CN=C3NC4=C(C=C(C=C4)Br)F)OC	0.25527037735992
CCFSTTG1_CENTRAL_NERVOUS_SYSTEM	CN1CCC(CC1)COC2=C(C=C3C(=C2)N=CN=C3NC4=C(C=C(C=C4)Br)F)OC	0.7618295299595218
CFPAC1_PANCREAS	CN1CCC(CC1)COC2=C(C=C3C(=C2)N=CN=C3NC4=C(C=C(C=C4)Br)F)OC	0.5239356827686525
CGTHW1_THYROID	CN1CCC(CC1)COC2=C(C=C3C(=C2)N=CN=C3NC4=C(C=C(C=C4)Br)F)OC	0.4356156903448693
CHAGOK1_LUNG	CN1CCC(CC1)COC2=C(C=C3C(=C2)N=CN=C3NC4=C(C=C(C=C4)Br)F)OC	0.5156701967483862
CI1_HAEMATOPOIETIC_AND_LYMPHOID_TISSUE	CN1CCC(CC1)COC2=C(C=C3C(=C2)N=CN=C3NC4=C(C=C(C=C4)Br)F)OC	0.4233651734901058
CL11_LARGE_INTESTINE	CN1CCC(CC1)COC2=C(C=C3C(=C2)N=CN=C3NC4=C(C=C(C=C4)Br)F)OC	0.4858815539864843
CMK_HAEMATOPOIETIC_AND_LYMPHOID_TISSUE	CN1CCC(CC1)COC2=C(C=C3C(=C2)N=CN=C3NC4=C(C=C(C=C4)Br)F)OC	0.9294733687384464
CMLT1_HAEMATOPOIETIC_AND_LYMPHOID_TISSUE	CN1CCC(CC1)COC2=C(C=C3C(=C2)N=CN=C3NC4=C(C=C(C=C4)Br)F)OC	0.3432621154428921
COLO205_LARGE_INTESTINE	CN1CCC(CC1)COC2=C(C=C3C(=C2)N=CN=C3NC4=C(C=C(C=C4)Br)F)OC	0.9609386570047576
COLO320_LARGE_INTESTINE	CN1CCC(CC1)COC2=C(C=C3C(=C2)N=CN=C3NC4=C(C=C(C=C4)Br)F)OC	0.3918849671202157
COLO668_LUNG	CN1CCC(CC1)COC2=C(C=C3C(=C2)N=CN=C3NC4=C(C=C(C=C4)Br)F)OC	0.3378293121761265
COLO678_LARGE_INTESTINE	CN1CCC(CC1)COC2=C(C=C3C(=C2)N=CN=C3NC4=C(C=C(C=C4)Br)F)OC	0.4002800916694445
COLO680N_OESOPHAGUS	CN1CCC(CC1)COC2=C(C=C3C(=C2)N=CN=C3NC4=C(C=C(C=C4)Br)F)OC	0.4911781018546578
COLO699_LUNG	CN1CCC(CC1)COC2=C(C=C3C(=C2)N=CN=C3NC4=C(C=C(C=C4)Br)F)OC	0.580774504969998
COLO792_SKIN	CN1CCC(CC1)COC2=C(C=C3C(=C2)N=CN=C3NC4=C(C=C(C=C4)Br)F)OC	0.1169720694770432
COLO800_SKIN	CN1CCC(CC1)COC2=C(C=C3C(=C2)N=CN=C3NC4=C(C=C(C=C4)Br)F)OC	0.6757256456451906
COLO829_SKIN	CN1CCC(CC1)COC2=C(C=C3C(=C2)N=CN=C3NC4=C(C=C(C=C4)Br)F)OC	0.6461625446996787
CORL105_LUNG	CN1CCC(CC1)COC2=C(C=C3C(=C2)N=CN=C3NC4=C(C=C(C=C4)Br)F)OC	0.0793136831494057
CORL279_LUNG	CN1CCC(CC1)COC2=C(C=C3C(=C2)N=CN=C3NC4=C(C=C(C=C4)Br)F)OC	0.4162141217158095
COV434_OVARY	CN1CCC(CC1)COC2=C(C=C3C(=C2)N=CN=C3NC4=C(C=C(C=C4)Br)F)OC	0.3937842005060759
COV644_OVARY	CN1CCC(CC1)COC2=C(C=C3C(=C2)N=CN=C3NC4=C(C=C(C=C4)Br)F)OC	0.5034479409358142
CW2_LARGE_INTESTINE	CN1CCC(CC1)COC2=C(C=C3C(=C2)N=CN=C3NC4=C(C=C(C=C4)Br)F)OC	0.5102277121340686
D283MED_CENTRAL_NERVOUS_SYSTEM	CN1CCC(CC1)COC2=C(C=C3C(=C2)N=CN=C3NC4=C(C=C(C=C4)Br)F)OC	0.2341009418467226
DANG_PANCREAS	CN1CCC(CC1)COC2=C(C=C3C(=C2)N=CN=C3NC4=C(C=C(C=C4)Br)F)OC	0.7914175162131037
DAUDI_HAEMATOPOIETIC_AND_LYMPHOID_TISSUE	CN1CCC(CC1)COC2=C(C=C3C(=C2)N=CN=C3NC4=C(C=C(C=C4)Br)F)OC	0.1103274485590472
DETROIT562_UPPER_AERODIGESTIVE_TRACT	CN1CCC(CC1)COC2=C(C=C3C(=C2)N=CN=C3NC4=C(C=C(C=C4)Br)F)OC	0.594722545305776
DLD1_LARGE_INTESTINE	CN1CCC(CC1)COC2=C(C=C3C(=C2)N=CN=C3NC4=C(C=C(C=C4)Br)F)OC	0.8885030524577247
DMS273_LUNG	CN1CCC(CC1)COC2=C(C=C3C(=C2)N=CN=C3NC4=C(C=C(C=C4)Br)F)OC	0.4250136043233083
DMS454_LUNG	CN1CCC(CC1)COC2=C(C=C3C(=C2)N=CN=C3NC4=C(C=C(C=C4)Br)F)OC	0.1868014454983484
DMS53_LUNG	CN1CCC(CC1)COC2=C(C=C3C(=C2)N=CN=C3NC4=C(C=C(C=C4)Br)F)OC	0.2271581985817751
DOV13_OVARY	CN1CCC(CC1)COC2=C(C=C3C(=C2)N=CN=C3NC4=C(C=C(C=C4)Br)F)OC	0.8692715755500332
DU145_PROSTATE	CN1CCC(CC1)COC2=C(C=C3C(=C2)N=CN=C3NC4=C(C=C(C=C4)Br)F)OC	0.445321871988545
DU4475_BREAST	CN1CCC(CC1)COC2=C(C=C3C(=C2)N=CN=C3NC4=C(C=C(C=C4)Br)F)OC	0.310565346677172
DV90_LUNG	CN1CCC(CC1)COC2=C(C=C3C(=C2)N=CN=C3NC4=C(C=C(C=C4)Br)F)OC	0.1957305697899936
ECC10_STOMACH	CN1CCC(CC1)COC2=C(C=C3C(=C2)N=CN=C3NC4=C(C=C(C=C4)Br)F)OC	0.3338383677535683
ECC12_STOMACH	CN1CCC(CC1)COC2=C(C=C3C(=C2)N=CN=C3NC4=C(C=C(C=C4)Br)F)OC	0.8195546540699435
ECGI10_OESOPHAGUS	CN1CCC(CC1)COC2=C(C=C3C(=C2)N=CN=C3NC4=C(C=C(C=C4)Br)F)OC	0.327265307736598
EFE184_ENDOMETRIUM	CN1CCC(CC1)COC2=C(C=C3C(=C2)N=CN=C3NC4=C(C=C(C=C4)Br)F)OC	0.3027698417376284
EFO21_OVARY	CN1CCC(CC1)COC2=C(C=C3C(=C2)N=CN=C3NC4=C(C=C(C=C4)Br)F)OC	0.6336448978756931
EFO27_OVARY	CN1CCC(CC1)COC2=C(C=C3C(=C2)N=CN=C3NC4=C(C=C(C=C4)Br)F)OC	0.3997430905481983
EJM_HAEMATOPOIETIC_AND_LYMPHOID_TISSUE	CN1CCC(CC1)COC2=C(C=C3C(=C2)N=CN=C3NC4=C(C=C(C=C4)Br)F)OC	0.6858009015697921
EKVX_LUNG	CN1CCC(CC1)COC2=C(C=C3C(=C2)N=CN=C3NC4=C(C=C(C=C4)Br)F)OC	0.2050577324312857
EM2_HAEMATOPOIETIC_AND_LYMPHOID_TISSUE	CN1CCC(CC1)COC2=C(C=C3C(=C2)N=CN=C3NC4=C(C=C(C=C4)Br)F)OC	0.3028318802084911
EOL1_HAEMATOPOIETIC_AND_LYMPHOID_TISSUE	CN1CCC(CC1)COC2=C(C=C3C(=C2)N=CN=C3NC4=C(C=C(C=C4)Br)F)OC	0.0229572300675778
EPLC272H_LUNG	CN1CCC(CC1)COC2=C(C=C3C(=C2)N=CN=C3NC4=C(C=C(C=C4)Br)F)OC	0.2550361820812751
ES2_OVARY	CN1CCC(CC1)COC2=C(C=C3C(=C2)N=CN=C3NC4=C(C=C(C=C4)Br)F)OC	0.8797291393678596
ESS1_ENDOMETRIUM	CN1CCC(CC1)COC2=C(C=C3C(=C2)N=CN=C3NC4=C(C=C(C=C4)Br)F)OC	0.4632832706766917
F36P_HAEMATOPOIETIC_AND_LYMPHOID_TISSUE	CN1CCC(CC1)COC2=C(C=C3C(=C2)N=CN=C3NC4=C(C=C(C=C4)Br)F)OC	0.4988806077456891
FADU_UPPER_AERODIGESTIVE_TRACT	CN1CCC(CC1)COC2=C(C=C3C(=C2)N=CN=C3NC4=C(C=C(C=C4)Br)F)OC	0.363258496999909
FTC238_THYROID	CN1CCC(CC1)COC2=C(C=C3C(=C2)N=CN=C3NC4=C(C=C(C=C4)Br)F)OC	0.4935466325180806
G292CLONEA141B1_BONE	CN1CCC(CC1)COC2=C(C=C3C(=C2)N=CN=C3NC4=C(C=C(C=C4)Br)F)OC	0.4947376754651796
G361_SKIN	CN1CCC(CC1)COC2=C(C=C3C(=C2)N=CN=C3NC4=C(C=C(C=C4)Br)F)OC	0.2024705799418164
G401_SOFT_TISSUE	CN1CCC(CC1)COC2=C(C=C3C(=C2)N=CN=C3NC4=C(C=C(C=C4)Br)F)OC	0.2459365517136882
G402_SOFT_TISSUE	CN1CCC(CC1)COC2=C(C=C3C(=C2)N=CN=C3NC4=C(C=C(C=C4)Br)F)OC	0.246273096046568
GA10_HAEMATOPOIETIC_AND_LYMPHOID_TISSUE	CN1CCC(CC1)COC2=C(C=C3C(=C2)N=CN=C3NC4=C(C=C(C=C4)Br)F)OC	0.1310187895845328
GAMG_CENTRAL_NERVOUS_SYSTEM	CN1CCC(CC1)COC2=C(C=C3C(=C2)N=CN=C3NC4=C(C=C(C=C4)Br)F)OC	0.272568969893027
GB1_CENTRAL_NERVOUS_SYSTEM	CN1CCC(CC1)COC2=C(C=C3C(=C2)N=CN=C3NC4=C(C=C(C=C4)Br)F)OC	0.3859651254583472
GOS3_CENTRAL_NERVOUS_SYSTEM	CN1CCC(CC1)COC2=C(C=C3C(=C2)N=CN=C3NC4=C(C=C(C=C4)Br)F)OC	0.508690392357707
GRANTA519_HAEMATOPOIETIC_AND_LYMPHOID_TISSUE	CN1CCC(CC1)COC2=C(C=C3C(=C2)N=CN=C3NC4=C(C=C(C=C4)Br)F)OC	0.4207297768046548
GSS_STOMACH	CN1CCC(CC1)COC2=C(C=C3C(=C2)N=CN=C3NC4=C(C=C(C=C4)Br)F)OC	0.433332672434693
GSU_STOMACH	CN1CCC(CC1)COC2=C(C=C3C(=C2)N=CN=C3NC4=C(C=C(C=C4)Br)F)OC	0.6670757818655676
HCC1171_LUNG	CN1CCC(CC1)COC2=C(C=C3C(=C2)N=CN=C3NC4=C(C=C(C=C4)Br)F)OC	0.3815315566380799
HCC1195_LUNG	CN1CCC(CC1)COC2=C(C=C3C(=C2)N=CN=C3NC4=C(C=C(C=C4)Br)F)OC	0.7093072740083033
HCC1428_BREAST	CN1CCC(CC1)COC2=C(C=C3C(=C2)N=CN=C3NC4=C(C=C(C=C4)Br)F)OC	0.4027542545986241
HCC1438_LUNG	CN1CCC(CC1)COC2=C(C=C3C(=C2)N=CN=C3NC4=C(C=C(C=C4)Br)F)OC	0.6547163884511651
HCC1500_BREAST	CN1CCC(CC1)COC2=C(C=C3C(=C2)N=CN=C3NC4=C(C=C(C=C4)Br)F)OC	0.5590242066426255
HCC1569_BREAST	CN1CCC(CC1)COC2=C(C=C3C(=C2)N=CN=C3NC4=C(C=C(C=C4)Br)F)OC	0.2191174422709779
HCC1806_BREAST	CN1CCC(CC1)COC2=C(C=C3C(=C2)N=CN=C3NC4=C(C=C(C=C4)Br)F)OC	0.5636714119037516
HCC1833_LUNG	CN1CCC(CC1)COC2=C(C=C3C(=C2)N=CN=C3NC4=C(C=C(C=C4)Br)F)OC	0.7790345880178187
HCC1937_BREAST	CN1CCC(CC1)COC2=C(C=C3C(=C2)N=CN=C3NC4=C(C=C(C=C4)Br)F)OC	0.5674847095278501
HCC202_BREAST	CN1CCC(CC1)COC2=C(C=C3C(=C2)N=CN=C3NC4=C(C=C(C=C4)Br)F)OC	0.5858081317615685
HCC2218_BREAST	CN1CCC(CC1)COC2=C(C=C3C(=C2)N=CN=C3NC4=C(C=C(C=C4)Br)F)OC	0.7035832791381296
HCC2279_LUNG	CN1CCC(CC1)COC2=C(C=C3C(=C2)N=CN=C3NC4=C(C=C(C=C4)Br)F)OC	0.5993258073216557
HCC2935_LUNG	CN1CCC(CC1)COC2=C(C=C3C(=C2)N=CN=C3NC4=C(C=C(C=C4)Br)F)OC	0.0742182069911209
HCC366_LUNG	CN1CCC(CC1)COC2=C(C=C3C(=C2)N=CN=C3NC4=C(C=C(C=C4)Br)F)OC	0.5279380645796714
HCC44_LUNG	CN1CCC(CC1)COC2=C(C=C3C(=C2)N=CN=C3NC4=C(C=C(C=C4)Br)F)OC	0.1889557225218945
HCC56_LARGE_INTESTINE	CN1CCC(CC1)COC2=C(C=C3C(=C2)N=CN=C3NC4=C(C=C(C=C4)Br)F)OC	0.7317817140432752
HCC827_LUNG	CN1CCC(CC1)COC2=C(C=C3C(=C2)N=CN=C3NC4=C(C=C(C=C4)Br)F)OC	0.1087525243954178
HCT116_LARGE_INTESTINE	CN1CCC(CC1)COC2=C(C=C3C(=C2)N=CN=C3NC4=C(C=C(C=C4)Br)F)OC	0.9144440751234886
HCT15_LARGE_INTESTINE	CN1CCC(CC1)COC2=C(C=C3C(=C2)N=CN=C3NC4=C(C=C(C=C4)Br)F)OC	0.2597869520288493
HDLM2_HAEMATOPOIETIC_AND_LYMPHOID_TISSUE	CN1CCC(CC1)COC2=C(C=C3C(=C2)N=CN=C3NC4=C(C=C(C=C4)Br)F)OC	0.5238722074065094
HDMYZ_HAEMATOPOIETIC_AND_LYMPHOID_TISSUE	CN1CCC(CC1)COC2=C(C=C3C(=C2)N=CN=C3NC4=C(C=C(C=C4)Br)F)OC	0.4782619208157822
HDQP1_BREAST	CN1CCC(CC1)COC2=C(C=C3C(=C2)N=CN=C3NC4=C(C=C(C=C4)Br)F)OC	0.5731136206739801
HEC108_ENDOMETRIUM	CN1CCC(CC1)COC2=C(C=C3C(=C2)N=CN=C3NC4=C(C=C(C=C4)Br)F)OC	0.8425395086214733
HEC151_ENDOMETRIUM	CN1CCC(CC1)COC2=C(C=C3C(=C2)N=CN=C3NC4=C(C=C(C=C4)Br)F)OC	0.5158009553319797
HEC1B_ENDOMETRIUM	CN1CCC(CC1)COC2=C(C=C3C(=C2)N=CN=C3NC4=C(C=C(C=C4)Br)F)OC	0.600143437463231
HEC251_ENDOMETRIUM	CN1CCC(CC1)COC2=C(C=C3C(=C2)N=CN=C3NC4=C(C=C(C=C4)Br)F)OC	0.7608321987696223
HEC265_ENDOMETRIUM	CN1CCC(CC1)COC2=C(C=C3C(=C2)N=CN=C3NC4=C(C=C(C=C4)Br)F)OC	1.0100304363011
HEC50B_ENDOMETRIUM	CN1CCC(CC1)COC2=C(C=C3C(=C2)N=CN=C3NC4=C(C=C(C=C4)Br)F)OC	0.8371493590520636
HEC59_ENDOMETRIUM	CN1CCC(CC1)COC2=C(C=C3C(=C2)N=CN=C3NC4=C(C=C(C=C4)Br)F)OC	0.813900087884114
HEC6_ENDOMETRIUM	CN1CCC(CC1)COC2=C(C=C3C(=C2)N=CN=C3NC4=C(C=C(C=C4)Br)F)OC	0.8820209761659443
HEL9217_HAEMATOPOIETIC_AND_LYMPHOID_TISSUE	CN1CCC(CC1)COC2=C(C=C3C(=C2)N=CN=C3NC4=C(C=C(C=C4)Br)F)OC	0.545597525303797
HEL_HAEMATOPOIETIC_AND_LYMPHOID_TISSUE	CN1CCC(CC1)COC2=C(C=C3C(=C2)N=CN=C3NC4=C(C=C(C=C4)Br)F)OC	1.065940433801024
HEP3B217_LIVER	CN1CCC(CC1)COC2=C(C=C3C(=C2)N=CN=C3NC4=C(C=C(C=C4)Br)F)OC	0.7736039404635838
HEPG2_LIVER	CN1CCC(CC1)COC2=C(C=C3C(=C2)N=CN=C3NC4=C(C=C(C=C4)Br)F)OC	0.4710299898478695
HEYA8_OVARY	CN1CCC(CC1)COC2=C(C=C3C(=C2)N=CN=C3NC4=C(C=C(C=C4)Br)F)OC	0.6992417484392992
HH_HAEMATOPOIETIC_AND_LYMPHOID_TISSUE	CN1CCC(CC1)COC2=C(C=C3C(=C2)N=CN=C3NC4=C(C=C(C=C4)Br)F)OC	0.2600450989423922
HL60_HAEMATOPOIETIC_AND_LYMPHOID_TISSUE	CN1CCC(CC1)COC2=C(C=C3C(=C2)N=CN=C3NC4=C(C=C(C=C4)Br)F)OC	0.610961259432104
HMC18_BREAST	CN1CCC(CC1)COC2=C(C=C3C(=C2)N=CN=C3NC4=C(C=C(C=C4)Br)F)OC	1.0167530560016969
HOP62_LUNG	CN1CCC(CC1)COC2=C(C=C3C(=C2)N=CN=C3NC4=C(C=C(C=C4)Br)F)OC	0.3744380649413618
HOP92_LUNG	CN1CCC(CC1)COC2=C(C=C3C(=C2)N=CN=C3NC4=C(C=C(C=C4)Br)F)OC	0.3390032797205976
HOS_BONE	CN1CCC(CC1)COC2=C(C=C3C(=C2)N=CN=C3NC4=C(C=C(C=C4)Br)F)OC	0.518145400800388
HPAFII_PANCREAS	CN1CCC(CC1)COC2=C(C=C3C(=C2)N=CN=C3NC4=C(C=C(C=C4)Br)F)OC	0.6747437576519787
HPBALL_HAEMATOPOIETIC_AND_LYMPHOID_TISSUE	CN1CCC(CC1)COC2=C(C=C3C(=C2)N=CN=C3NC4=C(C=C(C=C4)Br)F)OC	0.455059809539683
HS611T_HAEMATOPOIETIC_AND_LYMPHOID_TISSUE	CN1CCC(CC1)COC2=C(C=C3C(=C2)N=CN=C3NC4=C(C=C(C=C4)Br)F)OC	0.3543286201854601
HS688AT_FIBROBLAST	CN1CCC(CC1)COC2=C(C=C3C(=C2)N=CN=C3NC4=C(C=C(C=C4)Br)F)OC	0.464232610836692
HS729_SOFT_TISSUE	CN1CCC(CC1)COC2=C(C=C3C(=C2)N=CN=C3NC4=C(C=C(C=C4)Br)F)OC	0.2925190730022121
HS746T_STOMACH	CN1CCC(CC1)COC2=C(C=C3C(=C2)N=CN=C3NC4=C(C=C(C=C4)Br)F)OC	0.3103067252304147
HS766T_PANCREAS	CN1CCC(CC1)COC2=C(C=C3C(=C2)N=CN=C3NC4=C(C=C(C=C4)Br)F)OC	0.5184547675616703
HS822T_FIBROBLAST	CN1CCC(CC1)COC2=C(C=C3C(=C2)N=CN=C3NC4=C(C=C(C=C4)Br)F)OC	0.3405740419406648
HS839T_FIBROBLAST	CN1CCC(CC1)COC2=C(C=C3C(=C2)N=CN=C3NC4=C(C=C(C=C4)Br)F)OC	0.7695998969634522
HS852T_SKIN	CN1CCC(CC1)COC2=C(C=C3C(=C2)N=CN=C3NC4=C(C=C(C=C4)Br)F)OC	0.4625096475543972
HS888T_FIBROBLAST	CN1CCC(CC1)COC2=C(C=C3C(=C2)N=CN=C3NC4=C(C=C(C=C4)Br)F)OC	0.2980766465650474
HS934T_FIBROBLAST	CN1CCC(CC1)COC2=C(C=C3C(=C2)N=CN=C3NC4=C(C=C(C=C4)Br)F)OC	0.1097843524803782
HS940T_FIBROBLAST	CN1CCC(CC1)COC2=C(C=C3C(=C2)N=CN=C3NC4=C(C=C(C=C4)Br)F)OC	0.0854372601442467
HS944T_SKIN	CN1CCC(CC1)COC2=C(C=C3C(=C2)N=CN=C3NC4=C(C=C(C=C4)Br)F)OC	0.7583304806351898
HSC3_UPPER_AERODIGESTIVE_TRACT	CN1CCC(CC1)COC2=C(C=C3C(=C2)N=CN=C3NC4=C(C=C(C=C4)Br)F)OC	0.653885596096733
HSC4_UPPER_AERODIGESTIVE_TRACT	CN1CCC(CC1)COC2=C(C=C3C(=C2)N=CN=C3NC4=C(C=C(C=C4)Br)F)OC	0.3453225242431588
HT1080_SOFT_TISSUE	CN1CCC(CC1)COC2=C(C=C3C(=C2)N=CN=C3NC4=C(C=C(C=C4)Br)F)OC	0.4351719416497469
HT115_LARGE_INTESTINE	CN1CCC(CC1)COC2=C(C=C3C(=C2)N=CN=C3NC4=C(C=C(C=C4)Br)F)OC	0.1225542416207042
HT1376_URINARY_TRACT	CN1CCC(CC1)COC2=C(C=C3C(=C2)N=CN=C3NC4=C(C=C(C=C4)Br)F)OC	0.567520963088672
HT29_LARGE_INTESTINE	CN1CCC(CC1)COC2=C(C=C3C(=C2)N=CN=C3NC4=C(C=C(C=C4)Br)F)OC	0.9872958994969544
HT55_LARGE_INTESTINE	CN1CCC(CC1)COC2=C(C=C3C(=C2)N=CN=C3NC4=C(C=C(C=C4)Br)F)OC	0.4054403510818837
HT_HAEMATOPOIETIC_AND_LYMPHOID_TISSUE	CN1CCC(CC1)COC2=C(C=C3C(=C2)N=CN=C3NC4=C(C=C(C=C4)Br)F)OC	0.7224853697193768
HUCCT1_BILIARY_TRACT	CN1CCC(CC1)COC2=C(C=C3C(=C2)N=CN=C3NC4=C(C=C(C=C4)Br)F)OC	0.3597004295584714
HUG1N_STOMACH	CN1CCC(CC1)COC2=C(C=C3C(=C2)N=CN=C3NC4=C(C=C(C=C4)Br)F)OC	0.5347815784289955
HUH1_LIVER	CN1CCC(CC1)COC2=C(C=C3C(=C2)N=CN=C3NC4=C(C=C(C=C4)Br)F)OC	0.2562874481596583
HUH6_LIVER	CN1CCC(CC1)COC2=C(C=C3C(=C2)N=CN=C3NC4=C(C=C(C=C4)Br)F)OC	0.1547123740113336
HUNS1_HAEMATOPOIETIC_AND_LYMPHOID_TISSUE	CN1CCC(CC1)COC2=C(C=C3C(=C2)N=CN=C3NC4=C(C=C(C=C4)Br)F)OC	0.297112802433407
HUPT3_PANCREAS	CN1CCC(CC1)COC2=C(C=C3C(=C2)N=CN=C3NC4=C(C=C(C=C4)Br)F)OC	0.6802482224461347
HUT78_HAEMATOPOIETIC_AND_LYMPHOID_TISSUE	CN1CCC(CC1)COC2=C(C=C3C(=C2)N=CN=C3NC4=C(C=C(C=C4)Br)F)OC	0.6256280525925028
IGR39_SKIN	CN1CCC(CC1)COC2=C(C=C3C(=C2)N=CN=C3NC4=C(C=C(C=C4)Br)F)OC	0.3598183503823722
IM95_STOMACH	CN1CCC(CC1)COC2=C(C=C3C(=C2)N=CN=C3NC4=C(C=C(C=C4)Br)F)OC	0.4903024330282735
IPC298_SKIN	CN1CCC(CC1)COC2=C(C=C3C(=C2)N=CN=C3NC4=C(C=C(C=C4)Br)F)OC	0.4808368463240196
ISTMES1_PLEURA	CN1CCC(CC1)COC2=C(C=C3C(=C2)N=CN=C3NC4=C(C=C(C=C4)Br)F)OC	0.1953463965185715
J82_URINARY_TRACT	CN1CCC(CC1)COC2=C(C=C3C(=C2)N=CN=C3NC4=C(C=C(C=C4)Br)F)OC	0.6996464996363416
JHH2_LIVER	CN1CCC(CC1)COC2=C(C=C3C(=C2)N=CN=C3NC4=C(C=C(C=C4)Br)F)OC	0.3746262938091195
JHH4_LIVER	CN1CCC(CC1)COC2=C(C=C3C(=C2)N=CN=C3NC4=C(C=C(C=C4)Br)F)OC	0.4603335696536259
JHH5_LIVER	CN1CCC(CC1)COC2=C(C=C3C(=C2)N=CN=C3NC4=C(C=C(C=C4)Br)F)OC	0.1728747754477408
JHH6_LIVER	CN1CCC(CC1)COC2=C(C=C3C(=C2)N=CN=C3NC4=C(C=C(C=C4)Br)F)OC	0.6899854406682027
JHOC5_OVARY	CN1CCC(CC1)COC2=C(C=C3C(=C2)N=CN=C3NC4=C(C=C(C=C4)Br)F)OC	0.5739087965937328
JHOM1_OVARY	CN1CCC(CC1)COC2=C(C=C3C(=C2)N=CN=C3NC4=C(C=C(C=C4)Br)F)OC	0.8612884936965876
JHOS2_OVARY	CN1CCC(CC1)COC2=C(C=C3C(=C2)N=CN=C3NC4=C(C=C(C=C4)Br)F)OC	0.2906145842298251
JHUEM1_ENDOMETRIUM	CN1CCC(CC1)COC2=C(C=C3C(=C2)N=CN=C3NC4=C(C=C(C=C4)Br)F)OC	0.252500931013061
JHUEM2_ENDOMETRIUM	CN1CCC(CC1)COC2=C(C=C3C(=C2)N=CN=C3NC4=C(C=C(C=C4)Br)F)OC	0.5589070408194187
JHUEM3_ENDOMETRIUM	CN1CCC(CC1)COC2=C(C=C3C(=C2)N=CN=C3NC4=C(C=C(C=C4)Br)F)OC	0.1288471693081608
JIMT1_BREAST	CN1CCC(CC1)COC2=C(C=C3C(=C2)N=CN=C3NC4=C(C=C(C=C4)Br)F)OC	0.738935635947633
JJN3_HAEMATOPOIETIC_AND_LYMPHOID_TISSUE	CN1CCC(CC1)COC2=C(C=C3C(=C2)N=CN=C3NC4=C(C=C(C=C4)Br)F)OC	0.4129785841995211
JK1_HAEMATOPOIETIC_AND_LYMPHOID_TISSUE	CN1CCC(CC1)COC2=C(C=C3C(=C2)N=CN=C3NC4=C(C=C(C=C4)Br)F)OC	0.3844234164671656
JL1_PLEURA	CN1CCC(CC1)COC2=C(C=C3C(=C2)N=CN=C3NC4=C(C=C(C=C4)Br)F)OC	0.7423811420389114
JM1_HAEMATOPOIETIC_AND_LYMPHOID_TISSUE	CN1CCC(CC1)COC2=C(C=C3C(=C2)N=CN=C3NC4=C(C=C(C=C4)Br)F)OC	0.4671875089399357
JMSU1_URINARY_TRACT	CN1CCC(CC1)COC2=C(C=C3C(=C2)N=CN=C3NC4=C(C=C(C=C4)Br)F)OC	0.4290050509106335
JURLMK1_HAEMATOPOIETIC_AND_LYMPHOID_TISSUE	CN1CCC(CC1)COC2=C(C=C3C(=C2)N=CN=C3NC4=C(C=C(C=C4)Br)F)OC	0.2859233261613988
JVM3_HAEMATOPOIETIC_AND_LYMPHOID_TISSUE	CN1CCC(CC1)COC2=C(C=C3C(=C2)N=CN=C3NC4=C(C=C(C=C4)Br)F)OC	0.4635966891932843
K562_HAEMATOPOIETIC_AND_LYMPHOID_TISSUE	CN1CCC(CC1)COC2=C(C=C3C(=C2)N=CN=C3NC4=C(C=C(C=C4)Br)F)OC	0.0984769477862965
KALS1_CENTRAL_NERVOUS_SYSTEM	CN1CCC(CC1)COC2=C(C=C3C(=C2)N=CN=C3NC4=C(C=C(C=C4)Br)F)OC	0.4739483476772023
KARPAS299_HAEMATOPOIETIC_AND_LYMPHOID_TISSUE	CN1CCC(CC1)COC2=C(C=C3C(=C2)N=CN=C3NC4=C(C=C(C=C4)Br)F)OC	0.7741919284621719
KARPAS422_HAEMATOPOIETIC_AND_LYMPHOID_TISSUE	CN1CCC(CC1)COC2=C(C=C3C(=C2)N=CN=C3NC4=C(C=C(C=C4)Br)F)OC	0.5370476886477968
KARPAS620_HAEMATOPOIETIC_AND_LYMPHOID_TISSUE	CN1CCC(CC1)COC2=C(C=C3C(=C2)N=CN=C3NC4=C(C=C(C=C4)Br)F)OC	0.5471702786448074
KASUMI2_HAEMATOPOIETIC_AND_LYMPHOID_TISSUE	CN1CCC(CC1)COC2=C(C=C3C(=C2)N=CN=C3NC4=C(C=C(C=C4)Br)F)OC	0.3565418270250613
KG1C_CENTRAL_NERVOUS_SYSTEM	CN1CCC(CC1)COC2=C(C=C3C(=C2)N=CN=C3NC4=C(C=C(C=C4)Br)F)OC	0.1398161944301342
KHM1B_HAEMATOPOIETIC_AND_LYMPHOID_TISSUE	CN1CCC(CC1)COC2=C(C=C3C(=C2)N=CN=C3NC4=C(C=C(C=C4)Br)F)OC	0.4705103679010848
KIJK_HAEMATOPOIETIC_AND_LYMPHOID_TISSUE	CN1CCC(CC1)COC2=C(C=C3C(=C2)N=CN=C3NC4=C(C=C(C=C4)Br)F)OC	0.7785216793152134
KM12_LARGE_INTESTINE	CN1CCC(CC1)COC2=C(C=C3C(=C2)N=CN=C3NC4=C(C=C(C=C4)Br)F)OC	0.9703256442619472
KMH2_HAEMATOPOIETIC_AND_LYMPHOID_TISSUE	CN1CCC(CC1)COC2=C(C=C3C(=C2)N=CN=C3NC4=C(C=C(C=C4)Br)F)OC	0.7225694570883083
KMM1_HAEMATOPOIETIC_AND_LYMPHOID_TISSUE	CN1CCC(CC1)COC2=C(C=C3C(=C2)N=CN=C3NC4=C(C=C(C=C4)Br)F)OC	0.8593037193551318
KMRC20_KIDNEY	CN1CCC(CC1)COC2=C(C=C3C(=C2)N=CN=C3NC4=C(C=C(C=C4)Br)F)OC	0.5411449906054911
KMRC2_KIDNEY	CN1CCC(CC1)COC2=C(C=C3C(=C2)N=CN=C3NC4=C(C=C(C=C4)Br)F)OC	0.1839636922330979
KMRC3_KIDNEY	CN1CCC(CC1)COC2=C(C=C3C(=C2)N=CN=C3NC4=C(C=C(C=C4)Br)F)OC	0.3444180409254825
KMS18_HAEMATOPOIETIC_AND_LYMPHOID_TISSUE	CN1CCC(CC1)COC2=C(C=C3C(=C2)N=CN=C3NC4=C(C=C(C=C4)Br)F)OC	0.3884841223976484
KMS20_HAEMATOPOIETIC_AND_LYMPHOID_TISSUE	CN1CCC(CC1)COC2=C(C=C3C(=C2)N=CN=C3NC4=C(C=C(C=C4)Br)F)OC	0.2774694189975453
KMS26_HAEMATOPOIETIC_AND_LYMPHOID_TISSUE	CN1CCC(CC1)COC2=C(C=C3C(=C2)N=CN=C3NC4=C(C=C(C=C4)Br)F)OC	0.3069765020909724
KMS27_HAEMATOPOIETIC_AND_LYMPHOID_TISSUE	CN1CCC(CC1)COC2=C(C=C3C(=C2)N=CN=C3NC4=C(C=C(C=C4)Br)F)OC	0.7281766410085458
KMS34_HAEMATOPOIETIC_AND_LYMPHOID_TISSUE	CN1CCC(CC1)COC2=C(C=C3C(=C2)N=CN=C3NC4=C(C=C(C=C4)Br)F)OC	0.3505980676687172
KNS42_CENTRAL_NERVOUS_SYSTEM	CN1CCC(CC1)COC2=C(C=C3C(=C2)N=CN=C3NC4=C(C=C(C=C4)Br)F)OC	0.6166627129609987
KNS60_CENTRAL_NERVOUS_SYSTEM	CN1CCC(CC1)COC2=C(C=C3C(=C2)N=CN=C3NC4=C(C=C(C=C4)Br)F)OC	0.6049474590884295
KNS62_LUNG	CN1CCC(CC1)COC2=C(C=C3C(=C2)N=CN=C3NC4=C(C=C(C=C4)Br)F)OC	0.7874891706566866
KO52_HAEMATOPOIETIC_AND_LYMPHOID_TISSUE	CN1CCC(CC1)COC2=C(C=C3C(=C2)N=CN=C3NC4=C(C=C(C=C4)Br)F)OC	0.4725276412921603
KP2_PANCREAS	CN1CCC(CC1)COC2=C(C=C3C(=C2)N=CN=C3NC4=C(C=C(C=C4)Br)F)OC	0.7571424875750045
KP3_PANCREAS	CN1CCC(CC1)COC2=C(C=C3C(=C2)N=CN=C3NC4=C(C=C(C=C4)Br)F)OC	0.6124451216740407
KP4_PANCREAS	CN1CCC(CC1)COC2=C(C=C3C(=C2)N=CN=C3NC4=C(C=C(C=C4)Br)F)OC	0.6731489907269916
KPL1_BREAST	CN1CCC(CC1)COC2=C(C=C3C(=C2)N=CN=C3NC4=C(C=C(C=C4)Br)F)OC	0.3840457021424891
KPNSI9S_AUTONOMIC_GANGLIA	CN1CCC(CC1)COC2=C(C=C3C(=C2)N=CN=C3NC4=C(C=C(C=C4)Br)F)OC	0.729003263325097
KU1919_URINARY_TRACT	CN1CCC(CC1)COC2=C(C=C3C(=C2)N=CN=C3NC4=C(C=C(C=C4)Br)F)OC	0.719953358082308
KU812_HAEMATOPOIETIC_AND_LYMPHOID_TISSUE	CN1CCC(CC1)COC2=C(C=C3C(=C2)N=CN=C3NC4=C(C=C(C=C4)Br)F)OC	0.3789449312100366
KYM1_SOFT_TISSUE	CN1CCC(CC1)COC2=C(C=C3C(=C2)N=CN=C3NC4=C(C=C(C=C4)Br)F)OC	0.2092753597078699
KYO1_HAEMATOPOIETIC_AND_LYMPHOID_TISSUE	CN1CCC(CC1)COC2=C(C=C3C(=C2)N=CN=C3NC4=C(C=C(C=C4)Br)F)OC	0.0637056386557168
KYSE140_OESOPHAGUS	CN1CCC(CC1)COC2=C(C=C3C(=C2)N=CN=C3NC4=C(C=C(C=C4)Br)F)OC	0.3722183050487908
KYSE150_OESOPHAGUS	CN1CCC(CC1)COC2=C(C=C3C(=C2)N=CN=C3NC4=C(C=C(C=C4)Br)F)OC	0.5760449567411133
KYSE180_OESOPHAGUS	CN1CCC(CC1)COC2=C(C=C3C(=C2)N=CN=C3NC4=C(C=C(C=C4)Br)F)OC	0.6240373319595126
KYSE510_OESOPHAGUS	CN1CCC(CC1)COC2=C(C=C3C(=C2)N=CN=C3NC4=C(C=C(C=C4)Br)F)OC	0.640611724067396
KYSE520_OESOPHAGUS	CN1CCC(CC1)COC2=C(C=C3C(=C2)N=CN=C3NC4=C(C=C(C=C4)Br)F)OC	0.4011288062912903
KYSE70_OESOPHAGUS	CN1CCC(CC1)COC2=C(C=C3C(=C2)N=CN=C3NC4=C(C=C(C=C4)Br)F)OC	0.4680351568276865
L428_HAEMATOPOIETIC_AND_LYMPHOID_TISSUE	CN1CCC(CC1)COC2=C(C=C3C(=C2)N=CN=C3NC4=C(C=C(C=C4)Br)F)OC	0.4766068611927633
LAMA84_HAEMATOPOIETIC_AND_LYMPHOID_TISSUE	CN1CCC(CC1)COC2=C(C=C3C(=C2)N=CN=C3NC4=C(C=C(C=C4)Br)F)OC	0.3340887898118124
LCLC97TM1_LUNG	CN1CCC(CC1)COC2=C(C=C3C(=C2)N=CN=C3NC4=C(C=C(C=C4)Br)F)OC	0.5093793449801509
LI7_LIVER	CN1CCC(CC1)COC2=C(C=C3C(=C2)N=CN=C3NC4=C(C=C(C=C4)Br)F)OC	0.3688086244620885
LK2_LUNG	CN1CCC(CC1)COC2=C(C=C3C(=C2)N=CN=C3NC4=C(C=C(C=C4)Br)F)OC	0.2831551097002939
LMSU_STOMACH	CN1CCC(CC1)COC2=C(C=C3C(=C2)N=CN=C3NC4=C(C=C(C=C4)Br)F)OC	0.3661406413830722
LN229_CENTRAL_NERVOUS_SYSTEM	CN1CCC(CC1)COC2=C(C=C3C(=C2)N=CN=C3NC4=C(C=C(C=C4)Br)F)OC	0.4385710144554215
LNCAPCLONEFGC_PROSTATE	CN1CCC(CC1)COC2=C(C=C3C(=C2)N=CN=C3NC4=C(C=C(C=C4)Br)F)OC	0.4839648040092123
LOUNH91_LUNG	CN1CCC(CC1)COC2=C(C=C3C(=C2)N=CN=C3NC4=C(C=C(C=C4)Br)F)OC	0.6202503142614704
LOVO_LARGE_INTESTINE	CN1CCC(CC1)COC2=C(C=C3C(=C2)N=CN=C3NC4=C(C=C(C=C4)Br)F)OC	0.256231293599806
LOXIMVI_SKIN	CN1CCC(CC1)COC2=C(C=C3C(=C2)N=CN=C3NC4=C(C=C(C=C4)Br)F)OC	0.4680615290320624
LS1034_LARGE_INTESTINE	CN1CCC(CC1)COC2=C(C=C3C(=C2)N=CN=C3NC4=C(C=C(C=C4)Br)F)OC	0.3792231908542683
LS123_LARGE_INTESTINE	CN1CCC(CC1)COC2=C(C=C3C(=C2)N=CN=C3NC4=C(C=C(C=C4)Br)F)OC	0.8240073581017606
LS513_LARGE_INTESTINE	CN1CCC(CC1)COC2=C(C=C3C(=C2)N=CN=C3NC4=C(C=C(C=C4)Br)F)OC	0.5448251290987332
LUDLU1_LUNG	CN1CCC(CC1)COC2=C(C=C3C(=C2)N=CN=C3NC4=C(C=C(C=C4)Br)F)OC	0.2955572865844419
LXF289_LUNG	CN1CCC(CC1)COC2=C(C=C3C(=C2)N=CN=C3NC4=C(C=C(C=C4)Br)F)OC	0.2140398299948483
M059K_CENTRAL_NERVOUS_SYSTEM	CN1CCC(CC1)COC2=C(C=C3C(=C2)N=CN=C3NC4=C(C=C(C=C4)Br)F)OC	0.2948162458576972
M07E_HAEMATOPOIETIC_AND_LYMPHOID_TISSUE	CN1CCC(CC1)COC2=C(C=C3C(=C2)N=CN=C3NC4=C(C=C(C=C4)Br)F)OC	0.4916919907421436
MCAS_OVARY	CN1CCC(CC1)COC2=C(C=C3C(=C2)N=CN=C3NC4=C(C=C(C=C4)Br)F)OC	0.7120975173490105
MCF7_BREAST	CN1CCC(CC1)COC2=C(C=C3C(=C2)N=CN=C3NC4=C(C=C(C=C4)Br)F)OC	0.934005076065216
MDAMB231_BREAST	CN1CCC(CC1)COC2=C(C=C3C(=C2)N=CN=C3NC4=C(C=C(C=C4)Br)F)OC	0.6126058297472574
MDAMB361_BREAST	CN1CCC(CC1)COC2=C(C=C3C(=C2)N=CN=C3NC4=C(C=C(C=C4)Br)F)OC	0.3977915744416498
MDAMB435S_SKIN	CN1CCC(CC1)COC2=C(C=C3C(=C2)N=CN=C3NC4=C(C=C(C=C4)Br)F)OC	0.6184882859567247
MDAMB453_BREAST	CN1CCC(CC1)COC2=C(C=C3C(=C2)N=CN=C3NC4=C(C=C(C=C4)Br)F)OC	0.2498522325676535
MDST8_LARGE_INTESTINE	CN1CCC(CC1)COC2=C(C=C3C(=C2)N=CN=C3NC4=C(C=C(C=C4)Br)F)OC	0.9685327691072184
ME1_HAEMATOPOIETIC_AND_LYMPHOID_TISSUE	CN1CCC(CC1)COC2=C(C=C3C(=C2)N=CN=C3NC4=C(C=C(C=C4)Br)F)OC	0.9164794547562046
MEC1_HAEMATOPOIETIC_AND_LYMPHOID_TISSUE	CN1CCC(CC1)COC2=C(C=C3C(=C2)N=CN=C3NC4=C(C=C(C=C4)Br)F)OC	0.250754599609079
MELJUSO_SKIN	CN1CCC(CC1)COC2=C(C=C3C(=C2)N=CN=C3NC4=C(C=C(C=C4)Br)F)OC	0.6410753794169343
MESSA_SOFT_TISSUE	CN1CCC(CC1)COC2=C(C=C3C(=C2)N=CN=C3NC4=C(C=C(C=C4)Br)F)OC	0.6388326635641522
MFE296_ENDOMETRIUM	CN1CCC(CC1)COC2=C(C=C3C(=C2)N=CN=C3NC4=C(C=C(C=C4)Br)F)OC	0.3641273251462165
MG63_BONE	CN1CCC(CC1)COC2=C(C=C3C(=C2)N=CN=C3NC4=C(C=C(C=C4)Br)F)OC	0.5041588379950908
MHHCALL4_HAEMATOPOIETIC_AND_LYMPHOID_TISSUE	CN1CCC(CC1)COC2=C(C=C3C(=C2)N=CN=C3NC4=C(C=C(C=C4)Br)F)OC	0.6606552691072185
MIAPACA2_PANCREAS	CN1CCC(CC1)COC2=C(C=C3C(=C2)N=CN=C3NC4=C(C=C(C=C4)Br)F)OC	0.2384701465195914
MKN74_STOMACH	CN1CCC(CC1)COC2=C(C=C3C(=C2)N=CN=C3NC4=C(C=C(C=C4)Br)F)OC	0.5012754247098397
MKN7_STOMACH	CN1CCC(CC1)COC2=C(C=C3C(=C2)N=CN=C3NC4=C(C=C(C=C4)Br)F)OC	0.4846509609382102
MM1S_HAEMATOPOIETIC_AND_LYMPHOID_TISSUE	CN1CCC(CC1)COC2=C(C=C3C(=C2)N=CN=C3NC4=C(C=C(C=C4)Br)F)OC	0.4450637308321715
MOLM13_HAEMATOPOIETIC_AND_LYMPHOID_TISSUE	CN1CCC(CC1)COC2=C(C=C3C(=C2)N=CN=C3NC4=C(C=C(C=C4)Br)F)OC	0.1455076562926149
MOLM6_HAEMATOPOIETIC_AND_LYMPHOID_TISSUE	CN1CCC(CC1)COC2=C(C=C3C(=C2)N=CN=C3NC4=C(C=C(C=C4)Br)F)OC	0.1009003198678707
MOLP2_HAEMATOPOIETIC_AND_LYMPHOID_TISSUE	CN1CCC(CC1)COC2=C(C=C3C(=C2)N=CN=C3NC4=C(C=C(C=C4)Br)F)OC	0.6251982877511439
MOLP8_HAEMATOPOIETIC_AND_LYMPHOID_TISSUE	CN1CCC(CC1)COC2=C(C=C3C(=C2)N=CN=C3NC4=C(C=C(C=C4)Br)F)OC	0.3859485455069124
MOLT13_HAEMATOPOIETIC_AND_LYMPHOID_TISSUE	CN1CCC(CC1)COC2=C(C=C3C(=C2)N=CN=C3NC4=C(C=C(C=C4)Br)F)OC	0.6559614604988029
MOLT16_HAEMATOPOIETIC_AND_LYMPHOID_TISSUE	CN1CCC(CC1)COC2=C(C=C3C(=C2)N=CN=C3NC4=C(C=C(C=C4)Br)F)OC	0.3837256962332191
MONOMAC1_HAEMATOPOIETIC_AND_LYMPHOID_TISSUE	CN1CCC(CC1)COC2=C(C=C3C(=C2)N=CN=C3NC4=C(C=C(C=C4)Br)F)OC	0.221534434528319
MORCPR_LUNG	CN1CCC(CC1)COC2=C(C=C3C(=C2)N=CN=C3NC4=C(C=C(C=C4)Br)F)OC	0.9549914726203824
MOTN1_HAEMATOPOIETIC_AND_LYMPHOID_TISSUE	CN1CCC(CC1)COC2=C(C=C3C(=C2)N=CN=C3NC4=C(C=C(C=C4)Br)F)OC	0.5038986431407011
MPP89_PLEURA	CN1CCC(CC1)COC2=C(C=C3C(=C2)N=CN=C3NC4=C(C=C(C=C4)Br)F)OC	0.5202781887329919
NALM6_HAEMATOPOIETIC_AND_LYMPHOID_TISSUE	CN1CCC(CC1)COC2=C(C=C3C(=C2)N=CN=C3NC4=C(C=C(C=C4)Br)F)OC	0.650910053942663
NAMALWA_HAEMATOPOIETIC_AND_LYMPHOID_TISSUE	CN1CCC(CC1)COC2=C(C=C3C(=C2)N=CN=C3NC4=C(C=C(C=C4)Br)F)OC	0.5463454727559245
NB1_AUTONOMIC_GANGLIA	CN1CCC(CC1)COC2=C(C=C3C(=C2)N=CN=C3NC4=C(C=C(C=C4)Br)F)OC	0.9063787975028788
NB4_HAEMATOPOIETIC_AND_LYMPHOID_TISSUE	CN1CCC(CC1)COC2=C(C=C3C(=C2)N=CN=C3NC4=C(C=C(C=C4)Br)F)OC	0.8805832411588229
NCIH1155_LUNG	CN1CCC(CC1)COC2=C(C=C3C(=C2)N=CN=C3NC4=C(C=C(C=C4)Br)F)OC	0.4343621621867329
NCIH1184_LUNG	CN1CCC(CC1)COC2=C(C=C3C(=C2)N=CN=C3NC4=C(C=C(C=C4)Br)F)OC	0.5035286132492878
NCIH1299_LUNG	CN1CCC(CC1)COC2=C(C=C3C(=C2)N=CN=C3NC4=C(C=C(C=C4)Br)F)OC	0.8870291061999452
NCIH1339_LUNG	CN1CCC(CC1)COC2=C(C=C3C(=C2)N=CN=C3NC4=C(C=C(C=C4)Br)F)OC	0.5797231915474168
NCIH1341_LUNG	CN1CCC(CC1)COC2=C(C=C3C(=C2)N=CN=C3NC4=C(C=C(C=C4)Br)F)OC	0.1985012820085457
NCIH1355_LUNG	CN1CCC(CC1)COC2=C(C=C3C(=C2)N=CN=C3NC4=C(C=C(C=C4)Br)F)OC	0.4737570264250432
NCIH1373_LUNG	CN1CCC(CC1)COC2=C(C=C3C(=C2)N=CN=C3NC4=C(C=C(C=C4)Br)F)OC	0.5580398162009819
NCIH1395_LUNG	CN1CCC(CC1)COC2=C(C=C3C(=C2)N=CN=C3NC4=C(C=C(C=C4)Br)F)OC	0.7825198684808631
NCIH1563_LUNG	CN1CCC(CC1)COC2=C(C=C3C(=C2)N=CN=C3NC4=C(C=C(C=C4)Br)F)OC	0.4300298840873965
NCIH1568_LUNG	CN1CCC(CC1)COC2=C(C=C3C(=C2)N=CN=C3NC4=C(C=C(C=C4)Br)F)OC	0.2478079827419012
NCIH1573_LUNG	CN1CCC(CC1)COC2=C(C=C3C(=C2)N=CN=C3NC4=C(C=C(C=C4)Br)F)OC	0.3577419276341707
NCIH1581_LUNG	CN1CCC(CC1)COC2=C(C=C3C(=C2)N=CN=C3NC4=C(C=C(C=C4)Br)F)OC	0.3421202988726931
NCIH1623_LUNG	CN1CCC(CC1)COC2=C(C=C3C(=C2)N=CN=C3NC4=C(C=C(C=C4)Br)F)OC	0.4168306788290198
NCIH1650_LUNG	CN1CCC(CC1)COC2=C(C=C3C(=C2)N=CN=C3NC4=C(C=C(C=C4)Br)F)OC	0.2641476282614624
NCIH1666_LUNG	CN1CCC(CC1)COC2=C(C=C3C(=C2)N=CN=C3NC4=C(C=C(C=C4)Br)F)OC	0.1589975160610927
NCIH1693_LUNG	CN1CCC(CC1)COC2=C(C=C3C(=C2)N=CN=C3NC4=C(C=C(C=C4)Br)F)OC	0.0890485576078062
NCIH1694_LUNG	CN1CCC(CC1)COC2=C(C=C3C(=C2)N=CN=C3NC4=C(C=C(C=C4)Br)F)OC	0.3536818092972514
NCIH1734_LUNG	CN1CCC(CC1)COC2=C(C=C3C(=C2)N=CN=C3NC4=C(C=C(C=C4)Br)F)OC	0.194322773804473
NCIH1755_LUNG	CN1CCC(CC1)COC2=C(C=C3C(=C2)N=CN=C3NC4=C(C=C(C=C4)Br)F)OC	0.4816906626159161
NCIH1792_LUNG	CN1CCC(CC1)COC2=C(C=C3C(=C2)N=CN=C3NC4=C(C=C(C=C4)Br)F)OC	0.5157681967088915
NCIH1793_LUNG	CN1CCC(CC1)COC2=C(C=C3C(=C2)N=CN=C3NC4=C(C=C(C=C4)Br)F)OC	0.5378702786448073
NCIH1838_LUNG	CN1CCC(CC1)COC2=C(C=C3C(=C2)N=CN=C3NC4=C(C=C(C=C4)Br)F)OC	0.4181159232855541
NCIH1869_LUNG	CN1CCC(CC1)COC2=C(C=C3C(=C2)N=CN=C3NC4=C(C=C(C=C4)Br)F)OC	0.4960933807085063
NCIH1915_LUNG	CN1CCC(CC1)COC2=C(C=C3C(=C2)N=CN=C3NC4=C(C=C(C=C4)Br)F)OC	0.2915477658413891
NCIH1944_LUNG	CN1CCC(CC1)COC2=C(C=C3C(=C2)N=CN=C3NC4=C(C=C(C=C4)Br)F)OC	0.3388365200460619
NCIH196_LUNG	CN1CCC(CC1)COC2=C(C=C3C(=C2)N=CN=C3NC4=C(C=C(C=C4)Br)F)OC	0.6482984620280016
NCIH2023_LUNG	CN1CCC(CC1)COC2=C(C=C3C(=C2)N=CN=C3NC4=C(C=C(C=C4)Br)F)OC	0.6400952236499181
NCIH2029_LUNG	CN1CCC(CC1)COC2=C(C=C3C(=C2)N=CN=C3NC4=C(C=C(C=C4)Br)F)OC	0.516324972271887
NCIH2030_LUNG	CN1CCC(CC1)COC2=C(C=C3C(=C2)N=CN=C3NC4=C(C=C(C=C4)Br)F)OC	0.6349466549487847
NCIH2081_LUNG	CN1CCC(CC1)COC2=C(C=C3C(=C2)N=CN=C3NC4=C(C=C(C=C4)Br)F)OC	0.7123341434329352
NCIH2087_LUNG	CN1CCC(CC1)COC2=C(C=C3C(=C2)N=CN=C3NC4=C(C=C(C=C4)Br)F)OC	0.329296682172187
NCIH2106_LUNG	CN1CCC(CC1)COC2=C(C=C3C(=C2)N=CN=C3NC4=C(C=C(C=C4)Br)F)OC	0.4239413357980544
NCIH2110_LUNG	CN1CCC(CC1)COC2=C(C=C3C(=C2)N=CN=C3NC4=C(C=C(C=C4)Br)F)OC	0.4369403293281614
NCIH211_LUNG	CN1CCC(CC1)COC2=C(C=C3C(=C2)N=CN=C3NC4=C(C=C(C=C4)Br)F)OC	0.2530253662232188
NCIH2122_LUNG	CN1CCC(CC1)COC2=C(C=C3C(=C2)N=CN=C3NC4=C(C=C(C=C4)Br)F)OC	0.786979690445165
NCIH2141_LUNG	CN1CCC(CC1)COC2=C(C=C3C(=C2)N=CN=C3NC4=C(C=C(C=C4)Br)F)OC	0.8160635097275674
NCIH2172_LUNG	CN1CCC(CC1)COC2=C(C=C3C(=C2)N=CN=C3NC4=C(C=C(C=C4)Br)F)OC	0.9444128731173672
NCIH2196_LUNG	CN1CCC(CC1)COC2=C(C=C3C(=C2)N=CN=C3NC4=C(C=C(C=C4)Br)F)OC	0.6395225241673991
NCIH2228_LUNG	CN1CCC(CC1)COC2=C(C=C3C(=C2)N=CN=C3NC4=C(C=C(C=C4)Br)F)OC	0.355753707536592
NCIH226_LUNG	CN1CCC(CC1)COC2=C(C=C3C(=C2)N=CN=C3NC4=C(C=C(C=C4)Br)F)OC	0.6347805600169701
NCIH2291_LUNG	CN1CCC(CC1)COC2=C(C=C3C(=C2)N=CN=C3NC4=C(C=C(C=C4)Br)F)OC	0.6249451018243529
NCIH2342_LUNG	CN1CCC(CC1)COC2=C(C=C3C(=C2)N=CN=C3NC4=C(C=C(C=C4)Br)F)OC	0.7385906912540153
NCIH23_LUNG	CN1CCC(CC1)COC2=C(C=C3C(=C2)N=CN=C3NC4=C(C=C(C=C4)Br)F)OC	0.5725596575550033
NCIH2405_LUNG	CN1CCC(CC1)COC2=C(C=C3C(=C2)N=CN=C3NC4=C(C=C(C=C4)Br)F)OC	0.6289995496696767
NCIH2444_LUNG	CN1CCC(CC1)COC2=C(C=C3C(=C2)N=CN=C3NC4=C(C=C(C=C4)Br)F)OC	0.6000054153156156
NCIH292_LUNG	CN1CCC(CC1)COC2=C(C=C3C(=C2)N=CN=C3NC4=C(C=C(C=C4)Br)F)OC	0.402453189284199
NCIH322_LUNG	CN1CCC(CC1)COC2=C(C=C3C(=C2)N=CN=C3NC4=C(C=C(C=C4)Br)F)OC	0.2550773079371816
NCIH441_LUNG	CN1CCC(CC1)COC2=C(C=C3C(=C2)N=CN=C3NC4=C(C=C(C=C4)Br)F)OC	0.680806595502894
NCIH446_LUNG	CN1CCC(CC1)COC2=C(C=C3C(=C2)N=CN=C3NC4=C(C=C(C=C4)Br)F)OC	0.3203966991423982
NCIH508_LARGE_INTESTINE	CN1CCC(CC1)COC2=C(C=C3C(=C2)N=CN=C3NC4=C(C=C(C=C4)Br)F)OC	0.4113778941147948
NCIH520_LUNG	CN1CCC(CC1)COC2=C(C=C3C(=C2)N=CN=C3NC4=C(C=C(C=C4)Br)F)OC	0.3769083740930059
NCIH522_LUNG	CN1CCC(CC1)COC2=C(C=C3C(=C2)N=CN=C3NC4=C(C=C(C=C4)Br)F)OC	0.2315156601715203
NCIH526_LUNG	CN1CCC(CC1)COC2=C(C=C3C(=C2)N=CN=C3NC4=C(C=C(C=C4)Br)F)OC	0.7093027188011394
NCIH647_LUNG	CN1CCC(CC1)COC2=C(C=C3C(=C2)N=CN=C3NC4=C(C=C(C=C4)Br)F)OC	0.2605036387466286
NCIH650_LUNG	CN1CCC(CC1)COC2=C(C=C3C(=C2)N=CN=C3NC4=C(C=C(C=C4)Br)F)OC	0.9078242249007544
NCIH69_LUNG	CN1CCC(CC1)COC2=C(C=C3C(=C2)N=CN=C3NC4=C(C=C(C=C4)Br)F)OC	0.6155966208558094
NCIH716_LARGE_INTESTINE	CN1CCC(CC1)COC2=C(C=C3C(=C2)N=CN=C3NC4=C(C=C(C=C4)Br)F)OC	0.338614273008273
NCIH747_LARGE_INTESTINE	CN1CCC(CC1)COC2=C(C=C3C(=C2)N=CN=C3NC4=C(C=C(C=C4)Br)F)OC	0.2688511720052122
NCIH841_LUNG	CN1CCC(CC1)COC2=C(C=C3C(=C2)N=CN=C3NC4=C(C=C(C=C4)Br)F)OC	0.7251075610643068
NCIH929_HAEMATOPOIETIC_AND_LYMPHOID_TISSUE	CN1CCC(CC1)COC2=C(C=C3C(=C2)N=CN=C3NC4=C(C=C(C=C4)Br)F)OC	0.5768306417055579
NCIN87_STOMACH	CN1CCC(CC1)COC2=C(C=C3C(=C2)N=CN=C3NC4=C(C=C(C=C4)Br)F)OC	0.2146699684829383
NMCG1_CENTRAL_NERVOUS_SYSTEM	CN1CCC(CC1)COC2=C(C=C3C(=C2)N=CN=C3NC4=C(C=C(C=C4)Br)F)OC	0.4071791311857935
NOMO1_HAEMATOPOIETIC_AND_LYMPHOID_TISSUE	CN1CCC(CC1)COC2=C(C=C3C(=C2)N=CN=C3NC4=C(C=C(C=C4)Br)F)OC	0.8649880403576892
NUDHL1_HAEMATOPOIETIC_AND_LYMPHOID_TISSUE	CN1CCC(CC1)COC2=C(C=C3C(=C2)N=CN=C3NC4=C(C=C(C=C4)Br)F)OC	0.3708172868874814
NUDUL1_HAEMATOPOIETIC_AND_LYMPHOID_TISSUE	CN1CCC(CC1)COC2=C(C=C3C(=C2)N=CN=C3NC4=C(C=C(C=C4)Br)F)OC	0.2059564792114912
NUGC3_STOMACH	CN1CCC(CC1)COC2=C(C=C3C(=C2)N=CN=C3NC4=C(C=C(C=C4)Br)F)OC	0.4232789100854596
OAW28_OVARY	CN1CCC(CC1)COC2=C(C=C3C(=C2)N=CN=C3NC4=C(C=C(C=C4)Br)F)OC	0.2738012795232892
OAW42_OVARY	CN1CCC(CC1)COC2=C(C=C3C(=C2)N=CN=C3NC4=C(C=C(C=C4)Br)F)OC	0.2742289215983507
OC314_OVARY	CN1CCC(CC1)COC2=C(C=C3C(=C2)N=CN=C3NC4=C(C=C(C=C4)Br)F)OC	0.1268436761720052
OCIAML2_HAEMATOPOIETIC_AND_LYMPHOID_TISSUE	CN1CCC(CC1)COC2=C(C=C3C(=C2)N=CN=C3NC4=C(C=C(C=C4)Br)F)OC	0.7621329841746087
OCIAML3_HAEMATOPOIETIC_AND_LYMPHOID_TISSUE	CN1CCC(CC1)COC2=C(C=C3C(=C2)N=CN=C3NC4=C(C=C(C=C4)Br)F)OC	0.3003429308463892
OCILY19_HAEMATOPOIETIC_AND_LYMPHOID_TISSUE	CN1CCC(CC1)COC2=C(C=C3C(=C2)N=CN=C3NC4=C(C=C(C=C4)Br)F)OC	0.5900763450407588
OCIM1_HAEMATOPOIETIC_AND_LYMPHOID_TISSUE	CN1CCC(CC1)COC2=C(C=C3C(=C2)N=CN=C3NC4=C(C=C(C=C4)Br)F)OC	0.4931235866995969
OCUM1_STOMACH	CN1CCC(CC1)COC2=C(C=C3C(=C2)N=CN=C3NC4=C(C=C(C=C4)Br)F)OC	0.4791159896151496
OE19_OESOPHAGUS	CN1CCC(CC1)COC2=C(C=C3C(=C2)N=CN=C3NC4=C(C=C(C=C4)Br)F)OC	0.5946085802169828
OE21_OESOPHAGUS	CN1CCC(CC1)COC2=C(C=C3C(=C2)N=CN=C3NC4=C(C=C(C=C4)Br)F)OC	0.1001454697869632
OE33_OESOPHAGUS	CN1CCC(CC1)COC2=C(C=C3C(=C2)N=CN=C3NC4=C(C=C(C=C4)Br)F)OC	0.6866909615734286
ONCODG1_OVARY	CN1CCC(CC1)COC2=C(C=C3C(=C2)N=CN=C3NC4=C(C=C(C=C4)Br)F)OC	0.4700743646584641
ONS76_CENTRAL_NERVOUS_SYSTEM	CN1CCC(CC1)COC2=C(C=C3C(=C2)N=CN=C3NC4=C(C=C(C=C4)Br)F)OC	0.81786541911631
OSRC2_KIDNEY	CN1CCC(CC1)COC2=C(C=C3C(=C2)N=CN=C3NC4=C(C=C(C=C4)Br)F)OC	0.7913543952089457
OUMS23_LARGE_INTESTINE	CN1CCC(CC1)COC2=C(C=C3C(=C2)N=CN=C3NC4=C(C=C(C=C4)Br)F)OC	0.4440783217164675
OV56_OVARY	CN1CCC(CC1)COC2=C(C=C3C(=C2)N=CN=C3NC4=C(C=C(C=C4)Br)F)OC	0.5413323801478832
OV90_OVARY	CN1CCC(CC1)COC2=C(C=C3C(=C2)N=CN=C3NC4=C(C=C(C=C4)Br)F)OC	0.8718430645796714
OVCAR4_OVARY	CN1CCC(CC1)COC2=C(C=C3C(=C2)N=CN=C3NC4=C(C=C(C=C4)Br)F)OC	0.6634126607673192
OVCAR5_OVARY	CN1CCC(CC1)COC2=C(C=C3C(=C2)N=CN=C3NC4=C(C=C(C=C4)Br)F)OC	0.3236555662292796
OVCAR8_OVARY	CN1CCC(CC1)COC2=C(C=C3C(=C2)N=CN=C3NC4=C(C=C(C=C4)Br)F)OC	0.8218663905388204
OVK18_OVARY	CN1CCC(CC1)COC2=C(C=C3C(=C2)N=CN=C3NC4=C(C=C(C=C4)Br)F)OC	0.5299612921995273
OVSAHO_OVARY	CN1CCC(CC1)COC2=C(C=C3C(=C2)N=CN=C3NC4=C(C=C(C=C4)Br)F)OC	0.8392846347616594
P12ICHIKAWA_HAEMATOPOIETIC_AND_LYMPHOID_TISSUE	CN1CCC(CC1)COC2=C(C=C3C(=C2)N=CN=C3NC4=C(C=C(C=C4)Br)F)OC	0.6186283486877991
P31FUJ_HAEMATOPOIETIC_AND_LYMPHOID_TISSUE	CN1CCC(CC1)COC2=C(C=C3C(=C2)N=CN=C3NC4=C(C=C(C=C4)Br)F)OC	0.6318845763379597
PANC0327_PANCREAS	CN1CCC(CC1)COC2=C(C=C3C(=C2)N=CN=C3NC4=C(C=C(C=C4)Br)F)OC	0.3862479649223866
PANC0403_PANCREAS	CN1CCC(CC1)COC2=C(C=C3C(=C2)N=CN=C3NC4=C(C=C(C=C4)Br)F)OC	0.5951263091305796
PANC0504_PANCREAS	CN1CCC(CC1)COC2=C(C=C3C(=C2)N=CN=C3NC4=C(C=C(C=C4)Br)F)OC	0.4319241643432935
PATU8902_PANCREAS	CN1CCC(CC1)COC2=C(C=C3C(=C2)N=CN=C3NC4=C(C=C(C=C4)Br)F)OC	0.6874799302251583
PATU8988S_PANCREAS	CN1CCC(CC1)COC2=C(C=C3C(=C2)N=CN=C3NC4=C(C=C(C=C4)Br)F)OC	0.2098790295160459
PATU8988T_PANCREAS	CN1CCC(CC1)COC2=C(C=C3C(=C2)N=CN=C3NC4=C(C=C(C=C4)Br)F)OC	0.5077979387355881
PC14_LUNG	CN1CCC(CC1)COC2=C(C=C3C(=C2)N=CN=C3NC4=C(C=C(C=C4)Br)F)OC	0.0608540390617897
PC3_PROSTATE	CN1CCC(CC1)COC2=C(C=C3C(=C2)N=CN=C3NC4=C(C=C(C=C4)Br)F)OC	0.5945954932725234
PECAPJ34CLONEC12_UPPER_AERODIGESTIVE_TRACT	CN1CCC(CC1)COC2=C(C=C3C(=C2)N=CN=C3NC4=C(C=C(C=C4)Br)F)OC	0.3701613431467619
PECAPJ41CLONED2_UPPER_AERODIGESTIVE_TRACT	CN1CCC(CC1)COC2=C(C=C3C(=C2)N=CN=C3NC4=C(C=C(C=C4)Br)F)OC	0.3100773523440104
PECAPJ49_UPPER_AERODIGESTIVE_TRACT	CN1CCC(CC1)COC2=C(C=C3C(=C2)N=CN=C3NC4=C(C=C(C=C4)Br)F)OC	0.1754528178884208
PEER_HAEMATOPOIETIC_AND_LYMPHOID_TISSUE	CN1CCC(CC1)COC2=C(C=C3C(=C2)N=CN=C3NC4=C(C=C(C=C4)Br)F)OC	0.389625078792654
PFEIFFER_HAEMATOPOIETIC_AND_LYMPHOID_TISSUE	CN1CCC(CC1)COC2=C(C=C3C(=C2)N=CN=C3NC4=C(C=C(C=C4)Br)F)OC	0.074104906815358
PK1_PANCREAS	CN1CCC(CC1)COC2=C(C=C3C(=C2)N=CN=C3NC4=C(C=C(C=C4)Br)F)OC	0.6075947277107704
PK45H_PANCREAS	CN1CCC(CC1)COC2=C(C=C3C(=C2)N=CN=C3NC4=C(C=C(C=C4)Br)F)OC	0.5173821837687131
PSN1_PANCREAS	CN1CCC(CC1)COC2=C(C=C3C(=C2)N=CN=C3NC4=C(C=C(C=C4)Br)F)OC	0.6172624082888672
QGP1_PANCREAS	CN1CCC(CC1)COC2=C(C=C3C(=C2)N=CN=C3NC4=C(C=C(C=C4)Br)F)OC	0.9606552022788568
RAJI_HAEMATOPOIETIC_AND_LYMPHOID_TISSUE	CN1CCC(CC1)COC2=C(C=C3C(=C2)N=CN=C3NC4=C(C=C(C=C4)Br)F)OC	0.8244539711809449
RCC10RGB_KIDNEY	CN1CCC(CC1)COC2=C(C=C3C(=C2)N=CN=C3NC4=C(C=C(C=C4)Br)F)OC	0.5408021858238128
RCHACV_HAEMATOPOIETIC_AND_LYMPHOID_TISSUE	CN1CCC(CC1)COC2=C(C=C3C(=C2)N=CN=C3NC4=C(C=C(C=C4)Br)F)OC	0.6799982623189283
RCM1_LARGE_INTESTINE	CN1CCC(CC1)COC2=C(C=C3C(=C2)N=CN=C3NC4=C(C=C(C=C4)Br)F)OC	0.6176815361537061
RD_SOFT_TISSUE	CN1CCC(CC1)COC2=C(C=C3C(=C2)N=CN=C3NC4=C(C=C(C=C4)Br)F)OC	0.5053719181465542
REC1_HAEMATOPOIETIC_AND_LYMPHOID_TISSUE	CN1CCC(CC1)COC2=C(C=C3C(=C2)N=CN=C3NC4=C(C=C(C=C4)Br)F)OC	0.6630834487408709
REH_HAEMATOPOIETIC_AND_LYMPHOID_TISSUE	CN1CCC(CC1)COC2=C(C=C3C(=C2)N=CN=C3NC4=C(C=C(C=C4)Br)F)OC	0.9157509727615014
RERFLCAD1_LUNG	CN1CCC(CC1)COC2=C(C=C3C(=C2)N=CN=C3NC4=C(C=C(C=C4)Br)F)OC	0.6375164055397297
RERFLCAI_LUNG	CN1CCC(CC1)COC2=C(C=C3C(=C2)N=CN=C3NC4=C(C=C(C=C4)Br)F)OC	0.6013271768841479
RERFLCMS_LUNG	CN1CCC(CC1)COC2=C(C=C3C(=C2)N=CN=C3NC4=C(C=C(C=C4)Br)F)OC	0.7990128325959147
RH41_SOFT_TISSUE	CN1CCC(CC1)COC2=C(C=C3C(=C2)N=CN=C3NC4=C(C=C(C=C4)Br)F)OC	0.3862862356809503
RI1_HAEMATOPOIETIC_AND_LYMPHOID_TISSUE	CN1CCC(CC1)COC2=C(C=C3C(=C2)N=CN=C3NC4=C(C=C(C=C4)Br)F)OC	0.4617563349646958
RKN_SOFT_TISSUE	CN1CCC(CC1)COC2=C(C=C3C(=C2)N=CN=C3NC4=C(C=C(C=C4)Br)F)OC	0.8299470220922478
RKO_LARGE_INTESTINE	CN1CCC(CC1)COC2=C(C=C3C(=C2)N=CN=C3NC4=C(C=C(C=C4)Br)F)OC	0.7903481468573852
RL952_ENDOMETRIUM	CN1CCC(CC1)COC2=C(C=C3C(=C2)N=CN=C3NC4=C(C=C(C=C4)Br)F)OC	0.5795128319898175
RPMI6666_HAEMATOPOIETIC_AND_LYMPHOID_TISSUE	CN1CCC(CC1)COC2=C(C=C3C(=C2)N=CN=C3NC4=C(C=C(C=C4)Br)F)OC	0.4628206954966967
RPMI7951_SKIN	CN1CCC(CC1)COC2=C(C=C3C(=C2)N=CN=C3NC4=C(C=C(C=C4)Br)F)OC	0.2448976347768114
RPMI8226_HAEMATOPOIETIC_AND_LYMPHOID_TISSUE	CN1CCC(CC1)COC2=C(C=C3C(=C2)N=CN=C3NC4=C(C=C(C=C4)Br)F)OC	0.6078779385114248
RPMI8402_HAEMATOPOIETIC_AND_LYMPHOID_TISSUE	CN1CCC(CC1)COC2=C(C=C3C(=C2)N=CN=C3NC4=C(C=C(C=C4)Br)F)OC	0.5486481120067882
RS411_HAEMATOPOIETIC_AND_LYMPHOID_TISSUE	CN1CCC(CC1)COC2=C(C=C3C(=C2)N=CN=C3NC4=C(C=C(C=C4)Br)F)OC	0.3264487792054304
RT112_URINARY_TRACT	CN1CCC(CC1)COC2=C(C=C3C(=C2)N=CN=C3NC4=C(C=C(C=C4)Br)F)OC	0.4719169031456451
RT4_URINARY_TRACT	CN1CCC(CC1)COC2=C(C=C3C(=C2)N=CN=C3NC4=C(C=C(C=C4)Br)F)OC	0.3946994134492999
SAOS2_BONE	CN1CCC(CC1)COC2=C(C=C3C(=C2)N=CN=C3NC4=C(C=C(C=C4)Br)F)OC	0.48507784198006
SBC5_LUNG	CN1CCC(CC1)COC2=C(C=C3C(=C2)N=CN=C3NC4=C(C=C(C=C4)Br)F)OC	0.5237805244098305
SCABER_URINARY_TRACT	CN1CCC(CC1)COC2=C(C=C3C(=C2)N=CN=C3NC4=C(C=C(C=C4)Br)F)OC	0.1180957831471348
SCC25_UPPER_AERODIGESTIVE_TRACT	CN1CCC(CC1)COC2=C(C=C3C(=C2)N=CN=C3NC4=C(C=C(C=C4)Br)F)OC	0.1400709365435316
SCC9_UPPER_AERODIGESTIVE_TRACT	CN1CCC(CC1)COC2=C(C=C3C(=C2)N=CN=C3NC4=C(C=C(C=C4)Br)F)OC	0.2143532121634732
SET2_HAEMATOPOIETIC_AND_LYMPHOID_TISSUE	CN1CCC(CC1)COC2=C(C=C3C(=C2)N=CN=C3NC4=C(C=C(C=C4)Br)F)OC	0.2600153627382647
SF295_CENTRAL_NERVOUS_SYSTEM	CN1CCC(CC1)COC2=C(C=C3C(=C2)N=CN=C3NC4=C(C=C(C=C4)Br)F)OC	0.9158736239734536
SF539_CENTRAL_NERVOUS_SYSTEM	CN1CCC(CC1)COC2=C(C=C3C(=C2)N=CN=C3NC4=C(C=C(C=C4)Br)F)OC	0.2363747249159065
SH10TC_STOMACH	CN1CCC(CC1)COC2=C(C=C3C(=C2)N=CN=C3NC4=C(C=C(C=C4)Br)F)OC	0.5658074055274402
SH4_SKIN	CN1CCC(CC1)COC2=C(C=C3C(=C2)N=CN=C3NC4=C(C=C(C=C4)Br)F)OC	0.3345418334646504
SHP77_LUNG	CN1CCC(CC1)COC2=C(C=C3C(=C2)N=CN=C3NC4=C(C=C(C=C4)Br)F)OC	0.9407359573307472
SKES1_BONE	CN1CCC(CC1)COC2=C(C=C3C(=C2)N=CN=C3NC4=C(C=C(C=C4)Br)F)OC	0.283825537137489
SKHEP1_LIVER	CN1CCC(CC1)COC2=C(C=C3C(=C2)N=CN=C3NC4=C(C=C(C=C4)Br)F)OC	0.8117441073701437
SKLMS1_SOFT_TISSUE	CN1CCC(CC1)COC2=C(C=C3C(=C2)N=CN=C3NC4=C(C=C(C=C4)Br)F)OC	0.5089777899890856
SKM1_HAEMATOPOIETIC_AND_LYMPHOID_TISSUE	CN1CCC(CC1)COC2=C(C=C3C(=C2)N=CN=C3NC4=C(C=C(C=C4)Br)F)OC	0.7160306427662281
SKMEL1_SKIN	CN1CCC(CC1)COC2=C(C=C3C(=C2)N=CN=C3NC4=C(C=C(C=C4)Br)F)OC	0.7428288846293714
SKMEL24_SKIN	CN1CCC(CC1)COC2=C(C=C3C(=C2)N=CN=C3NC4=C(C=C(C=C4)Br)F)OC	0.2156503256159277
SKMEL2_SKIN	CN1CCC(CC1)COC2=C(C=C3C(=C2)N=CN=C3NC4=C(C=C(C=C4)Br)F)OC	0.5232378289473685
SKMEL5_SKIN	CN1CCC(CC1)COC2=C(C=C3C(=C2)N=CN=C3NC4=C(C=C(C=C4)Br)F)OC	0.5517500954603309
SKMES1_LUNG	CN1CCC(CC1)COC2=C(C=C3C(=C2)N=CN=C3NC4=C(C=C(C=C4)Br)F)OC	0.0983964093608897
SKMM2_HAEMATOPOIETIC_AND_LYMPHOID_TISSUE	CN1CCC(CC1)COC2=C(C=C3C(=C2)N=CN=C3NC4=C(C=C(C=C4)Br)F)OC	0.5057388664050425
SKNAS_AUTONOMIC_GANGLIA	CN1CCC(CC1)COC2=C(C=C3C(=C2)N=CN=C3NC4=C(C=C(C=C4)Br)F)OC	0.3649527944028606
SKNBE2_AUTONOMIC_GANGLIA	CN1CCC(CC1)COC2=C(C=C3C(=C2)N=CN=C3NC4=C(C=C(C=C4)Br)F)OC	0.4660801200793964
SKNDZ_AUTONOMIC_GANGLIA	CN1CCC(CC1)COC2=C(C=C3C(=C2)N=CN=C3NC4=C(C=C(C=C4)Br)F)OC	0.2284520383951029
SKNSH_AUTONOMIC_GANGLIA	CN1CCC(CC1)COC2=C(C=C3C(=C2)N=CN=C3NC4=C(C=C(C=C4)Br)F)OC	0.2101247344153197
SKOV3_OVARY	CN1CCC(CC1)COC2=C(C=C3C(=C2)N=CN=C3NC4=C(C=C(C=C4)Br)F)OC	0.4865730479119946
SKUT1_SOFT_TISSUE	CN1CCC(CC1)COC2=C(C=C3C(=C2)N=CN=C3NC4=C(C=C(C=C4)Br)F)OC	0.8807129994242073
SNB75_CENTRAL_NERVOUS_SYSTEM	CN1CCC(CC1)COC2=C(C=C3C(=C2)N=CN=C3NC4=C(C=C(C=C4)Br)F)OC	0.2156740014091336
SNGM_ENDOMETRIUM	CN1CCC(CC1)COC2=C(C=C3C(=C2)N=CN=C3NC4=C(C=C(C=C4)Br)F)OC	0.5725767061640099
SNU1033_LARGE_INTESTINE	CN1CCC(CC1)COC2=C(C=C3C(=C2)N=CN=C3NC4=C(C=C(C=C4)Br)F)OC	0.5620256691869451
SNU1041_UPPER_AERODIGESTIVE_TRACT	CN1CCC(CC1)COC2=C(C=C3C(=C2)N=CN=C3NC4=C(C=C(C=C4)Br)F)OC	0.5987809773319596
SNU1066_UPPER_AERODIGESTIVE_TRACT	CN1CCC(CC1)COC2=C(C=C3C(=C2)N=CN=C3NC4=C(C=C(C=C4)Br)F)OC	0.5035905321534637
SNU1076_UPPER_AERODIGESTIVE_TRACT	CN1CCC(CC1)COC2=C(C=C3C(=C2)N=CN=C3NC4=C(C=C(C=C4)Br)F)OC	0.388979441573987
SNU1077_ENDOMETRIUM	CN1CCC(CC1)COC2=C(C=C3C(=C2)N=CN=C3NC4=C(C=C(C=C4)Br)F)OC	0.5706357717134372
SNU1079_BILIARY_TRACT	CN1CCC(CC1)COC2=C(C=C3C(=C2)N=CN=C3NC4=C(C=C(C=C4)Br)F)OC	0.2882699549228764
SNU1196_BILIARY_TRACT	CN1CCC(CC1)COC2=C(C=C3C(=C2)N=CN=C3NC4=C(C=C(C=C4)Br)F)OC	0.5232842772289229
SNU119_OVARY	CN1CCC(CC1)COC2=C(C=C3C(=C2)N=CN=C3NC4=C(C=C(C=C4)Br)F)OC	0.1616154065274705
SNU1214_UPPER_AERODIGESTIVE_TRACT	CN1CCC(CC1)COC2=C(C=C3C(=C2)N=CN=C3NC4=C(C=C(C=C4)Br)F)OC	0.1060998257522955
SNU1272_KIDNEY	CN1CCC(CC1)COC2=C(C=C3C(=C2)N=CN=C3NC4=C(C=C(C=C4)Br)F)OC	0.907912009454832
SNU16_STOMACH	CN1CCC(CC1)COC2=C(C=C3C(=C2)N=CN=C3NC4=C(C=C(C=C4)Br)F)OC	0.1659585941998242
SNU1_STOMACH	CN1CCC(CC1)COC2=C(C=C3C(=C2)N=CN=C3NC4=C(C=C(C=C4)Br)F)OC	0.4416706830510015
SNU201_CENTRAL_NERVOUS_SYSTEM	CN1CCC(CC1)COC2=C(C=C3C(=C2)N=CN=C3NC4=C(C=C(C=C4)Br)F)OC	0.5285854674525728
SNU213_PANCREAS	CN1CCC(CC1)COC2=C(C=C3C(=C2)N=CN=C3NC4=C(C=C(C=C4)Br)F)OC	0.5872790682768653
SNU216_STOMACH	CN1CCC(CC1)COC2=C(C=C3C(=C2)N=CN=C3NC4=C(C=C(C=C4)Br)F)OC	0.1865958065395921
SNU245_BILIARY_TRACT	CN1CCC(CC1)COC2=C(C=C3C(=C2)N=CN=C3NC4=C(C=C(C=C4)Br)F)OC	0.6445090049396932
SNU308_BILIARY_TRACT	CN1CCC(CC1)COC2=C(C=C3C(=C2)N=CN=C3NC4=C(C=C(C=C4)Br)F)OC	0.4841197254379052
SNU387_LIVER	CN1CCC(CC1)COC2=C(C=C3C(=C2)N=CN=C3NC4=C(C=C(C=C4)Br)F)OC	0.691530620946724
SNU466_CENTRAL_NERVOUS_SYSTEM	CN1CCC(CC1)COC2=C(C=C3C(=C2)N=CN=C3NC4=C(C=C(C=C4)Br)F)OC	0.5031170475483362
SNU46_UPPER_AERODIGESTIVE_TRACT	CN1CCC(CC1)COC2=C(C=C3C(=C2)N=CN=C3NC4=C(C=C(C=C4)Br)F)OC	0.4687972716528273
SNU475_LIVER	CN1CCC(CC1)COC2=C(C=C3C(=C2)N=CN=C3NC4=C(C=C(C=C4)Br)F)OC	0.7703732855541076
SNU478_BILIARY_TRACT	CN1CCC(CC1)COC2=C(C=C3C(=C2)N=CN=C3NC4=C(C=C(C=C4)Br)F)OC	0.2024167552047031
SNU503_LARGE_INTESTINE	CN1CCC(CC1)COC2=C(C=C3C(=C2)N=CN=C3NC4=C(C=C(C=C4)Br)F)OC	0.5870379002394013
SNU5_STOMACH	CN1CCC(CC1)COC2=C(C=C3C(=C2)N=CN=C3NC4=C(C=C(C=C4)Br)F)OC	0.7229149287835626
SNU601_STOMACH	CN1CCC(CC1)COC2=C(C=C3C(=C2)N=CN=C3NC4=C(C=C(C=C4)Br)F)OC	0.485514735219249
SNU61_LARGE_INTESTINE	CN1CCC(CC1)COC2=C(C=C3C(=C2)N=CN=C3NC4=C(C=C(C=C4)Br)F)OC	0.4551170196066547
SNU620_STOMACH	CN1CCC(CC1)COC2=C(C=C3C(=C2)N=CN=C3NC4=C(C=C(C=C4)Br)F)OC	0.7267787184071761
SNU668_STOMACH	CN1CCC(CC1)COC2=C(C=C3C(=C2)N=CN=C3NC4=C(C=C(C=C4)Br)F)OC	0.6586585405176071
SNU685_ENDOMETRIUM	CN1CCC(CC1)COC2=C(C=C3C(=C2)N=CN=C3NC4=C(C=C(C=C4)Br)F)OC	0.6583916405539729
SNU719_STOMACH	CN1CCC(CC1)COC2=C(C=C3C(=C2)N=CN=C3NC4=C(C=C(C=C4)Br)F)OC	0.7654179516940419
SNU761_LIVER	CN1CCC(CC1)COC2=C(C=C3C(=C2)N=CN=C3NC4=C(C=C(C=C4)Br)F)OC	0.1965857412345828
SNU840_OVARY	CN1CCC(CC1)COC2=C(C=C3C(=C2)N=CN=C3NC4=C(C=C(C=C4)Br)F)OC	0.3035114441346707
SNU869_BILIARY_TRACT	CN1CCC(CC1)COC2=C(C=C3C(=C2)N=CN=C3NC4=C(C=C(C=C4)Br)F)OC	0.4725453134185884
SNU8_OVARY	CN1CCC(CC1)COC2=C(C=C3C(=C2)N=CN=C3NC4=C(C=C(C=C4)Br)F)OC	0.6019380474574215
SNUC1_LARGE_INTESTINE	CN1CCC(CC1)COC2=C(C=C3C(=C2)N=CN=C3NC4=C(C=C(C=C4)Br)F)OC	0.6878569736044607
SNUC2A_LARGE_INTESTINE	CN1CCC(CC1)COC2=C(C=C3C(=C2)N=CN=C3NC4=C(C=C(C=C4)Br)F)OC	0.4851888270501243
SNUC4_LARGE_INTESTINE	CN1CCC(CC1)COC2=C(C=C3C(=C2)N=CN=C3NC4=C(C=C(C=C4)Br)F)OC	0.4382774726506863
SNUC5_LARGE_INTESTINE	CN1CCC(CC1)COC2=C(C=C3C(=C2)N=CN=C3NC4=C(C=C(C=C4)Br)F)OC	0.6387671102912209
SQ1_LUNG	CN1CCC(CC1)COC2=C(C=C3C(=C2)N=CN=C3NC4=C(C=C(C=C4)Br)F)OC	0.1807308500257584
SR786_HAEMATOPOIETIC_AND_LYMPHOID_TISSUE	CN1CCC(CC1)COC2=C(C=C3C(=C2)N=CN=C3NC4=C(C=C(C=C4)Br)F)OC	0.7661955163949329
SUDHL10_HAEMATOPOIETIC_AND_LYMPHOID_TISSUE	CN1CCC(CC1)COC2=C(C=C3C(=C2)N=CN=C3NC4=C(C=C(C=C4)Br)F)OC	0.5705577292563184
SUDHL1_HAEMATOPOIETIC_AND_LYMPHOID_TISSUE	CN1CCC(CC1)COC2=C(C=C3C(=C2)N=CN=C3NC4=C(C=C(C=C4)Br)F)OC	0.7187894751197041
SUDHL4_HAEMATOPOIETIC_AND_LYMPHOID_TISSUE	CN1CCC(CC1)COC2=C(C=C3C(=C2)N=CN=C3NC4=C(C=C(C=C4)Br)F)OC	0.548694120276372
SUDHL8_HAEMATOPOIETIC_AND_LYMPHOID_TISSUE	CN1CCC(CC1)COC2=C(C=C3C(=C2)N=CN=C3NC4=C(C=C(C=C4)Br)F)OC	0.480874873780229
SUIT2_PANCREAS	CN1CCC(CC1)COC2=C(C=C3C(=C2)N=CN=C3NC4=C(C=C(C=C4)Br)F)OC	0.8831878564398362
SUPB15_HAEMATOPOIETIC_AND_LYMPHOID_TISSUE	CN1CCC(CC1)COC2=C(C=C3C(=C2)N=CN=C3NC4=C(C=C(C=C4)Br)F)OC	0.5007706050183339
SUPM2_HAEMATOPOIETIC_AND_LYMPHOID_TISSUE	CN1CCC(CC1)COC2=C(C=C3C(=C2)N=CN=C3NC4=C(C=C(C=C4)Br)F)OC	0.8660113201915209
SUPT11_HAEMATOPOIETIC_AND_LYMPHOID_TISSUE	CN1CCC(CC1)COC2=C(C=C3C(=C2)N=CN=C3NC4=C(C=C(C=C4)Br)F)OC	0.3074888769356647
SUPT1_HAEMATOPOIETIC_AND_LYMPHOID_TISSUE	CN1CCC(CC1)COC2=C(C=C3C(=C2)N=CN=C3NC4=C(C=C(C=C4)Br)F)OC	0.4296444831504939
SW1088_CENTRAL_NERVOUS_SYSTEM	CN1CCC(CC1)COC2=C(C=C3C(=C2)N=CN=C3NC4=C(C=C(C=C4)Br)F)OC	0.2945607269159671
SW1116_LARGE_INTESTINE	CN1CCC(CC1)COC2=C(C=C3C(=C2)N=CN=C3NC4=C(C=C(C=C4)Br)F)OC	0.1945253741780053
SW1353_BONE	CN1CCC(CC1)COC2=C(C=C3C(=C2)N=CN=C3NC4=C(C=C(C=C4)Br)F)OC	0.7708486466054829
SW1417_LARGE_INTESTINE	CN1CCC(CC1)COC2=C(C=C3C(=C2)N=CN=C3NC4=C(C=C(C=C4)Br)F)OC	0.3551983022212794
SW1573_LUNG	CN1CCC(CC1)COC2=C(C=C3C(=C2)N=CN=C3NC4=C(C=C(C=C4)Br)F)OC	0.7861792507121642
SW1710_URINARY_TRACT	CN1CCC(CC1)COC2=C(C=C3C(=C2)N=CN=C3NC4=C(C=C(C=C4)Br)F)OC	0.3797918951331858
SW1783_CENTRAL_NERVOUS_SYSTEM	CN1CCC(CC1)COC2=C(C=C3C(=C2)N=CN=C3NC4=C(C=C(C=C4)Br)F)OC	0.6239210113185246
SW1990_PANCREAS	CN1CCC(CC1)COC2=C(C=C3C(=C2)N=CN=C3NC4=C(C=C(C=C4)Br)F)OC	0.5640502985029394
SW48_LARGE_INTESTINE	CN1CCC(CC1)COC2=C(C=C3C(=C2)N=CN=C3NC4=C(C=C(C=C4)Br)F)OC	0.6172496113518592
SW579_THYROID	CN1CCC(CC1)COC2=C(C=C3C(=C2)N=CN=C3NC4=C(C=C(C=C4)Br)F)OC	0.0795358120700627
SW620_LARGE_INTESTINE	CN1CCC(CC1)COC2=C(C=C3C(=C2)N=CN=C3NC4=C(C=C(C=C4)Br)F)OC	0.821431247802897
SW948_LARGE_INTESTINE	CN1CCC(CC1)COC2=C(C=C3C(=C2)N=CN=C3NC4=C(C=C(C=C4)Br)F)OC	0.8405380088032971
SYO1_SOFT_TISSUE	CN1CCC(CC1)COC2=C(C=C3C(=C2)N=CN=C3NC4=C(C=C(C=C4)Br)F)OC	0.5915787401890966
T24_URINARY_TRACT	CN1CCC(CC1)COC2=C(C=C3C(=C2)N=CN=C3NC4=C(C=C(C=C4)Br)F)OC	0.5689611288806694
TALL1_HAEMATOPOIETIC_AND_LYMPHOID_TISSUE	CN1CCC(CC1)COC2=C(C=C3C(=C2)N=CN=C3NC4=C(C=C(C=C4)Br)F)OC	0.2821050918209642
TCCSUP_URINARY_TRACT	CN1CCC(CC1)COC2=C(C=C3C(=C2)N=CN=C3NC4=C(C=C(C=C4)Br)F)OC	0.346590746462014
TE10_OESOPHAGUS	CN1CCC(CC1)COC2=C(C=C3C(=C2)N=CN=C3NC4=C(C=C(C=C4)Br)F)OC	0.4937887384083883
TE11_OESOPHAGUS	CN1CCC(CC1)COC2=C(C=C3C(=C2)N=CN=C3NC4=C(C=C(C=C4)Br)F)OC	0.1445232304009212
TE15_OESOPHAGUS	CN1CCC(CC1)COC2=C(C=C3C(=C2)N=CN=C3NC4=C(C=C(C=C4)Br)F)OC	0.3722684346495348
TE1_OESOPHAGUS	CN1CCC(CC1)COC2=C(C=C3C(=C2)N=CN=C3NC4=C(C=C(C=C4)Br)F)OC	0.5201628244136007
TE441T_SOFT_TISSUE	CN1CCC(CC1)COC2=C(C=C3C(=C2)N=CN=C3NC4=C(C=C(C=C4)Br)F)OC	0.3373392440274073
TE4_OESOPHAGUS	CN1CCC(CC1)COC2=C(C=C3C(=C2)N=CN=C3NC4=C(C=C(C=C4)Br)F)OC	0.1720293130094851
TE5_OESOPHAGUS	CN1CCC(CC1)COC2=C(C=C3C(=C2)N=CN=C3NC4=C(C=C(C=C4)Br)F)OC	0.2134658179793327
TE617T_SOFT_TISSUE	CN1CCC(CC1)COC2=C(C=C3C(=C2)N=CN=C3NC4=C(C=C(C=C4)Br)F)OC	0.0865806377465983
TE6_OESOPHAGUS	CN1CCC(CC1)COC2=C(C=C3C(=C2)N=CN=C3NC4=C(C=C(C=C4)Br)F)OC	0.4808017625534106
TE8_OESOPHAGUS	CN1CCC(CC1)COC2=C(C=C3C(=C2)N=CN=C3NC4=C(C=C(C=C4)Br)F)OC	0.1388264074668929
TE9_OESOPHAGUS	CN1CCC(CC1)COC2=C(C=C3C(=C2)N=CN=C3NC4=C(C=C(C=C4)Br)F)OC	0.5952321549790897
TF1_HAEMATOPOIETIC_AND_LYMPHOID_TISSUE	CN1CCC(CC1)COC2=C(C=C3C(=C2)N=CN=C3NC4=C(C=C(C=C4)Br)F)OC	0.5573768258129034
TM31_CENTRAL_NERVOUS_SYSTEM	CN1CCC(CC1)COC2=C(C=C3C(=C2)N=CN=C3NC4=C(C=C(C=C4)Br)F)OC	0.5291299260257077
TOV112D_OVARY	CN1CCC(CC1)COC2=C(C=C3C(=C2)N=CN=C3NC4=C(C=C(C=C4)Br)F)OC	0.5847113809509379
TT2609C02_THYROID	CN1CCC(CC1)COC2=C(C=C3C(=C2)N=CN=C3NC4=C(C=C(C=C4)Br)F)OC	0.6062672886854232
TUHR14TKB_KIDNEY	CN1CCC(CC1)COC2=C(C=C3C(=C2)N=CN=C3NC4=C(C=C(C=C4)Br)F)OC	0.313269668020243
U118MG_CENTRAL_NERVOUS_SYSTEM	CN1CCC(CC1)COC2=C(C=C3C(=C2)N=CN=C3NC4=C(C=C(C=C4)Br)F)OC	0.7295543729923024
U266B1_HAEMATOPOIETIC_AND_LYMPHOID_TISSUE	CN1CCC(CC1)COC2=C(C=C3C(=C2)N=CN=C3NC4=C(C=C(C=C4)Br)F)OC	0.3213420009697263
U87MG_CENTRAL_NERVOUS_SYSTEM	CN1CCC(CC1)COC2=C(C=C3C(=C2)N=CN=C3NC4=C(C=C(C=C4)Br)F)OC	1.0366351040940631
UMUC1_URINARY_TRACT	CN1CCC(CC1)COC2=C(C=C3C(=C2)N=CN=C3NC4=C(C=C(C=C4)Br)F)OC	0.1640265980029698
UMUC3_URINARY_TRACT	CN1CCC(CC1)COC2=C(C=C3C(=C2)N=CN=C3NC4=C(C=C(C=C4)Br)F)OC	0.6585893526318979
VCAP_PROSTATE	CN1CCC(CC1)COC2=C(C=C3C(=C2)N=CN=C3NC4=C(C=C(C=C4)Br)F)OC	0.8302279175126519
VMCUB1_URINARY_TRACT	CN1CCC(CC1)COC2=C(C=C3C(=C2)N=CN=C3NC4=C(C=C(C=C4)Br)F)OC	0.4090649498454451
VMRCLCD_LUNG	CN1CCC(CC1)COC2=C(C=C3C(=C2)N=CN=C3NC4=C(C=C(C=C4)Br)F)OC	0.7449330050306079
VMRCRCZ_KIDNEY	CN1CCC(CC1)COC2=C(C=C3C(=C2)N=CN=C3NC4=C(C=C(C=C4)Br)F)OC	0.327907866692942
WM1799_SKIN	CN1CCC(CC1)COC2=C(C=C3C(=C2)N=CN=C3NC4=C(C=C(C=C4)Br)F)OC	0.6086517772289228
WM2664_SKIN	CN1CCC(CC1)COC2=C(C=C3C(=C2)N=CN=C3NC4=C(C=C(C=C4)Br)F)OC	0.3402382049456043
WM793_SKIN	CN1CCC(CC1)COC2=C(C=C3C(=C2)N=CN=C3NC4=C(C=C(C=C4)Br)F)OC	0.5599438275046972
WM88_SKIN	CN1CCC(CC1)COC2=C(C=C3C(=C2)N=CN=C3NC4=C(C=C(C=C4)Br)F)OC	0.5901691631310988
WM983B_SKIN	CN1CCC(CC1)COC2=C(C=C3C(=C2)N=CN=C3NC4=C(C=C(C=C4)Br)F)OC	0.4806251128856293
WSUDLCL2_HAEMATOPOIETIC_AND_LYMPHOID_TISSUE	CN1CCC(CC1)COC2=C(C=C3C(=C2)N=CN=C3NC4=C(C=C(C=C4)Br)F)OC	0.5766327641069154
YAMATO_SOFT_TISSUE	CN1CCC(CC1)COC2=C(C=C3C(=C2)N=CN=C3NC4=C(C=C(C=C4)Br)F)OC	0.5959576053819813
YD10B_UPPER_AERODIGESTIVE_TRACT	CN1CCC(CC1)COC2=C(C=C3C(=C2)N=CN=C3NC4=C(C=C(C=C4)Br)F)OC	0.1099637371961936
YD15_SALIVARY_GLAND	CN1CCC(CC1)COC2=C(C=C3C(=C2)N=CN=C3NC4=C(C=C(C=C4)Br)F)OC	0.3639664720143034
YD8_UPPER_AERODIGESTIVE_TRACT	CN1CCC(CC1)COC2=C(C=C3C(=C2)N=CN=C3NC4=C(C=C(C=C4)Br)F)OC	0.19936729363011
YH13_CENTRAL_NERVOUS_SYSTEM	CN1CCC(CC1)COC2=C(C=C3C(=C2)N=CN=C3NC4=C(C=C(C=C4)Br)F)OC	0.5051095904442549
YKG1_CENTRAL_NERVOUS_SYSTEM	CN1CCC(CC1)COC2=C(C=C3C(=C2)N=CN=C3NC4=C(C=C(C=C4)Br)F)OC	0.5482602071274887
ZR751_BREAST	CN1CCC(CC1)COC2=C(C=C3C(=C2)N=CN=C3NC4=C(C=C(C=C4)Br)F)OC	0.6536591057033758
ZR7530_BREAST	CN1CCC(CC1)COC2=C(C=C3C(=C2)N=CN=C3NC4=C(C=C(C=C4)Br)F)OC	1.076515503875969
