201T_LUNG	CN1C=NC2=C1C=C(C(=C2F)NC3=C(C=C(C=C3)Br)Cl)C(=O)NOCCO	0.9615210326668174
22RV1_PROSTATE	CN1C=NC2=C1C=C(C(=C2F)NC3=C(C=C(C=C3)Br)Cl)C(=O)NOCCO	0.6976708024553192
253JBV_URINARY_TRACT	CN1C=NC2=C1C=C(C(=C2F)NC3=C(C=C(C=C3)Br)Cl)C(=O)NOCCO	0.6851613798413952
451LU_SKIN	CN1C=NC2=C1C=C(C(=C2F)NC3=C(C=C(C=C3)Br)Cl)C(=O)NOCCO	0.6105808515865478
5637_URINARY_TRACT	CN1C=NC2=C1C=C(C(=C2F)NC3=C(C=C(C=C3)Br)Cl)C(=O)NOCCO	0.6661648197235324
647V_URINARY_TRACT	CN1C=NC2=C1C=C(C(=C2F)NC3=C(C=C(C=C3)Br)Cl)C(=O)NOCCO	0.8226112642388387
697_HAEMATOPOIETIC_AND_LYMPHOID_TISSUE	CN1C=NC2=C1C=C(C(=C2F)NC3=C(C=C(C=C3)Br)Cl)C(=O)NOCCO	0.7203759467475989
8305C_THYROID	CN1C=NC2=C1C=C(C(=C2F)NC3=C(C=C(C=C3)Br)Cl)C(=O)NOCCO	0.4998071357144409
8MGBA_CENTRAL_NERVOUS_SYSTEM	CN1C=NC2=C1C=C(C(=C2F)NC3=C(C=C(C=C3)Br)Cl)C(=O)NOCCO	0.8356210737838964
A101D_SKIN	CN1C=NC2=C1C=C(C(=C2F)NC3=C(C=C(C=C3)Br)Cl)C(=O)NOCCO	0.5101950690390391
A2058_SKIN	CN1C=NC2=C1C=C(C(=C2F)NC3=C(C=C(C=C3)Br)Cl)C(=O)NOCCO	0.6717884363757265
A253_SALIVARY_GLAND	CN1C=NC2=C1C=C(C(=C2F)NC3=C(C=C(C=C3)Br)Cl)C(=O)NOCCO	0.7988953350402358
A2780_OVARY	CN1C=NC2=C1C=C(C(=C2F)NC3=C(C=C(C=C3)Br)Cl)C(=O)NOCCO	0.6140330348003521
A375_SKIN	CN1C=NC2=C1C=C(C(=C2F)NC3=C(C=C(C=C3)Br)Cl)C(=O)NOCCO	0.4294028959124254
A3KAW_HAEMATOPOIETIC_AND_LYMPHOID_TISSUE	CN1C=NC2=C1C=C(C(=C2F)NC3=C(C=C(C=C3)Br)Cl)C(=O)NOCCO	0.7272426144930647
A427_LUNG	CN1C=NC2=C1C=C(C(=C2F)NC3=C(C=C(C=C3)Br)Cl)C(=O)NOCCO	0.7410816306569108
A431_SKIN	CN1C=NC2=C1C=C(C(=C2F)NC3=C(C=C(C=C3)Br)Cl)C(=O)NOCCO	0.7794377931046435
A498_KIDNEY	CN1C=NC2=C1C=C(C(=C2F)NC3=C(C=C(C=C3)Br)Cl)C(=O)NOCCO	0.5527659039819085
A704_KIDNEY	CN1C=NC2=C1C=C(C(=C2F)NC3=C(C=C(C=C3)Br)Cl)C(=O)NOCCO	0.8814509645448882
ACCMESO1_PLEURA	CN1C=NC2=C1C=C(C(=C2F)NC3=C(C=C(C=C3)Br)Cl)C(=O)NOCCO	0.8944598104609806
ACHN_KIDNEY	CN1C=NC2=C1C=C(C(=C2F)NC3=C(C=C(C=C3)Br)Cl)C(=O)NOCCO	0.8428770760609103
AGS_STOMACH	CN1C=NC2=C1C=C(C(=C2F)NC3=C(C=C(C=C3)Br)Cl)C(=O)NOCCO	0.2869492284716695
ALLPO_HAEMATOPOIETIC_AND_LYMPHOID_TISSUE	CN1C=NC2=C1C=C(C(=C2F)NC3=C(C=C(C=C3)Br)Cl)C(=O)NOCCO	0.8533712026737482
ALLSIL_HAEMATOPOIETIC_AND_LYMPHOID_TISSUE	CN1C=NC2=C1C=C(C(=C2F)NC3=C(C=C(C=C3)Br)Cl)C(=O)NOCCO	0.8363190563470771
AML193_HAEMATOPOIETIC_AND_LYMPHOID_TISSUE	CN1C=NC2=C1C=C(C(=C2F)NC3=C(C=C(C=C3)Br)Cl)C(=O)NOCCO	0.2877185926503721
AMO1_HAEMATOPOIETIC_AND_LYMPHOID_TISSUE	CN1C=NC2=C1C=C(C(=C2F)NC3=C(C=C(C=C3)Br)Cl)C(=O)NOCCO	0.8799417840377136
AN3CA_ENDOMETRIUM	CN1C=NC2=C1C=C(C(=C2F)NC3=C(C=C(C=C3)Br)Cl)C(=O)NOCCO	0.8322807917216329
ARH77_HAEMATOPOIETIC_AND_LYMPHOID_TISSUE	CN1C=NC2=C1C=C(C(=C2F)NC3=C(C=C(C=C3)Br)Cl)C(=O)NOCCO	0.9118541064323412
ASH3_THYROID	CN1C=NC2=C1C=C(C(=C2F)NC3=C(C=C(C=C3)Br)Cl)C(=O)NOCCO	0.6400452458291046
ASPC1_PANCREAS	CN1C=NC2=C1C=C(C(=C2F)NC3=C(C=C(C=C3)Br)Cl)C(=O)NOCCO	0.4786347742349726
ATN1_HAEMATOPOIETIC_AND_LYMPHOID_TISSUE	CN1C=NC2=C1C=C(C(=C2F)NC3=C(C=C(C=C3)Br)Cl)C(=O)NOCCO	0.818343363091528
AU565_BREAST	CN1C=NC2=C1C=C(C(=C2F)NC3=C(C=C(C=C3)Br)Cl)C(=O)NOCCO	0.9762182339348512
BB49HNC_UPPER_AERODIGESTIVE_TRACT	CN1C=NC2=C1C=C(C(=C2F)NC3=C(C=C(C=C3)Br)Cl)C(=O)NOCCO	0.6261668845457202
BB65RCC_KIDNEY	CN1C=NC2=C1C=C(C(=C2F)NC3=C(C=C(C=C3)Br)Cl)C(=O)NOCCO	0.452494049772305
BC3C_URINARY_TRACT	CN1C=NC2=C1C=C(C(=C2F)NC3=C(C=C(C=C3)Br)Cl)C(=O)NOCCO	0.477150807579783
BCPAP_THYROID	CN1C=NC2=C1C=C(C(=C2F)NC3=C(C=C(C=C3)Br)Cl)C(=O)NOCCO	0.6692296649675136
BE13_HAEMATOPOIETIC_AND_LYMPHOID_TISSUE	CN1C=NC2=C1C=C(C(=C2F)NC3=C(C=C(C=C3)Br)Cl)C(=O)NOCCO	0.9344157609793546
BE2M17_AUTONOMIC_GANGLIA	CN1C=NC2=C1C=C(C(=C2F)NC3=C(C=C(C=C3)Br)Cl)C(=O)NOCCO	0.7290624454234708
BEN_LUNG	CN1C=NC2=C1C=C(C(=C2F)NC3=C(C=C(C=C3)Br)Cl)C(=O)NOCCO	0.9561829335028588
BFTC909_KIDNEY	CN1C=NC2=C1C=C(C(=C2F)NC3=C(C=C(C=C3)Br)Cl)C(=O)NOCCO	0.6704909298644216
BHT101_THYROID	CN1C=NC2=C1C=C(C(=C2F)NC3=C(C=C(C=C3)Br)Cl)C(=O)NOCCO	0.2729847713713459
BHY_UPPER_AERODIGESTIVE_TRACT	CN1C=NC2=C1C=C(C(=C2F)NC3=C(C=C(C=C3)Br)Cl)C(=O)NOCCO	0.4415091293412692
BICR16_UPPER_AERODIGESTIVE_TRACT	CN1C=NC2=C1C=C(C(=C2F)NC3=C(C=C(C=C3)Br)Cl)C(=O)NOCCO	0.7056275972908816
BICR18_UPPER_AERODIGESTIVE_TRACT	CN1C=NC2=C1C=C(C(=C2F)NC3=C(C=C(C=C3)Br)Cl)C(=O)NOCCO	0.5154666361842707
BICR22_UPPER_AERODIGESTIVE_TRACT	CN1C=NC2=C1C=C(C(=C2F)NC3=C(C=C(C=C3)Br)Cl)C(=O)NOCCO	0.6251442045277297
BICR31_UPPER_AERODIGESTIVE_TRACT	CN1C=NC2=C1C=C(C(=C2F)NC3=C(C=C(C=C3)Br)Cl)C(=O)NOCCO	0.449597056837631
BICR6_UPPER_AERODIGESTIVE_TRACT	CN1C=NC2=C1C=C(C(=C2F)NC3=C(C=C(C=C3)Br)Cl)C(=O)NOCCO	0.6231881341625434
BICR78_UPPER_AERODIGESTIVE_TRACT	CN1C=NC2=C1C=C(C(=C2F)NC3=C(C=C(C=C3)Br)Cl)C(=O)NOCCO	0.7677237706334343
BL70_HAEMATOPOIETIC_AND_LYMPHOID_TISSUE	CN1C=NC2=C1C=C(C(=C2F)NC3=C(C=C(C=C3)Br)Cl)C(=O)NOCCO	0.8925098857220588
BT12_SOFT_TISSUE	CN1C=NC2=C1C=C(C(=C2F)NC3=C(C=C(C=C3)Br)Cl)C(=O)NOCCO	0.6824730938235383
BT20_BREAST	CN1C=NC2=C1C=C(C(=C2F)NC3=C(C=C(C=C3)Br)Cl)C(=O)NOCCO	0.7468168694712936
BT474_BREAST	CN1C=NC2=C1C=C(C(=C2F)NC3=C(C=C(C=C3)Br)Cl)C(=O)NOCCO	0.9908477498920312
BT483_BREAST	CN1C=NC2=C1C=C(C(=C2F)NC3=C(C=C(C=C3)Br)Cl)C(=O)NOCCO	0.8773844402184019
BT549_BREAST	CN1C=NC2=C1C=C(C(=C2F)NC3=C(C=C(C=C3)Br)Cl)C(=O)NOCCO	0.9081574877943944
BV173_HAEMATOPOIETIC_AND_LYMPHOID_TISSUE	CN1C=NC2=C1C=C(C(=C2F)NC3=C(C=C(C=C3)Br)Cl)C(=O)NOCCO	0.6108566881036638
C32_SKIN	CN1C=NC2=C1C=C(C(=C2F)NC3=C(C=C(C=C3)Br)Cl)C(=O)NOCCO	0.2116750414760827
C33A_CERVIX	CN1C=NC2=C1C=C(C(=C2F)NC3=C(C=C(C=C3)Br)Cl)C(=O)NOCCO	0.936068822156062
C3A_LIVER	CN1C=NC2=C1C=C(C(=C2F)NC3=C(C=C(C=C3)Br)Cl)C(=O)NOCCO	0.8398164529886611
C4I_CERVIX	CN1C=NC2=C1C=C(C(=C2F)NC3=C(C=C(C=C3)Br)Cl)C(=O)NOCCO	0.8863035264656226
CA46_HAEMATOPOIETIC_AND_LYMPHOID_TISSUE	CN1C=NC2=C1C=C(C(=C2F)NC3=C(C=C(C=C3)Br)Cl)C(=O)NOCCO	0.9790027571964354
CA922_UPPER_AERODIGESTIVE_TRACT	CN1C=NC2=C1C=C(C(=C2F)NC3=C(C=C(C=C3)Br)Cl)C(=O)NOCCO	0.740003908693164
CAL120_BREAST	CN1C=NC2=C1C=C(C(=C2F)NC3=C(C=C(C=C3)Br)Cl)C(=O)NOCCO	0.7853100599371731
CAL12T_LUNG	CN1C=NC2=C1C=C(C(=C2F)NC3=C(C=C(C=C3)Br)Cl)C(=O)NOCCO	0.5532905070647882
CAL29_URINARY_TRACT	CN1C=NC2=C1C=C(C(=C2F)NC3=C(C=C(C=C3)Br)Cl)C(=O)NOCCO	0.6350617217601987
CAL33_UPPER_AERODIGESTIVE_TRACT	CN1C=NC2=C1C=C(C(=C2F)NC3=C(C=C(C=C3)Br)Cl)C(=O)NOCCO	0.6281232955698934
CAL39_VULVA	CN1C=NC2=C1C=C(C(=C2F)NC3=C(C=C(C=C3)Br)Cl)C(=O)NOCCO	0.3055678392972466
CAL62_THYROID	CN1C=NC2=C1C=C(C(=C2F)NC3=C(C=C(C=C3)Br)Cl)C(=O)NOCCO	0.5950899575107731
CAL72_BONE	CN1C=NC2=C1C=C(C(=C2F)NC3=C(C=C(C=C3)Br)Cl)C(=O)NOCCO	0.8512206705744272
CAL78_BONE	CN1C=NC2=C1C=C(C(=C2F)NC3=C(C=C(C=C3)Br)Cl)C(=O)NOCCO	0.8159963627926903
CALU1_LUNG	CN1C=NC2=C1C=C(C(=C2F)NC3=C(C=C(C=C3)Br)Cl)C(=O)NOCCO	0.7317418586076101
CALU3_LUNG	CN1C=NC2=C1C=C(C(=C2F)NC3=C(C=C(C=C3)Br)Cl)C(=O)NOCCO	0.6841465943121237
CALU6_LUNG	CN1C=NC2=C1C=C(C(=C2F)NC3=C(C=C(C=C3)Br)Cl)C(=O)NOCCO	0.415394631636985
CAMA1_BREAST	CN1C=NC2=C1C=C(C(=C2F)NC3=C(C=C(C=C3)Br)Cl)C(=O)NOCCO	0.8489622347723693
CAOV3_OVARY	CN1C=NC2=C1C=C(C(=C2F)NC3=C(C=C(C=C3)Br)Cl)C(=O)NOCCO	0.5955029927381204
CAOV4_OVARY	CN1C=NC2=C1C=C(C(=C2F)NC3=C(C=C(C=C3)Br)Cl)C(=O)NOCCO	1.059175062766695
CAPAN1_PANCREAS	CN1C=NC2=C1C=C(C(=C2F)NC3=C(C=C(C=C3)Br)Cl)C(=O)NOCCO	0.751801614712375
CAPAN2_PANCREAS	CN1C=NC2=C1C=C(C(=C2F)NC3=C(C=C(C=C3)Br)Cl)C(=O)NOCCO	0.587582436866065
CAR1_LARGE_INTESTINE	CN1C=NC2=C1C=C(C(=C2F)NC3=C(C=C(C=C3)Br)Cl)C(=O)NOCCO	0.8066768365247288
CAS1_CENTRAL_NERVOUS_SYSTEM	CN1C=NC2=C1C=C(C(=C2F)NC3=C(C=C(C=C3)Br)Cl)C(=O)NOCCO	0.9112609818493635
CASKI_CERVIX	CN1C=NC2=C1C=C(C(=C2F)NC3=C(C=C(C=C3)Br)Cl)C(=O)NOCCO	0.8756291793881195
CCFSTTG1_CENTRAL_NERVOUS_SYSTEM	CN1C=NC2=C1C=C(C(=C2F)NC3=C(C=C(C=C3)Br)Cl)C(=O)NOCCO	0.8991178489721325
CCRFCEM_HAEMATOPOIETIC_AND_LYMPHOID_TISSUE	CN1C=NC2=C1C=C(C(=C2F)NC3=C(C=C(C=C3)Br)Cl)C(=O)NOCCO	0.8862337846339805
CESS_HAEMATOPOIETIC_AND_LYMPHOID_TISSUE	CN1C=NC2=C1C=C(C(=C2F)NC3=C(C=C(C=C3)Br)Cl)C(=O)NOCCO	0.8682190256009957
CFPAC1_PANCREAS	CN1C=NC2=C1C=C(C(=C2F)NC3=C(C=C(C=C3)Br)Cl)C(=O)NOCCO	0.7192023945501668
CGTHW1_THYROID	CN1C=NC2=C1C=C(C(=C2F)NC3=C(C=C(C=C3)Br)Cl)C(=O)NOCCO	0.5528785960920053
CHAGOK1_LUNG	CN1C=NC2=C1C=C(C(=C2F)NC3=C(C=C(C=C3)Br)Cl)C(=O)NOCCO	0.794677006661336
CHP134_AUTONOMIC_GANGLIA	CN1C=NC2=C1C=C(C(=C2F)NC3=C(C=C(C=C3)Br)Cl)C(=O)NOCCO	0.873390694350617
CHSA0011_BONE	CN1C=NC2=C1C=C(C(=C2F)NC3=C(C=C(C=C3)Br)Cl)C(=O)NOCCO	0.8435814268985555
CHSA8926_BONE	CN1C=NC2=C1C=C(C(=C2F)NC3=C(C=C(C=C3)Br)Cl)C(=O)NOCCO	0.9189349703623546
CI1_HAEMATOPOIETIC_AND_LYMPHOID_TISSUE	CN1C=NC2=C1C=C(C(=C2F)NC3=C(C=C(C=C3)Br)Cl)C(=O)NOCCO	1.116981227344228
CJM_SKIN	CN1C=NC2=C1C=C(C(=C2F)NC3=C(C=C(C=C3)Br)Cl)C(=O)NOCCO	0.5754135530362208
CL40_LARGE_INTESTINE	CN1C=NC2=C1C=C(C(=C2F)NC3=C(C=C(C=C3)Br)Cl)C(=O)NOCCO	0.5853575133485697
CMK_HAEMATOPOIETIC_AND_LYMPHOID_TISSUE	CN1C=NC2=C1C=C(C(=C2F)NC3=C(C=C(C=C3)Br)Cl)C(=O)NOCCO	0.8541300224430712
CMLT1_HAEMATOPOIETIC_AND_LYMPHOID_TISSUE	CN1C=NC2=C1C=C(C(=C2F)NC3=C(C=C(C=C3)Br)Cl)C(=O)NOCCO	0.7049425525027275
COLO205_LARGE_INTESTINE	CN1C=NC2=C1C=C(C(=C2F)NC3=C(C=C(C=C3)Br)Cl)C(=O)NOCCO	0.2434510984648772
COLO320_LARGE_INTESTINE	CN1C=NC2=C1C=C(C(=C2F)NC3=C(C=C(C=C3)Br)Cl)C(=O)NOCCO	0.9666396161742996
COLO741_SKIN	CN1C=NC2=C1C=C(C(=C2F)NC3=C(C=C(C=C3)Br)Cl)C(=O)NOCCO	0.410493528509559
COLO783_SKIN	CN1C=NC2=C1C=C(C(=C2F)NC3=C(C=C(C=C3)Br)Cl)C(=O)NOCCO	0.999692493216532
COLO792_SKIN	CN1C=NC2=C1C=C(C(=C2F)NC3=C(C=C(C=C3)Br)Cl)C(=O)NOCCO	0.3924496120372698
COLO800_SKIN	CN1C=NC2=C1C=C(C(=C2F)NC3=C(C=C(C=C3)Br)Cl)C(=O)NOCCO	0.6892553657142723
COLO824_BREAST	CN1C=NC2=C1C=C(C(=C2F)NC3=C(C=C(C=C3)Br)Cl)C(=O)NOCCO	1.0090387476572915
COLO829_SKIN	CN1C=NC2=C1C=C(C(=C2F)NC3=C(C=C(C=C3)Br)Cl)C(=O)NOCCO	0.3923787033606782
CORL23_LUNG	CN1C=NC2=C1C=C(C(=C2F)NC3=C(C=C(C=C3)Br)Cl)C(=O)NOCCO	0.6274308001410992
CORL311_LUNG	CN1C=NC2=C1C=C(C(=C2F)NC3=C(C=C(C=C3)Br)Cl)C(=O)NOCCO	0.9472036104124628
CORL51_LUNG	CN1C=NC2=C1C=C(C(=C2F)NC3=C(C=C(C=C3)Br)Cl)C(=O)NOCCO	0.6410503859332345
CORL95_LUNG	CN1C=NC2=C1C=C(C(=C2F)NC3=C(C=C(C=C3)Br)Cl)C(=O)NOCCO	0.997451632871882
COV318_OVARY	CN1C=NC2=C1C=C(C(=C2F)NC3=C(C=C(C=C3)Br)Cl)C(=O)NOCCO	0.9868849388868988
COV362_OVARY	CN1C=NC2=C1C=C(C(=C2F)NC3=C(C=C(C=C3)Br)Cl)C(=O)NOCCO	0.6084134767179513
COV434_OVARY	CN1C=NC2=C1C=C(C(=C2F)NC3=C(C=C(C=C3)Br)Cl)C(=O)NOCCO	0.5061884927750246
COV644_OVARY	CN1C=NC2=C1C=C(C(=C2F)NC3=C(C=C(C=C3)Br)Cl)C(=O)NOCCO	0.5030605686317544
CP66MEL_SKIN	CN1C=NC2=C1C=C(C(=C2F)NC3=C(C=C(C=C3)Br)Cl)C(=O)NOCCO	0.5700916291281967
CPCN_LUNG	CN1C=NC2=C1C=C(C(=C2F)NC3=C(C=C(C=C3)Br)Cl)C(=O)NOCCO	0.972845223304128
CROAP2_HAEMATOPOIETIC_AND_LYMPHOID_TISSUE	CN1C=NC2=C1C=C(C(=C2F)NC3=C(C=C(C=C3)Br)Cl)C(=O)NOCCO	0.6876393728956918
CS1_BONE	CN1C=NC2=C1C=C(C(=C2F)NC3=C(C=C(C=C3)Br)Cl)C(=O)NOCCO	0.7710392797482193
CTB1_HAEMATOPOIETIC_AND_LYMPHOID_TISSUE	CN1C=NC2=C1C=C(C(=C2F)NC3=C(C=C(C=C3)Br)Cl)C(=O)NOCCO	0.7916617297979236
CTV1_HAEMATOPOIETIC_AND_LYMPHOID_TISSUE	CN1C=NC2=C1C=C(C(=C2F)NC3=C(C=C(C=C3)Br)Cl)C(=O)NOCCO	0.8887637535491082
CW2_LARGE_INTESTINE	CN1C=NC2=C1C=C(C(=C2F)NC3=C(C=C(C=C3)Br)Cl)C(=O)NOCCO	0.7639969362790681
D263MG_CENTRAL_NERVOUS_SYSTEM	CN1C=NC2=C1C=C(C(=C2F)NC3=C(C=C(C=C3)Br)Cl)C(=O)NOCCO	0.7000482343118462
D283MED_CENTRAL_NERVOUS_SYSTEM	CN1C=NC2=C1C=C(C(=C2F)NC3=C(C=C(C=C3)Br)Cl)C(=O)NOCCO	0.7910524411610759
D336MG_CENTRAL_NERVOUS_SYSTEM	CN1C=NC2=C1C=C(C(=C2F)NC3=C(C=C(C=C3)Br)Cl)C(=O)NOCCO	0.6280240999343362
D392MG_CENTRAL_NERVOUS_SYSTEM	CN1C=NC2=C1C=C(C(=C2F)NC3=C(C=C(C=C3)Br)Cl)C(=O)NOCCO	0.7637714831327846
D423MG_CENTRAL_NERVOUS_SYSTEM	CN1C=NC2=C1C=C(C(=C2F)NC3=C(C=C(C=C3)Br)Cl)C(=O)NOCCO	0.7397384807256167
D542MG_CENTRAL_NERVOUS_SYSTEM	CN1C=NC2=C1C=C(C(=C2F)NC3=C(C=C(C=C3)Br)Cl)C(=O)NOCCO	0.9688157584861355
D566MG_CENTRAL_NERVOUS_SYSTEM	CN1C=NC2=C1C=C(C(=C2F)NC3=C(C=C(C=C3)Br)Cl)C(=O)NOCCO	0.750607055577418
DANG_PANCREAS	CN1C=NC2=C1C=C(C(=C2F)NC3=C(C=C(C=C3)Br)Cl)C(=O)NOCCO	0.6703386285162365
DAOY_CENTRAL_NERVOUS_SYSTEM	CN1C=NC2=C1C=C(C(=C2F)NC3=C(C=C(C=C3)Br)Cl)C(=O)NOCCO	0.7731232535118155
DAUDI_HAEMATOPOIETIC_AND_LYMPHOID_TISSUE	CN1C=NC2=C1C=C(C(=C2F)NC3=C(C=C(C=C3)Br)Cl)C(=O)NOCCO	0.9026694358083022
DBTRG05MG_CENTRAL_NERVOUS_SYSTEM	CN1C=NC2=C1C=C(C(=C2F)NC3=C(C=C(C=C3)Br)Cl)C(=O)NOCCO	0.6185043916601574
DB_HAEMATOPOIETIC_AND_LYMPHOID_TISSUE	CN1C=NC2=C1C=C(C(=C2F)NC3=C(C=C(C=C3)Br)Cl)C(=O)NOCCO	0.7746828950435855
DETROIT562_UPPER_AERODIGESTIVE_TRACT	CN1C=NC2=C1C=C(C(=C2F)NC3=C(C=C(C=C3)Br)Cl)C(=O)NOCCO	0.7575933291600573
DJM1_SKIN	CN1C=NC2=C1C=C(C(=C2F)NC3=C(C=C(C=C3)Br)Cl)C(=O)NOCCO	0.831926676523229
DKMG_CENTRAL_NERVOUS_SYSTEM	CN1C=NC2=C1C=C(C(=C2F)NC3=C(C=C(C=C3)Br)Cl)C(=O)NOCCO	0.6781703668697897
DLD1_LARGE_INTESTINE	CN1C=NC2=C1C=C(C(=C2F)NC3=C(C=C(C=C3)Br)Cl)C(=O)NOCCO	0.786604035713664
DMS114_LUNG	CN1C=NC2=C1C=C(C(=C2F)NC3=C(C=C(C=C3)Br)Cl)C(=O)NOCCO	0.9211188684884718
DMS273_LUNG	CN1C=NC2=C1C=C(C(=C2F)NC3=C(C=C(C=C3)Br)Cl)C(=O)NOCCO	0.902807958473588
DMS454_LUNG	CN1C=NC2=C1C=C(C(=C2F)NC3=C(C=C(C=C3)Br)Cl)C(=O)NOCCO	0.6200147329419883
DMS53_LUNG	CN1C=NC2=C1C=C(C(=C2F)NC3=C(C=C(C=C3)Br)Cl)C(=O)NOCCO	0.8879333035999469
DMS79_LUNG	CN1C=NC2=C1C=C(C(=C2F)NC3=C(C=C(C=C3)Br)Cl)C(=O)NOCCO	0.9618223937013096
DND41_HAEMATOPOIETIC_AND_LYMPHOID_TISSUE	CN1C=NC2=C1C=C(C(=C2F)NC3=C(C=C(C=C3)Br)Cl)C(=O)NOCCO	0.68362493710185
DOK_UPPER_AERODIGESTIVE_TRACT	CN1C=NC2=C1C=C(C(=C2F)NC3=C(C=C(C=C3)Br)Cl)C(=O)NOCCO	0.5164317578615396
DOTC24510_CERVIX	CN1C=NC2=C1C=C(C(=C2F)NC3=C(C=C(C=C3)Br)Cl)C(=O)NOCCO	0.830580392554622
DOV13_OVARY	CN1C=NC2=C1C=C(C(=C2F)NC3=C(C=C(C=C3)Br)Cl)C(=O)NOCCO	0.8656900103230027
DSH1_URINARY_TRACT	CN1C=NC2=C1C=C(C(=C2F)NC3=C(C=C(C=C3)Br)Cl)C(=O)NOCCO	0.8745930302792813
EB1_HAEMATOPOIETIC_AND_LYMPHOID_TISSUE	CN1C=NC2=C1C=C(C(=C2F)NC3=C(C=C(C=C3)Br)Cl)C(=O)NOCCO	0.6866753571125653
EB2_HAEMATOPOIETIC_AND_LYMPHOID_TISSUE	CN1C=NC2=C1C=C(C(=C2F)NC3=C(C=C(C=C3)Br)Cl)C(=O)NOCCO	1.0637113575823565
EB3_HAEMATOPOIETIC_AND_LYMPHOID_TISSUE	CN1C=NC2=C1C=C(C(=C2F)NC3=C(C=C(C=C3)Br)Cl)C(=O)NOCCO	0.9765559585365567
EBC1_LUNG	CN1C=NC2=C1C=C(C(=C2F)NC3=C(C=C(C=C3)Br)Cl)C(=O)NOCCO	0.2785437609334661
ECC10_STOMACH	CN1C=NC2=C1C=C(C(=C2F)NC3=C(C=C(C=C3)Br)Cl)C(=O)NOCCO	0.6382075311816164
ECC12_STOMACH	CN1C=NC2=C1C=C(C(=C2F)NC3=C(C=C(C=C3)Br)Cl)C(=O)NOCCO	0.8320786108048823
ECGI10_OESOPHAGUS	CN1C=NC2=C1C=C(C(=C2F)NC3=C(C=C(C=C3)Br)Cl)C(=O)NOCCO	0.7706553063335022
EFE184_ENDOMETRIUM	CN1C=NC2=C1C=C(C(=C2F)NC3=C(C=C(C=C3)Br)Cl)C(=O)NOCCO	0.6524370986499967
EFM192A_BREAST	CN1C=NC2=C1C=C(C(=C2F)NC3=C(C=C(C=C3)Br)Cl)C(=O)NOCCO	0.8480815772732687
EFM19_BREAST	CN1C=NC2=C1C=C(C(=C2F)NC3=C(C=C(C=C3)Br)Cl)C(=O)NOCCO	0.8447284980648571
EFO21_OVARY	CN1C=NC2=C1C=C(C(=C2F)NC3=C(C=C(C=C3)Br)Cl)C(=O)NOCCO	0.6670652869499896
EFO27_OVARY	CN1C=NC2=C1C=C(C(=C2F)NC3=C(C=C(C=C3)Br)Cl)C(=O)NOCCO	0.6755865065937079
EHEB_HAEMATOPOIETIC_AND_LYMPHOID_TISSUE	CN1C=NC2=C1C=C(C(=C2F)NC3=C(C=C(C=C3)Br)Cl)C(=O)NOCCO	0.6196070750562152
EM2_HAEMATOPOIETIC_AND_LYMPHOID_TISSUE	CN1C=NC2=C1C=C(C(=C2F)NC3=C(C=C(C=C3)Br)Cl)C(=O)NOCCO	0.5055514701869013
EMCBAC1_LUNG	CN1C=NC2=C1C=C(C(=C2F)NC3=C(C=C(C=C3)Br)Cl)C(=O)NOCCO	0.8344942705050022
EMCBAC2_LUNG	CN1C=NC2=C1C=C(C(=C2F)NC3=C(C=C(C=C3)Br)Cl)C(=O)NOCCO	0.7837112067322343
EOL1_HAEMATOPOIETIC_AND_LYMPHOID_TISSUE	CN1C=NC2=C1C=C(C(=C2F)NC3=C(C=C(C=C3)Br)Cl)C(=O)NOCCO	0.3393232072505873
EPLC272H_LUNG	CN1C=NC2=C1C=C(C(=C2F)NC3=C(C=C(C=C3)Br)Cl)C(=O)NOCCO	0.588480099069243
ES1_BONE	CN1C=NC2=C1C=C(C(=C2F)NC3=C(C=C(C=C3)Br)Cl)C(=O)NOCCO	0.968743533810188
ES2_OVARY	CN1C=NC2=C1C=C(C(=C2F)NC3=C(C=C(C=C3)Br)Cl)C(=O)NOCCO	0.6108304675905779
ES4_BONE	CN1C=NC2=C1C=C(C(=C2F)NC3=C(C=C(C=C3)Br)Cl)C(=O)NOCCO	0.9201248776206256
ES5_BONE	CN1C=NC2=C1C=C(C(=C2F)NC3=C(C=C(C=C3)Br)Cl)C(=O)NOCCO	0.9005126480446537
ES8_BONE	CN1C=NC2=C1C=C(C(=C2F)NC3=C(C=C(C=C3)Br)Cl)C(=O)NOCCO	0.9079638335538412
ESO26_OESOPHAGUS	CN1C=NC2=C1C=C(C(=C2F)NC3=C(C=C(C=C3)Br)Cl)C(=O)NOCCO	0.9344831886840111
ETK1_BILIARY_TRACT	CN1C=NC2=C1C=C(C(=C2F)NC3=C(C=C(C=C3)Br)Cl)C(=O)NOCCO	0.9385734872865564
EW13_BONE	CN1C=NC2=C1C=C(C(=C2F)NC3=C(C=C(C=C3)Br)Cl)C(=O)NOCCO	0.9430540856335052
EW1_BONE	CN1C=NC2=C1C=C(C(=C2F)NC3=C(C=C(C=C3)Br)Cl)C(=O)NOCCO	1.005381617352013
EW22_BONE	CN1C=NC2=C1C=C(C(=C2F)NC3=C(C=C(C=C3)Br)Cl)C(=O)NOCCO	1.0702232134791048
EW3_BONE	CN1C=NC2=C1C=C(C(=C2F)NC3=C(C=C(C=C3)Br)Cl)C(=O)NOCCO	0.8452519056977161
FADU_UPPER_AERODIGESTIVE_TRACT	CN1C=NC2=C1C=C(C(=C2F)NC3=C(C=C(C=C3)Br)Cl)C(=O)NOCCO	0.8062318387397426
FLO1_OESOPHAGUS	CN1C=NC2=C1C=C(C(=C2F)NC3=C(C=C(C=C3)Br)Cl)C(=O)NOCCO	0.6540693961204556
FUOV1_OVARY	CN1C=NC2=C1C=C(C(=C2F)NC3=C(C=C(C=C3)Br)Cl)C(=O)NOCCO	0.5700422743840912
G401_SOFT_TISSUE	CN1C=NC2=C1C=C(C(=C2F)NC3=C(C=C(C=C3)Br)Cl)C(=O)NOCCO	0.58881093934494
G402_SOFT_TISSUE	CN1C=NC2=C1C=C(C(=C2F)NC3=C(C=C(C=C3)Br)Cl)C(=O)NOCCO	0.6916900152214289
GA10_HAEMATOPOIETIC_AND_LYMPHOID_TISSUE	CN1C=NC2=C1C=C(C(=C2F)NC3=C(C=C(C=C3)Br)Cl)C(=O)NOCCO	0.8420046271869183
GAK_SKIN	CN1C=NC2=C1C=C(C(=C2F)NC3=C(C=C(C=C3)Br)Cl)C(=O)NOCCO	0.4921974380277292
GAMG_CENTRAL_NERVOUS_SYSTEM	CN1C=NC2=C1C=C(C(=C2F)NC3=C(C=C(C=C3)Br)Cl)C(=O)NOCCO	0.7786491635203432
GB1_CENTRAL_NERVOUS_SYSTEM	CN1C=NC2=C1C=C(C(=C2F)NC3=C(C=C(C=C3)Br)Cl)C(=O)NOCCO	0.7843354685268933
GCIY_STOMACH	CN1C=NC2=C1C=C(C(=C2F)NC3=C(C=C(C=C3)Br)Cl)C(=O)NOCCO	0.648965187780315
GCT_SOFT_TISSUE	CN1C=NC2=C1C=C(C(=C2F)NC3=C(C=C(C=C3)Br)Cl)C(=O)NOCCO	0.7398587465088463
GDM1_HAEMATOPOIETIC_AND_LYMPHOID_TISSUE	CN1C=NC2=C1C=C(C(=C2F)NC3=C(C=C(C=C3)Br)Cl)C(=O)NOCCO	0.738316622702366
GI1_CENTRAL_NERVOUS_SYSTEM	CN1C=NC2=C1C=C(C(=C2F)NC3=C(C=C(C=C3)Br)Cl)C(=O)NOCCO	0.777232462770605
GIMEN_AUTONOMIC_GANGLIA	CN1C=NC2=C1C=C(C(=C2F)NC3=C(C=C(C=C3)Br)Cl)C(=O)NOCCO	0.8649292212289579
GMEL_SKIN	CN1C=NC2=C1C=C(C(=C2F)NC3=C(C=C(C=C3)Br)Cl)C(=O)NOCCO	0.2782426220948838
GMS10_CENTRAL_NERVOUS_SYSTEM	CN1C=NC2=C1C=C(C(=C2F)NC3=C(C=C(C=C3)Br)Cl)C(=O)NOCCO	0.7084146789141027
GOS3_CENTRAL_NERVOUS_SYSTEM	CN1C=NC2=C1C=C(C(=C2F)NC3=C(C=C(C=C3)Br)Cl)C(=O)NOCCO	0.8677306496231924
GOTO_AUTONOMIC_GANGLIA	CN1C=NC2=C1C=C(C(=C2F)NC3=C(C=C(C=C3)Br)Cl)C(=O)NOCCO	0.9927666531856184
GP5D_LARGE_INTESTINE	CN1C=NC2=C1C=C(C(=C2F)NC3=C(C=C(C=C3)Br)Cl)C(=O)NOCCO	0.6219668618568244
GRANTA519_HAEMATOPOIETIC_AND_LYMPHOID_TISSUE	CN1C=NC2=C1C=C(C(=C2F)NC3=C(C=C(C=C3)Br)Cl)C(=O)NOCCO	0.952475469115772
GSS_STOMACH	CN1C=NC2=C1C=C(C(=C2F)NC3=C(C=C(C=C3)Br)Cl)C(=O)NOCCO	0.3701107288033456
GSU_STOMACH	CN1C=NC2=C1C=C(C(=C2F)NC3=C(C=C(C=C3)Br)Cl)C(=O)NOCCO	0.1140705447089338
H3118_UPPER_AERODIGESTIVE_TRACT	CN1C=NC2=C1C=C(C(=C2F)NC3=C(C=C(C=C3)Br)Cl)C(=O)NOCCO	0.7461180170388648
H4_CENTRAL_NERVOUS_SYSTEM	CN1C=NC2=C1C=C(C(=C2F)NC3=C(C=C(C=C3)Br)Cl)C(=O)NOCCO	0.8187271576539662
H9_HAEMATOPOIETIC_AND_LYMPHOID_TISSUE	CN1C=NC2=C1C=C(C(=C2F)NC3=C(C=C(C=C3)Br)Cl)C(=O)NOCCO	0.5412521918300286
HA7RCC_KIDNEY	CN1C=NC2=C1C=C(C(=C2F)NC3=C(C=C(C=C3)Br)Cl)C(=O)NOCCO	1.017428527700739
HAL01_HAEMATOPOIETIC_AND_LYMPHOID_TISSUE	CN1C=NC2=C1C=C(C(=C2F)NC3=C(C=C(C=C3)Br)Cl)C(=O)NOCCO	0.6758693367423316
HCC1143_BREAST	CN1C=NC2=C1C=C(C(=C2F)NC3=C(C=C(C=C3)Br)Cl)C(=O)NOCCO	0.687930273448313
HCC1171_LUNG	CN1C=NC2=C1C=C(C(=C2F)NC3=C(C=C(C=C3)Br)Cl)C(=O)NOCCO	0.3570900642945214
HCC1187_BREAST	CN1C=NC2=C1C=C(C(=C2F)NC3=C(C=C(C=C3)Br)Cl)C(=O)NOCCO	0.9517880569300856
HCC1195_LUNG	CN1C=NC2=C1C=C(C(=C2F)NC3=C(C=C(C=C3)Br)Cl)C(=O)NOCCO	0.3315354993395778
HCC1359_LUNG	CN1C=NC2=C1C=C(C(=C2F)NC3=C(C=C(C=C3)Br)Cl)C(=O)NOCCO	0.8064560237799867
HCC1395_BREAST	CN1C=NC2=C1C=C(C(=C2F)NC3=C(C=C(C=C3)Br)Cl)C(=O)NOCCO	0.8444488254488749
HCC1438_LUNG	CN1C=NC2=C1C=C(C(=C2F)NC3=C(C=C(C=C3)Br)Cl)C(=O)NOCCO	0.6836229973380683
HCC1500_BREAST	CN1C=NC2=C1C=C(C(=C2F)NC3=C(C=C(C=C3)Br)Cl)C(=O)NOCCO	0.8400380666349906
HCC1569_BREAST	CN1C=NC2=C1C=C(C(=C2F)NC3=C(C=C(C=C3)Br)Cl)C(=O)NOCCO	1.0335360538628422
HCC15_LUNG	CN1C=NC2=C1C=C(C(=C2F)NC3=C(C=C(C=C3)Br)Cl)C(=O)NOCCO	0.539855441740884
HCC1806_BREAST	CN1C=NC2=C1C=C(C(=C2F)NC3=C(C=C(C=C3)Br)Cl)C(=O)NOCCO	0.713863811566758
HCC1954_BREAST	CN1C=NC2=C1C=C(C(=C2F)NC3=C(C=C(C=C3)Br)Cl)C(=O)NOCCO	0.7320555441348954
HCC202_BREAST	CN1C=NC2=C1C=C(C(=C2F)NC3=C(C=C(C=C3)Br)Cl)C(=O)NOCCO	0.9192566898925396
HCC2157_BREAST	CN1C=NC2=C1C=C(C(=C2F)NC3=C(C=C(C=C3)Br)Cl)C(=O)NOCCO	0.8749894524041226
HCC2218_BREAST	CN1C=NC2=C1C=C(C(=C2F)NC3=C(C=C(C=C3)Br)Cl)C(=O)NOCCO	0.6330544980037531
HCC2279_LUNG	CN1C=NC2=C1C=C(C(=C2F)NC3=C(C=C(C=C3)Br)Cl)C(=O)NOCCO	0.5168237787689186
HCC2935_LUNG	CN1C=NC2=C1C=C(C(=C2F)NC3=C(C=C(C=C3)Br)Cl)C(=O)NOCCO	0.4981577961874434
HCC2998_LARGE_INTESTINE	CN1C=NC2=C1C=C(C(=C2F)NC3=C(C=C(C=C3)Br)Cl)C(=O)NOCCO	0.3319822597897544
HCC366_LUNG	CN1C=NC2=C1C=C(C(=C2F)NC3=C(C=C(C=C3)Br)Cl)C(=O)NOCCO	0.8606579142157873
HCC4006_LUNG	CN1C=NC2=C1C=C(C(=C2F)NC3=C(C=C(C=C3)Br)Cl)C(=O)NOCCO	0.212360412331906
HCC44_LUNG	CN1C=NC2=C1C=C(C(=C2F)NC3=C(C=C(C=C3)Br)Cl)C(=O)NOCCO	0.4893579989603129
HCC56_LARGE_INTESTINE	CN1C=NC2=C1C=C(C(=C2F)NC3=C(C=C(C=C3)Br)Cl)C(=O)NOCCO	0.5828714772924669
HCC70_BREAST	CN1C=NC2=C1C=C(C(=C2F)NC3=C(C=C(C=C3)Br)Cl)C(=O)NOCCO	0.6699528855735992
HCC78_LUNG	CN1C=NC2=C1C=C(C(=C2F)NC3=C(C=C(C=C3)Br)Cl)C(=O)NOCCO	0.7585696014242149
HCC827_LUNG	CN1C=NC2=C1C=C(C(=C2F)NC3=C(C=C(C=C3)Br)Cl)C(=O)NOCCO	0.5635060869765878
HCE4_OESOPHAGUS	CN1C=NC2=C1C=C(C(=C2F)NC3=C(C=C(C=C3)Br)Cl)C(=O)NOCCO	0.963168694830423
HCT116_LARGE_INTESTINE	CN1C=NC2=C1C=C(C(=C2F)NC3=C(C=C(C=C3)Br)Cl)C(=O)NOCCO	0.3339086276061311
HCT15_LARGE_INTESTINE	CN1C=NC2=C1C=C(C(=C2F)NC3=C(C=C(C=C3)Br)Cl)C(=O)NOCCO	0.8622735942073998
HDLM2_HAEMATOPOIETIC_AND_LYMPHOID_TISSUE	CN1C=NC2=C1C=C(C(=C2F)NC3=C(C=C(C=C3)Br)Cl)C(=O)NOCCO	0.9865869982336294
HEC151_ENDOMETRIUM	CN1C=NC2=C1C=C(C(=C2F)NC3=C(C=C(C=C3)Br)Cl)C(=O)NOCCO	0.3023348423420001
HEC1A_ENDOMETRIUM	CN1C=NC2=C1C=C(C(=C2F)NC3=C(C=C(C=C3)Br)Cl)C(=O)NOCCO	0.6541867492876638
HEC1B_ENDOMETRIUM	CN1C=NC2=C1C=C(C(=C2F)NC3=C(C=C(C=C3)Br)Cl)C(=O)NOCCO	0.564678286108596
HEC251_ENDOMETRIUM	CN1C=NC2=C1C=C(C(=C2F)NC3=C(C=C(C=C3)Br)Cl)C(=O)NOCCO	0.6857130695451024
HEC265_ENDOMETRIUM	CN1C=NC2=C1C=C(C(=C2F)NC3=C(C=C(C=C3)Br)Cl)C(=O)NOCCO	0.8758524007265068
HEC50B_ENDOMETRIUM	CN1C=NC2=C1C=C(C(=C2F)NC3=C(C=C(C=C3)Br)Cl)C(=O)NOCCO	0.8959812516597722
HEC59_ENDOMETRIUM	CN1C=NC2=C1C=C(C(=C2F)NC3=C(C=C(C=C3)Br)Cl)C(=O)NOCCO	0.7478836957344506
HEL9217_HAEMATOPOIETIC_AND_LYMPHOID_TISSUE	CN1C=NC2=C1C=C(C(=C2F)NC3=C(C=C(C=C3)Br)Cl)C(=O)NOCCO	0.6902832871838007
HELA_CERVIX	CN1C=NC2=C1C=C(C(=C2F)NC3=C(C=C(C=C3)Br)Cl)C(=O)NOCCO	1.003431198123964
HEL_HAEMATOPOIETIC_AND_LYMPHOID_TISSUE	CN1C=NC2=C1C=C(C(=C2F)NC3=C(C=C(C=C3)Br)Cl)C(=O)NOCCO	0.9630629411162503
HEMCSS_BONE	CN1C=NC2=C1C=C(C(=C2F)NC3=C(C=C(C=C3)Br)Cl)C(=O)NOCCO	0.5153070944330157
HEP3B217_LIVER	CN1C=NC2=C1C=C(C(=C2F)NC3=C(C=C(C=C3)Br)Cl)C(=O)NOCCO	0.6186206198381065
HEYA8_OVARY	CN1C=NC2=C1C=C(C(=C2F)NC3=C(C=C(C=C3)Br)Cl)C(=O)NOCCO	0.3504238907167215
HEY_OVARY	CN1C=NC2=C1C=C(C(=C2F)NC3=C(C=C(C=C3)Br)Cl)C(=O)NOCCO	0.5331216335569471
HH_HAEMATOPOIETIC_AND_LYMPHOID_TISSUE	CN1C=NC2=C1C=C(C(=C2F)NC3=C(C=C(C=C3)Br)Cl)C(=O)NOCCO	0.8931436371019181
HL60_HAEMATOPOIETIC_AND_LYMPHOID_TISSUE	CN1C=NC2=C1C=C(C(=C2F)NC3=C(C=C(C=C3)Br)Cl)C(=O)NOCCO	0.448393305736068
HMC18_BREAST	CN1C=NC2=C1C=C(C(=C2F)NC3=C(C=C(C=C3)Br)Cl)C(=O)NOCCO	0.2766433507079286
HMCB_SKIN	CN1C=NC2=C1C=C(C(=C2F)NC3=C(C=C(C=C3)Br)Cl)C(=O)NOCCO	0.7288445895969472
HN_UPPER_AERODIGESTIVE_TRACT	CN1C=NC2=C1C=C(C(=C2F)NC3=C(C=C(C=C3)Br)Cl)C(=O)NOCCO	0.4060784531723555
HO1N1_UPPER_AERODIGESTIVE_TRACT	CN1C=NC2=C1C=C(C(=C2F)NC3=C(C=C(C=C3)Br)Cl)C(=O)NOCCO	0.5318278826305449
HO1U1_UPPER_AERODIGESTIVE_TRACT	CN1C=NC2=C1C=C(C(=C2F)NC3=C(C=C(C=C3)Br)Cl)C(=O)NOCCO	1.1833128673047155
HOP62_LUNG	CN1C=NC2=C1C=C(C(=C2F)NC3=C(C=C(C=C3)Br)Cl)C(=O)NOCCO	0.6826502063843577
HOP92_LUNG	CN1C=NC2=C1C=C(C(=C2F)NC3=C(C=C(C=C3)Br)Cl)C(=O)NOCCO	0.5149927458821287
HOS_BONE	CN1C=NC2=C1C=C(C(=C2F)NC3=C(C=C(C=C3)Br)Cl)C(=O)NOCCO	0.90550262354911
HPAC_PANCREAS	CN1C=NC2=C1C=C(C(=C2F)NC3=C(C=C(C=C3)Br)Cl)C(=O)NOCCO	0.5155680299348382
HPAFII_PANCREAS	CN1C=NC2=C1C=C(C(=C2F)NC3=C(C=C(C=C3)Br)Cl)C(=O)NOCCO	0.5968583233773405
HPBALL_HAEMATOPOIETIC_AND_LYMPHOID_TISSUE	CN1C=NC2=C1C=C(C(=C2F)NC3=C(C=C(C=C3)Br)Cl)C(=O)NOCCO	0.8174223226696802
HS294T_SKIN	CN1C=NC2=C1C=C(C(=C2F)NC3=C(C=C(C=C3)Br)Cl)C(=O)NOCCO	0.4144632564347301
HS445_HAEMATOPOIETIC_AND_LYMPHOID_TISSUE	CN1C=NC2=C1C=C(C(=C2F)NC3=C(C=C(C=C3)Br)Cl)C(=O)NOCCO	0.9086671867920084
HS578T_BREAST	CN1C=NC2=C1C=C(C(=C2F)NC3=C(C=C(C=C3)Br)Cl)C(=O)NOCCO	0.7634571905555179
HS611T_HAEMATOPOIETIC_AND_LYMPHOID_TISSUE	CN1C=NC2=C1C=C(C(=C2F)NC3=C(C=C(C=C3)Br)Cl)C(=O)NOCCO	0.9169490904912332
HS633T_SOFT_TISSUE	CN1C=NC2=C1C=C(C(=C2F)NC3=C(C=C(C=C3)Br)Cl)C(=O)NOCCO	0.450999438132099
HS683_CENTRAL_NERVOUS_SYSTEM	CN1C=NC2=C1C=C(C(=C2F)NC3=C(C=C(C=C3)Br)Cl)C(=O)NOCCO	0.7441072100513481
HS688AT_FIBROBLAST	CN1C=NC2=C1C=C(C(=C2F)NC3=C(C=C(C=C3)Br)Cl)C(=O)NOCCO	0.8190964784344257
HS729_SOFT_TISSUE	CN1C=NC2=C1C=C(C(=C2F)NC3=C(C=C(C=C3)Br)Cl)C(=O)NOCCO	0.6582919462954259
HS746T_STOMACH	CN1C=NC2=C1C=C(C(=C2F)NC3=C(C=C(C=C3)Br)Cl)C(=O)NOCCO	0.6234552193541871
HS766T_PANCREAS	CN1C=NC2=C1C=C(C(=C2F)NC3=C(C=C(C=C3)Br)Cl)C(=O)NOCCO	0.5091149162283627
HS822T_FIBROBLAST	CN1C=NC2=C1C=C(C(=C2F)NC3=C(C=C(C=C3)Br)Cl)C(=O)NOCCO	0.853292441682905
HS839T_FIBROBLAST	CN1C=NC2=C1C=C(C(=C2F)NC3=C(C=C(C=C3)Br)Cl)C(=O)NOCCO	0.7722121222340375
HS852T_SKIN	CN1C=NC2=C1C=C(C(=C2F)NC3=C(C=C(C=C3)Br)Cl)C(=O)NOCCO	0.7140547561542201
HS895T_FIBROBLAST	CN1C=NC2=C1C=C(C(=C2F)NC3=C(C=C(C=C3)Br)Cl)C(=O)NOCCO	0.625598675497302
HS934T_FIBROBLAST	CN1C=NC2=C1C=C(C(=C2F)NC3=C(C=C(C=C3)Br)Cl)C(=O)NOCCO	0.8538744707156031
HS940T_FIBROBLAST	CN1C=NC2=C1C=C(C(=C2F)NC3=C(C=C(C=C3)Br)Cl)C(=O)NOCCO	0.9151357288505984
HS944T_SKIN	CN1C=NC2=C1C=C(C(=C2F)NC3=C(C=C(C=C3)Br)Cl)C(=O)NOCCO	0.2275814770183846
HSC2_UPPER_AERODIGESTIVE_TRACT	CN1C=NC2=C1C=C(C(=C2F)NC3=C(C=C(C=C3)Br)Cl)C(=O)NOCCO	0.8539446795566684
HSC39_STOMACH	CN1C=NC2=C1C=C(C(=C2F)NC3=C(C=C(C=C3)Br)Cl)C(=O)NOCCO	0.8339904889141366
HSC4_UPPER_AERODIGESTIVE_TRACT	CN1C=NC2=C1C=C(C(=C2F)NC3=C(C=C(C=C3)Br)Cl)C(=O)NOCCO	0.626368507649658
HT1080_SOFT_TISSUE	CN1C=NC2=C1C=C(C(=C2F)NC3=C(C=C(C=C3)Br)Cl)C(=O)NOCCO	0.5123939127006724
HT1197_URINARY_TRACT	CN1C=NC2=C1C=C(C(=C2F)NC3=C(C=C(C=C3)Br)Cl)C(=O)NOCCO	0.7862973630334947
HT1376_URINARY_TRACT	CN1C=NC2=C1C=C(C(=C2F)NC3=C(C=C(C=C3)Br)Cl)C(=O)NOCCO	0.7935158427653085
HT144_SKIN	CN1C=NC2=C1C=C(C(=C2F)NC3=C(C=C(C=C3)Br)Cl)C(=O)NOCCO	0.2859114070846048
HT29_LARGE_INTESTINE	CN1C=NC2=C1C=C(C(=C2F)NC3=C(C=C(C=C3)Br)Cl)C(=O)NOCCO	0.453333373935195
HT3_CERVIX	CN1C=NC2=C1C=C(C(=C2F)NC3=C(C=C(C=C3)Br)Cl)C(=O)NOCCO	0.8859671009701309
HT_HAEMATOPOIETIC_AND_LYMPHOID_TISSUE	CN1C=NC2=C1C=C(C(=C2F)NC3=C(C=C(C=C3)Br)Cl)C(=O)NOCCO	0.837975044514427
HUCCT1_BILIARY_TRACT	CN1C=NC2=C1C=C(C(=C2F)NC3=C(C=C(C=C3)Br)Cl)C(=O)NOCCO	0.5410091600562594
HUG1N_STOMACH	CN1C=NC2=C1C=C(C(=C2F)NC3=C(C=C(C=C3)Br)Cl)C(=O)NOCCO	0.4754631801917021
HUH1_LIVER	CN1C=NC2=C1C=C(C(=C2F)NC3=C(C=C(C=C3)Br)Cl)C(=O)NOCCO	0.7639351481459419
HUH6_LIVER	CN1C=NC2=C1C=C(C(=C2F)NC3=C(C=C(C=C3)Br)Cl)C(=O)NOCCO	0.6775182636590209
HUO3N1_BONE	CN1C=NC2=C1C=C(C(=C2F)NC3=C(C=C(C=C3)Br)Cl)C(=O)NOCCO	0.94163587403864
HUO9_BONE	CN1C=NC2=C1C=C(C(=C2F)NC3=C(C=C(C=C3)Br)Cl)C(=O)NOCCO	0.9651928182438196
HUPT3_PANCREAS	CN1C=NC2=C1C=C(C(=C2F)NC3=C(C=C(C=C3)Br)Cl)C(=O)NOCCO	0.5824852017998219
HUPT4_PANCREAS	CN1C=NC2=C1C=C(C(=C2F)NC3=C(C=C(C=C3)Br)Cl)C(=O)NOCCO	0.5632082786190424
HUT78_HAEMATOPOIETIC_AND_LYMPHOID_TISSUE	CN1C=NC2=C1C=C(C(=C2F)NC3=C(C=C(C=C3)Br)Cl)C(=O)NOCCO	0.0827131316643575
IALM_LUNG	CN1C=NC2=C1C=C(C(=C2F)NC3=C(C=C(C=C3)Br)Cl)C(=O)NOCCO	0.865718200105016
IGR1_SKIN	CN1C=NC2=C1C=C(C(=C2F)NC3=C(C=C(C=C3)Br)Cl)C(=O)NOCCO	0.6153463492900225
IGROV1_OVARY	CN1C=NC2=C1C=C(C(=C2F)NC3=C(C=C(C=C3)Br)Cl)C(=O)NOCCO	0.500672034992141
IM9_HAEMATOPOIETIC_AND_LYMPHOID_TISSUE	CN1C=NC2=C1C=C(C(=C2F)NC3=C(C=C(C=C3)Br)Cl)C(=O)NOCCO	0.6059612903620721
IPC298_SKIN	CN1C=NC2=C1C=C(C(=C2F)NC3=C(C=C(C=C3)Br)Cl)C(=O)NOCCO	0.1429354450916934
ISTMEL1_SKIN	CN1C=NC2=C1C=C(C(=C2F)NC3=C(C=C(C=C3)Br)Cl)C(=O)NOCCO	0.6856478446913453
ISTMES1_PLEURA	CN1C=NC2=C1C=C(C(=C2F)NC3=C(C=C(C=C3)Br)Cl)C(=O)NOCCO	0.8365111319265942
ISTSL2_LUNG	CN1C=NC2=C1C=C(C(=C2F)NC3=C(C=C(C=C3)Br)Cl)C(=O)NOCCO	0.934122347479291
J82_URINARY_TRACT	CN1C=NC2=C1C=C(C(=C2F)NC3=C(C=C(C=C3)Br)Cl)C(=O)NOCCO	0.8890225433482167
JAR_PLACENTA	CN1C=NC2=C1C=C(C(=C2F)NC3=C(C=C(C=C3)Br)Cl)C(=O)NOCCO	0.8869496452005567
JEG3_PLACENTA	CN1C=NC2=C1C=C(C(=C2F)NC3=C(C=C(C=C3)Br)Cl)C(=O)NOCCO	0.9772658886178586
JEKO1_HAEMATOPOIETIC_AND_LYMPHOID_TISSUE	CN1C=NC2=C1C=C(C(=C2F)NC3=C(C=C(C=C3)Br)Cl)C(=O)NOCCO	0.763140185029449
JHH1_LIVER	CN1C=NC2=C1C=C(C(=C2F)NC3=C(C=C(C=C3)Br)Cl)C(=O)NOCCO	0.5088244022945535
JHH4_LIVER	CN1C=NC2=C1C=C(C(=C2F)NC3=C(C=C(C=C3)Br)Cl)C(=O)NOCCO	0.7555858187385908
JHH6_LIVER	CN1C=NC2=C1C=C(C(=C2F)NC3=C(C=C(C=C3)Br)Cl)C(=O)NOCCO	0.9233225912424502
JHH7_LIVER	CN1C=NC2=C1C=C(C(=C2F)NC3=C(C=C(C=C3)Br)Cl)C(=O)NOCCO	0.7819848530338773
JHOM1_OVARY	CN1C=NC2=C1C=C(C(=C2F)NC3=C(C=C(C=C3)Br)Cl)C(=O)NOCCO	0.915912401215316
JHOS2_OVARY	CN1C=NC2=C1C=C(C(=C2F)NC3=C(C=C(C=C3)Br)Cl)C(=O)NOCCO	0.6254771780570341
JHOS3_OVARY	CN1C=NC2=C1C=C(C(=C2F)NC3=C(C=C(C=C3)Br)Cl)C(=O)NOCCO	1.0103965571287614
JHOS4_OVARY	CN1C=NC2=C1C=C(C(=C2F)NC3=C(C=C(C=C3)Br)Cl)C(=O)NOCCO	0.9640697142062976
JHU029_UPPER_AERODIGESTIVE_TRACT	CN1C=NC2=C1C=C(C(=C2F)NC3=C(C=C(C=C3)Br)Cl)C(=O)NOCCO	0.9892952593963926
JHUEM1_ENDOMETRIUM	CN1C=NC2=C1C=C(C(=C2F)NC3=C(C=C(C=C3)Br)Cl)C(=O)NOCCO	0.4263731817510081
JHUEM2_ENDOMETRIUM	CN1C=NC2=C1C=C(C(=C2F)NC3=C(C=C(C=C3)Br)Cl)C(=O)NOCCO	0.506320939065367
JHUEM3_ENDOMETRIUM	CN1C=NC2=C1C=C(C(=C2F)NC3=C(C=C(C=C3)Br)Cl)C(=O)NOCCO	0.2819647361272689
JHUEM7_ENDOMETRIUM	CN1C=NC2=C1C=C(C(=C2F)NC3=C(C=C(C=C3)Br)Cl)C(=O)NOCCO	0.6101024656151652
JJN3_HAEMATOPOIETIC_AND_LYMPHOID_TISSUE	CN1C=NC2=C1C=C(C(=C2F)NC3=C(C=C(C=C3)Br)Cl)C(=O)NOCCO	0.8656820807338134
JK1_HAEMATOPOIETIC_AND_LYMPHOID_TISSUE	CN1C=NC2=C1C=C(C(=C2F)NC3=C(C=C(C=C3)Br)Cl)C(=O)NOCCO	0.3239188423430481
JL1_PLEURA	CN1C=NC2=C1C=C(C(=C2F)NC3=C(C=C(C=C3)Br)Cl)C(=O)NOCCO	0.6341335063953986
JMSU1_URINARY_TRACT	CN1C=NC2=C1C=C(C(=C2F)NC3=C(C=C(C=C3)Br)Cl)C(=O)NOCCO	0.3075820650545443
JSC1_HAEMATOPOIETIC_AND_LYMPHOID_TISSUE	CN1C=NC2=C1C=C(C(=C2F)NC3=C(C=C(C=C3)Br)Cl)C(=O)NOCCO	0.6774276744701877
JURKAT_HAEMATOPOIETIC_AND_LYMPHOID_TISSUE	CN1C=NC2=C1C=C(C(=C2F)NC3=C(C=C(C=C3)Br)Cl)C(=O)NOCCO	0.901937947277002
JURLMK1_HAEMATOPOIETIC_AND_LYMPHOID_TISSUE	CN1C=NC2=C1C=C(C(=C2F)NC3=C(C=C(C=C3)Br)Cl)C(=O)NOCCO	0.2968371785580087
JVM2_HAEMATOPOIETIC_AND_LYMPHOID_TISSUE	CN1C=NC2=C1C=C(C(=C2F)NC3=C(C=C(C=C3)Br)Cl)C(=O)NOCCO	0.6326472437573716
JVM3_HAEMATOPOIETIC_AND_LYMPHOID_TISSUE	CN1C=NC2=C1C=C(C(=C2F)NC3=C(C=C(C=C3)Br)Cl)C(=O)NOCCO	0.7659333729974306
K2_SKIN	CN1C=NC2=C1C=C(C(=C2F)NC3=C(C=C(C=C3)Br)Cl)C(=O)NOCCO	0.9090317632746256
K562_HAEMATOPOIETIC_AND_LYMPHOID_TISSUE	CN1C=NC2=C1C=C(C(=C2F)NC3=C(C=C(C=C3)Br)Cl)C(=O)NOCCO	0.7540148345460943
K5_THYROID	CN1C=NC2=C1C=C(C(=C2F)NC3=C(C=C(C=C3)Br)Cl)C(=O)NOCCO	0.3271205260829192
KARPAS1106P_HAEMATOPOIETIC_AND_LYMPHOID_TISSUE	CN1C=NC2=C1C=C(C(=C2F)NC3=C(C=C(C=C3)Br)Cl)C(=O)NOCCO	0.9273234537970187
KARPAS422_HAEMATOPOIETIC_AND_LYMPHOID_TISSUE	CN1C=NC2=C1C=C(C(=C2F)NC3=C(C=C(C=C3)Br)Cl)C(=O)NOCCO	0.7825281953412104
KARPAS620_HAEMATOPOIETIC_AND_LYMPHOID_TISSUE	CN1C=NC2=C1C=C(C(=C2F)NC3=C(C=C(C=C3)Br)Cl)C(=O)NOCCO	0.749291914071828
KASUMI1_HAEMATOPOIETIC_AND_LYMPHOID_TISSUE	CN1C=NC2=C1C=C(C(=C2F)NC3=C(C=C(C=C3)Br)Cl)C(=O)NOCCO	0.5772904562981225
KASUMI2_HAEMATOPOIETIC_AND_LYMPHOID_TISSUE	CN1C=NC2=C1C=C(C(=C2F)NC3=C(C=C(C=C3)Br)Cl)C(=O)NOCCO	0.5808079607758604
KCL22_HAEMATOPOIETIC_AND_LYMPHOID_TISSUE	CN1C=NC2=C1C=C(C(=C2F)NC3=C(C=C(C=C3)Br)Cl)C(=O)NOCCO	0.7449838259610368
KE37_HAEMATOPOIETIC_AND_LYMPHOID_TISSUE	CN1C=NC2=C1C=C(C(=C2F)NC3=C(C=C(C=C3)Br)Cl)C(=O)NOCCO	0.7795210088283716
KE39_STOMACH	CN1C=NC2=C1C=C(C(=C2F)NC3=C(C=C(C=C3)Br)Cl)C(=O)NOCCO	0.6436118626243974
KELLY_AUTONOMIC_GANGLIA	CN1C=NC2=C1C=C(C(=C2F)NC3=C(C=C(C=C3)Br)Cl)C(=O)NOCCO	0.7270438950471556
KG1C_CENTRAL_NERVOUS_SYSTEM	CN1C=NC2=C1C=C(C(=C2F)NC3=C(C=C(C=C3)Br)Cl)C(=O)NOCCO	0.4547481442035854
KG1_HAEMATOPOIETIC_AND_LYMPHOID_TISSUE	CN1C=NC2=C1C=C(C(=C2F)NC3=C(C=C(C=C3)Br)Cl)C(=O)NOCCO	0.787142209140303
KGN_OVARY	CN1C=NC2=C1C=C(C(=C2F)NC3=C(C=C(C=C3)Br)Cl)C(=O)NOCCO	0.716343046131552
KHM1B_HAEMATOPOIETIC_AND_LYMPHOID_TISSUE	CN1C=NC2=C1C=C(C(=C2F)NC3=C(C=C(C=C3)Br)Cl)C(=O)NOCCO	0.7199375727172577
KIJK_HAEMATOPOIETIC_AND_LYMPHOID_TISSUE	CN1C=NC2=C1C=C(C(=C2F)NC3=C(C=C(C=C3)Br)Cl)C(=O)NOCCO	0.640610718437072
KLE_ENDOMETRIUM	CN1C=NC2=C1C=C(C(=C2F)NC3=C(C=C(C=C3)Br)Cl)C(=O)NOCCO	0.7138704026219194
KM12_LARGE_INTESTINE	CN1C=NC2=C1C=C(C(=C2F)NC3=C(C=C(C=C3)Br)Cl)C(=O)NOCCO	0.69185247050965
KMH2_HAEMATOPOIETIC_AND_LYMPHOID_TISSUE	CN1C=NC2=C1C=C(C(=C2F)NC3=C(C=C(C=C3)Br)Cl)C(=O)NOCCO	0.8867072149274633
KMRC20_KIDNEY	CN1C=NC2=C1C=C(C(=C2F)NC3=C(C=C(C=C3)Br)Cl)C(=O)NOCCO	0.7613248159087785
KMRC2_KIDNEY	CN1C=NC2=C1C=C(C(=C2F)NC3=C(C=C(C=C3)Br)Cl)C(=O)NOCCO	0.4005017760162435
KMRC3_KIDNEY	CN1C=NC2=C1C=C(C(=C2F)NC3=C(C=C(C=C3)Br)Cl)C(=O)NOCCO	0.6114072899964778
KMS11_HAEMATOPOIETIC_AND_LYMPHOID_TISSUE	CN1C=NC2=C1C=C(C(=C2F)NC3=C(C=C(C=C3)Br)Cl)C(=O)NOCCO	0.6121256610422056
KMS12BM_HAEMATOPOIETIC_AND_LYMPHOID_TISSUE	CN1C=NC2=C1C=C(C(=C2F)NC3=C(C=C(C=C3)Br)Cl)C(=O)NOCCO	0.9415148205788292
KMS18_HAEMATOPOIETIC_AND_LYMPHOID_TISSUE	CN1C=NC2=C1C=C(C(=C2F)NC3=C(C=C(C=C3)Br)Cl)C(=O)NOCCO	0.2986201352707248
KMS20_HAEMATOPOIETIC_AND_LYMPHOID_TISSUE	CN1C=NC2=C1C=C(C(=C2F)NC3=C(C=C(C=C3)Br)Cl)C(=O)NOCCO	0.215691546413059
KMS26_HAEMATOPOIETIC_AND_LYMPHOID_TISSUE	CN1C=NC2=C1C=C(C(=C2F)NC3=C(C=C(C=C3)Br)Cl)C(=O)NOCCO	0.6384215719064165
KMS27_HAEMATOPOIETIC_AND_LYMPHOID_TISSUE	CN1C=NC2=C1C=C(C(=C2F)NC3=C(C=C(C=C3)Br)Cl)C(=O)NOCCO	0.3021879355454738
KNS42_CENTRAL_NERVOUS_SYSTEM	CN1C=NC2=C1C=C(C(=C2F)NC3=C(C=C(C=C3)Br)Cl)C(=O)NOCCO	0.9201343850575584
KNS62_LUNG	CN1C=NC2=C1C=C(C(=C2F)NC3=C(C=C(C=C3)Br)Cl)C(=O)NOCCO	0.6937990533245406
KNS81FD_CENTRAL_NERVOUS_SYSTEM	CN1C=NC2=C1C=C(C(=C2F)NC3=C(C=C(C=C3)Br)Cl)C(=O)NOCCO	0.7402644302349333
KNS81_CENTRAL_NERVOUS_SYSTEM	CN1C=NC2=C1C=C(C(=C2F)NC3=C(C=C(C=C3)Br)Cl)C(=O)NOCCO	0.8458347588575806
KO52_HAEMATOPOIETIC_AND_LYMPHOID_TISSUE	CN1C=NC2=C1C=C(C(=C2F)NC3=C(C=C(C=C3)Br)Cl)C(=O)NOCCO	0.4048917360854159
KON_UPPER_AERODIGESTIVE_TRACT	CN1C=NC2=C1C=C(C(=C2F)NC3=C(C=C(C=C3)Br)Cl)C(=O)NOCCO	0.7420976422813901
KOPN8_HAEMATOPOIETIC_AND_LYMPHOID_TISSUE	CN1C=NC2=C1C=C(C(=C2F)NC3=C(C=C(C=C3)Br)Cl)C(=O)NOCCO	0.904660538652837
KOSC2CL343_UPPER_AERODIGESTIVE_TRACT	CN1C=NC2=C1C=C(C(=C2F)NC3=C(C=C(C=C3)Br)Cl)C(=O)NOCCO	0.7266305277518412
KP1N_PANCREAS	CN1C=NC2=C1C=C(C(=C2F)NC3=C(C=C(C=C3)Br)Cl)C(=O)NOCCO	0.8615304452546719
KP2_PANCREAS	CN1C=NC2=C1C=C(C(=C2F)NC3=C(C=C(C=C3)Br)Cl)C(=O)NOCCO	0.5243813728816047
KP3_PANCREAS	CN1C=NC2=C1C=C(C(=C2F)NC3=C(C=C(C=C3)Br)Cl)C(=O)NOCCO	0.6850802027805108
KP4_PANCREAS	CN1C=NC2=C1C=C(C(=C2F)NC3=C(C=C(C=C3)Br)Cl)C(=O)NOCCO	0.6907885090545995
KPL1_BREAST	CN1C=NC2=C1C=C(C(=C2F)NC3=C(C=C(C=C3)Br)Cl)C(=O)NOCCO	0.904273749582858
KPNSI9S_AUTONOMIC_GANGLIA	CN1C=NC2=C1C=C(C(=C2F)NC3=C(C=C(C=C3)Br)Cl)C(=O)NOCCO	0.2776861322876723
KPNYN_AUTONOMIC_GANGLIA	CN1C=NC2=C1C=C(C(=C2F)NC3=C(C=C(C=C3)Br)Cl)C(=O)NOCCO	0.7478942894557723
KPNYS_AUTONOMIC_GANGLIA	CN1C=NC2=C1C=C(C(=C2F)NC3=C(C=C(C=C3)Br)Cl)C(=O)NOCCO	0.7966673314492161
KS1_CENTRAL_NERVOUS_SYSTEM	CN1C=NC2=C1C=C(C(=C2F)NC3=C(C=C(C=C3)Br)Cl)C(=O)NOCCO	0.7120871087768961
KU1919_URINARY_TRACT	CN1C=NC2=C1C=C(C(=C2F)NC3=C(C=C(C=C3)Br)Cl)C(=O)NOCCO	0.2601369212068591
KU812_HAEMATOPOIETIC_AND_LYMPHOID_TISSUE	CN1C=NC2=C1C=C(C(=C2F)NC3=C(C=C(C=C3)Br)Cl)C(=O)NOCCO	0.1634284371689422
KY821_HAEMATOPOIETIC_AND_LYMPHOID_TISSUE	CN1C=NC2=C1C=C(C(=C2F)NC3=C(C=C(C=C3)Br)Cl)C(=O)NOCCO	0.4091426523767891
KYAE1_OESOPHAGUS	CN1C=NC2=C1C=C(C(=C2F)NC3=C(C=C(C=C3)Br)Cl)C(=O)NOCCO	1.0493409897292652
KYM1_SOFT_TISSUE	CN1C=NC2=C1C=C(C(=C2F)NC3=C(C=C(C=C3)Br)Cl)C(=O)NOCCO	0.8729856184476539
KYO1_HAEMATOPOIETIC_AND_LYMPHOID_TISSUE	CN1C=NC2=C1C=C(C(=C2F)NC3=C(C=C(C=C3)Br)Cl)C(=O)NOCCO	0.2136511728685193
KYSE140_OESOPHAGUS	CN1C=NC2=C1C=C(C(=C2F)NC3=C(C=C(C=C3)Br)Cl)C(=O)NOCCO	0.7540580212672513
KYSE150_OESOPHAGUS	CN1C=NC2=C1C=C(C(=C2F)NC3=C(C=C(C=C3)Br)Cl)C(=O)NOCCO	0.8344188116992042
KYSE220_OESOPHAGUS	CN1C=NC2=C1C=C(C(=C2F)NC3=C(C=C(C=C3)Br)Cl)C(=O)NOCCO	0.6852658283620701
KYSE270_OESOPHAGUS	CN1C=NC2=C1C=C(C(=C2F)NC3=C(C=C(C=C3)Br)Cl)C(=O)NOCCO	0.8874871104030799
KYSE30_OESOPHAGUS	CN1C=NC2=C1C=C(C(=C2F)NC3=C(C=C(C=C3)Br)Cl)C(=O)NOCCO	0.4292261944339812
KYSE410_OESOPHAGUS	CN1C=NC2=C1C=C(C(=C2F)NC3=C(C=C(C=C3)Br)Cl)C(=O)NOCCO	0.7556213910596182
KYSE450_OESOPHAGUS	CN1C=NC2=C1C=C(C(=C2F)NC3=C(C=C(C=C3)Br)Cl)C(=O)NOCCO	0.9634150974808456
KYSE50_OESOPHAGUS	CN1C=NC2=C1C=C(C(=C2F)NC3=C(C=C(C=C3)Br)Cl)C(=O)NOCCO	0.9542165997873332
KYSE510_OESOPHAGUS	CN1C=NC2=C1C=C(C(=C2F)NC3=C(C=C(C=C3)Br)Cl)C(=O)NOCCO	0.830444526314859
KYSE520_OESOPHAGUS	CN1C=NC2=C1C=C(C(=C2F)NC3=C(C=C(C=C3)Br)Cl)C(=O)NOCCO	0.8152721582561093
KYSE70_OESOPHAGUS	CN1C=NC2=C1C=C(C(=C2F)NC3=C(C=C(C=C3)Br)Cl)C(=O)NOCCO	0.9493370330258468
L1236_HAEMATOPOIETIC_AND_LYMPHOID_TISSUE	CN1C=NC2=C1C=C(C(=C2F)NC3=C(C=C(C=C3)Br)Cl)C(=O)NOCCO	0.7890533716001092
L33_PANCREAS	CN1C=NC2=C1C=C(C(=C2F)NC3=C(C=C(C=C3)Br)Cl)C(=O)NOCCO	0.7513517531637062
L363_HAEMATOPOIETIC_AND_LYMPHOID_TISSUE	CN1C=NC2=C1C=C(C(=C2F)NC3=C(C=C(C=C3)Br)Cl)C(=O)NOCCO	0.9999276383708456
L428_HAEMATOPOIETIC_AND_LYMPHOID_TISSUE	CN1C=NC2=C1C=C(C(=C2F)NC3=C(C=C(C=C3)Br)Cl)C(=O)NOCCO	0.9452970111391196
L540_HAEMATOPOIETIC_AND_LYMPHOID_TISSUE	CN1C=NC2=C1C=C(C(=C2F)NC3=C(C=C(C=C3)Br)Cl)C(=O)NOCCO	0.9502411714806538
LAN6_AUTONOMIC_GANGLIA	CN1C=NC2=C1C=C(C(=C2F)NC3=C(C=C(C=C3)Br)Cl)C(=O)NOCCO	0.5316926914864339
LB1047RCC_KIDNEY	CN1C=NC2=C1C=C(C(=C2F)NC3=C(C=C(C=C3)Br)Cl)C(=O)NOCCO	0.7297868340215061
LB2518MEL_SKIN	CN1C=NC2=C1C=C(C(=C2F)NC3=C(C=C(C=C3)Br)Cl)C(=O)NOCCO	0.2687397981494523
LB373MELD_SKIN	CN1C=NC2=C1C=C(C(=C2F)NC3=C(C=C(C=C3)Br)Cl)C(=O)NOCCO	0.892018297214951
LB647SCLC_LUNG	CN1C=NC2=C1C=C(C(=C2F)NC3=C(C=C(C=C3)Br)Cl)C(=O)NOCCO	0.8994685507985573
LB996RCC_KIDNEY	CN1C=NC2=C1C=C(C(=C2F)NC3=C(C=C(C=C3)Br)Cl)C(=O)NOCCO	0.8704200426076415
LC1F_LUNG	CN1C=NC2=C1C=C(C(=C2F)NC3=C(C=C(C=C3)Br)Cl)C(=O)NOCCO	0.5942482241133902
LC1SQSF_LUNG	CN1C=NC2=C1C=C(C(=C2F)NC3=C(C=C(C=C3)Br)Cl)C(=O)NOCCO	0.7657566015869365
LC1SQ_LUNG	CN1C=NC2=C1C=C(C(=C2F)NC3=C(C=C(C=C3)Br)Cl)C(=O)NOCCO	0.9368429379960544
LC2AD_LUNG	CN1C=NC2=C1C=C(C(=C2F)NC3=C(C=C(C=C3)Br)Cl)C(=O)NOCCO	0.93712753780249
LCLC103H_LUNG	CN1C=NC2=C1C=C(C(=C2F)NC3=C(C=C(C=C3)Br)Cl)C(=O)NOCCO	1.073241426623884
LCLC97TM1_LUNG	CN1C=NC2=C1C=C(C(=C2F)NC3=C(C=C(C=C3)Br)Cl)C(=O)NOCCO	0.5739070743515907
LK2_LUNG	CN1C=NC2=C1C=C(C(=C2F)NC3=C(C=C(C=C3)Br)Cl)C(=O)NOCCO	0.9584524286032164
LMSU_STOMACH	CN1C=NC2=C1C=C(C(=C2F)NC3=C(C=C(C=C3)Br)Cl)C(=O)NOCCO	0.6706483998779224
LN18_CENTRAL_NERVOUS_SYSTEM	CN1C=NC2=C1C=C(C(=C2F)NC3=C(C=C(C=C3)Br)Cl)C(=O)NOCCO	1.1434388789648622
LN229_CENTRAL_NERVOUS_SYSTEM	CN1C=NC2=C1C=C(C(=C2F)NC3=C(C=C(C=C3)Br)Cl)C(=O)NOCCO	0.6466860482964558
LN405_CENTRAL_NERVOUS_SYSTEM	CN1C=NC2=C1C=C(C(=C2F)NC3=C(C=C(C=C3)Br)Cl)C(=O)NOCCO	0.8763216098204748
LNCAPCLONEFGC_PROSTATE	CN1C=NC2=C1C=C(C(=C2F)NC3=C(C=C(C=C3)Br)Cl)C(=O)NOCCO	0.923235474767234
LOUCY_HAEMATOPOIETIC_AND_LYMPHOID_TISSUE	CN1C=NC2=C1C=C(C(=C2F)NC3=C(C=C(C=C3)Br)Cl)C(=O)NOCCO	0.926494988769064
LOUNH91_LUNG	CN1C=NC2=C1C=C(C(=C2F)NC3=C(C=C(C=C3)Br)Cl)C(=O)NOCCO	0.7342926517590088
LOVO_LARGE_INTESTINE	CN1C=NC2=C1C=C(C(=C2F)NC3=C(C=C(C=C3)Br)Cl)C(=O)NOCCO	0.432751502448105
LOXIMVI_SKIN	CN1C=NC2=C1C=C(C(=C2F)NC3=C(C=C(C=C3)Br)Cl)C(=O)NOCCO	0.4576922305213926
LP1_HAEMATOPOIETIC_AND_LYMPHOID_TISSUE	CN1C=NC2=C1C=C(C(=C2F)NC3=C(C=C(C=C3)Br)Cl)C(=O)NOCCO	0.8934854644102248
LS123_LARGE_INTESTINE	CN1C=NC2=C1C=C(C(=C2F)NC3=C(C=C(C=C3)Br)Cl)C(=O)NOCCO	0.5200273608013226
LS180_LARGE_INTESTINE	CN1C=NC2=C1C=C(C(=C2F)NC3=C(C=C(C=C3)Br)Cl)C(=O)NOCCO	0.4034775188662606
LS513_LARGE_INTESTINE	CN1C=NC2=C1C=C(C(=C2F)NC3=C(C=C(C=C3)Br)Cl)C(=O)NOCCO	0.3032326851113724
LU134A_LUNG	CN1C=NC2=C1C=C(C(=C2F)NC3=C(C=C(C=C3)Br)Cl)C(=O)NOCCO	0.864778449757942
LU139_LUNG	CN1C=NC2=C1C=C(C(=C2F)NC3=C(C=C(C=C3)Br)Cl)C(=O)NOCCO	0.8202093405409181
LU165_LUNG	CN1C=NC2=C1C=C(C(=C2F)NC3=C(C=C(C=C3)Br)Cl)C(=O)NOCCO	1.0810201561226318
LU65_LUNG	CN1C=NC2=C1C=C(C(=C2F)NC3=C(C=C(C=C3)Br)Cl)C(=O)NOCCO	0.4810942350958205
LU99_LUNG	CN1C=NC2=C1C=C(C(=C2F)NC3=C(C=C(C=C3)Br)Cl)C(=O)NOCCO	0.2207566823671377
LUDLU1_LUNG	CN1C=NC2=C1C=C(C(=C2F)NC3=C(C=C(C=C3)Br)Cl)C(=O)NOCCO	0.7048159388485359
LXF289_LUNG	CN1C=NC2=C1C=C(C(=C2F)NC3=C(C=C(C=C3)Br)Cl)C(=O)NOCCO	0.7660428283538794
M059J_CENTRAL_NERVOUS_SYSTEM	CN1C=NC2=C1C=C(C(=C2F)NC3=C(C=C(C=C3)Br)Cl)C(=O)NOCCO	0.9093083666571076
M07E_HAEMATOPOIETIC_AND_LYMPHOID_TISSUE	CN1C=NC2=C1C=C(C(=C2F)NC3=C(C=C(C=C3)Br)Cl)C(=O)NOCCO	0.4831894217011696
MALME3M_SKIN	CN1C=NC2=C1C=C(C(=C2F)NC3=C(C=C(C=C3)Br)Cl)C(=O)NOCCO	0.1920629218876566
MCAS_OVARY	CN1C=NC2=C1C=C(C(=C2F)NC3=C(C=C(C=C3)Br)Cl)C(=O)NOCCO	0.1778798462657583
MCCAR_HAEMATOPOIETIC_AND_LYMPHOID_TISSUE	CN1C=NC2=C1C=C(C(=C2F)NC3=C(C=C(C=C3)Br)Cl)C(=O)NOCCO	0.9958361630563516
MCIXC_BONE	CN1C=NC2=C1C=C(C(=C2F)NC3=C(C=C(C=C3)Br)Cl)C(=O)NOCCO	1.128128648433874
MDAMB175VII_BREAST	CN1C=NC2=C1C=C(C(=C2F)NC3=C(C=C(C=C3)Br)Cl)C(=O)NOCCO	1.109890314098704
MDAMB361_BREAST	CN1C=NC2=C1C=C(C(=C2F)NC3=C(C=C(C=C3)Br)Cl)C(=O)NOCCO	0.8255324070696858
MDAMB415_BREAST	CN1C=NC2=C1C=C(C(=C2F)NC3=C(C=C(C=C3)Br)Cl)C(=O)NOCCO	0.8815779694783537
MDAMB453_BREAST	CN1C=NC2=C1C=C(C(=C2F)NC3=C(C=C(C=C3)Br)Cl)C(=O)NOCCO	0.9763611983567312
MDST8_LARGE_INTESTINE	CN1C=NC2=C1C=C(C(=C2F)NC3=C(C=C(C=C3)Br)Cl)C(=O)NOCCO	0.3674809099785786
ME180_CERVIX	CN1C=NC2=C1C=C(C(=C2F)NC3=C(C=C(C=C3)Br)Cl)C(=O)NOCCO	0.8934741833438199
ME1_HAEMATOPOIETIC_AND_LYMPHOID_TISSUE	CN1C=NC2=C1C=C(C(=C2F)NC3=C(C=C(C=C3)Br)Cl)C(=O)NOCCO	0.6394185474087664
MEC1_HAEMATOPOIETIC_AND_LYMPHOID_TISSUE	CN1C=NC2=C1C=C(C(=C2F)NC3=C(C=C(C=C3)Br)Cl)C(=O)NOCCO	0.7031834330955856
MEG01_HAEMATOPOIETIC_AND_LYMPHOID_TISSUE	CN1C=NC2=C1C=C(C(=C2F)NC3=C(C=C(C=C3)Br)Cl)C(=O)NOCCO	0.589915294045803
MELHO_SKIN	CN1C=NC2=C1C=C(C(=C2F)NC3=C(C=C(C=C3)Br)Cl)C(=O)NOCCO	0.1962334967128145
MESSA_SOFT_TISSUE	CN1C=NC2=C1C=C(C(=C2F)NC3=C(C=C(C=C3)Br)Cl)C(=O)NOCCO	0.8705165589699096
MEWO_SKIN	CN1C=NC2=C1C=C(C(=C2F)NC3=C(C=C(C=C3)Br)Cl)C(=O)NOCCO	0.3682375089491885
MFE280_ENDOMETRIUM	CN1C=NC2=C1C=C(C(=C2F)NC3=C(C=C(C=C3)Br)Cl)C(=O)NOCCO	1.0599079309713455
MFE319_ENDOMETRIUM	CN1C=NC2=C1C=C(C(=C2F)NC3=C(C=C(C=C3)Br)Cl)C(=O)NOCCO	0.7863162986613086
MFHINO_SOFT_TISSUE	CN1C=NC2=C1C=C(C(=C2F)NC3=C(C=C(C=C3)Br)Cl)C(=O)NOCCO	0.9089901323369964
MFM223_BREAST	CN1C=NC2=C1C=C(C(=C2F)NC3=C(C=C(C=C3)Br)Cl)C(=O)NOCCO	1.0096355708782725
MG63_BONE	CN1C=NC2=C1C=C(C(=C2F)NC3=C(C=C(C=C3)Br)Cl)C(=O)NOCCO	0.7901203582701579
MHHCALL4_HAEMATOPOIETIC_AND_LYMPHOID_TISSUE	CN1C=NC2=C1C=C(C(=C2F)NC3=C(C=C(C=C3)Br)Cl)C(=O)NOCCO	0.3939830791220033
MHHES1_BONE	CN1C=NC2=C1C=C(C(=C2F)NC3=C(C=C(C=C3)Br)Cl)C(=O)NOCCO	0.9116966524165502
MHHPREB1_HAEMATOPOIETIC_AND_LYMPHOID_TISSUE	CN1C=NC2=C1C=C(C(=C2F)NC3=C(C=C(C=C3)Br)Cl)C(=O)NOCCO	0.975640419633154
MIAPACA2_PANCREAS	CN1C=NC2=C1C=C(C(=C2F)NC3=C(C=C(C=C3)Br)Cl)C(=O)NOCCO	0.5623686384667809
MKN1_STOMACH	CN1C=NC2=C1C=C(C(=C2F)NC3=C(C=C(C=C3)Br)Cl)C(=O)NOCCO	0.8677330747934733
MKN28_STOMACH	CN1C=NC2=C1C=C(C(=C2F)NC3=C(C=C(C=C3)Br)Cl)C(=O)NOCCO	0.8790611359972635
MKN45_STOMACH	CN1C=NC2=C1C=C(C(=C2F)NC3=C(C=C(C=C3)Br)Cl)C(=O)NOCCO	0.6664121739646649
MKN7_STOMACH	CN1C=NC2=C1C=C(C(=C2F)NC3=C(C=C(C=C3)Br)Cl)C(=O)NOCCO	0.6626898979593999
ML1_THYROID	CN1C=NC2=C1C=C(C(=C2F)NC3=C(C=C(C=C3)Br)Cl)C(=O)NOCCO	0.4413979683649769
ML2_HAEMATOPOIETIC_AND_LYMPHOID_TISSUE	CN1C=NC2=C1C=C(C(=C2F)NC3=C(C=C(C=C3)Br)Cl)C(=O)NOCCO	0.4649670277131449
MM1S_HAEMATOPOIETIC_AND_LYMPHOID_TISSUE	CN1C=NC2=C1C=C(C(=C2F)NC3=C(C=C(C=C3)Br)Cl)C(=O)NOCCO	0.7610045716458923
MMACSF_SKIN	CN1C=NC2=C1C=C(C(=C2F)NC3=C(C=C(C=C3)Br)Cl)C(=O)NOCCO	0.1784694679406324
MN60_HAEMATOPOIETIC_AND_LYMPHOID_TISSUE	CN1C=NC2=C1C=C(C(=C2F)NC3=C(C=C(C=C3)Br)Cl)C(=O)NOCCO	0.9533926226698028
MOGGCCM_CENTRAL_NERVOUS_SYSTEM	CN1C=NC2=C1C=C(C(=C2F)NC3=C(C=C(C=C3)Br)Cl)C(=O)NOCCO	0.7867930063123134
MOGGUVW_CENTRAL_NERVOUS_SYSTEM	CN1C=NC2=C1C=C(C(=C2F)NC3=C(C=C(C=C3)Br)Cl)C(=O)NOCCO	0.8443836068403591
MOLM13_HAEMATOPOIETIC_AND_LYMPHOID_TISSUE	CN1C=NC2=C1C=C(C(=C2F)NC3=C(C=C(C=C3)Br)Cl)C(=O)NOCCO	0.3804402218538246
MOLM16_HAEMATOPOIETIC_AND_LYMPHOID_TISSUE	CN1C=NC2=C1C=C(C(=C2F)NC3=C(C=C(C=C3)Br)Cl)C(=O)NOCCO	0.4321307757984101
MOLM6_HAEMATOPOIETIC_AND_LYMPHOID_TISSUE	CN1C=NC2=C1C=C(C(=C2F)NC3=C(C=C(C=C3)Br)Cl)C(=O)NOCCO	0.1600167043715015
MOLP8_HAEMATOPOIETIC_AND_LYMPHOID_TISSUE	CN1C=NC2=C1C=C(C(=C2F)NC3=C(C=C(C=C3)Br)Cl)C(=O)NOCCO	0.5176331322848923
MOLT16_HAEMATOPOIETIC_AND_LYMPHOID_TISSUE	CN1C=NC2=C1C=C(C(=C2F)NC3=C(C=C(C=C3)Br)Cl)C(=O)NOCCO	0.7609213759688195
MOLT3_HAEMATOPOIETIC_AND_LYMPHOID_TISSUE	CN1C=NC2=C1C=C(C(=C2F)NC3=C(C=C(C=C3)Br)Cl)C(=O)NOCCO	0.5212520340425028
MOLT4_HAEMATOPOIETIC_AND_LYMPHOID_TISSUE	CN1C=NC2=C1C=C(C(=C2F)NC3=C(C=C(C=C3)Br)Cl)C(=O)NOCCO	0.8224932760939819
MONOMAC1_HAEMATOPOIETIC_AND_LYMPHOID_TISSUE	CN1C=NC2=C1C=C(C(=C2F)NC3=C(C=C(C=C3)Br)Cl)C(=O)NOCCO	0.5002497766414474
MONOMAC6_HAEMATOPOIETIC_AND_LYMPHOID_TISSUE	CN1C=NC2=C1C=C(C(=C2F)NC3=C(C=C(C=C3)Br)Cl)C(=O)NOCCO	0.7056367737709464
MORCPR_LUNG	CN1C=NC2=C1C=C(C(=C2F)NC3=C(C=C(C=C3)Br)Cl)C(=O)NOCCO	0.6918157314719443
MOTN1_HAEMATOPOIETIC_AND_LYMPHOID_TISSUE	CN1C=NC2=C1C=C(C(=C2F)NC3=C(C=C(C=C3)Br)Cl)C(=O)NOCCO	0.6525963631316346
MOT_HAEMATOPOIETIC_AND_LYMPHOID_TISSUE	CN1C=NC2=C1C=C(C(=C2F)NC3=C(C=C(C=C3)Br)Cl)C(=O)NOCCO	0.9767281996809132
MPP89_PLEURA	CN1C=NC2=C1C=C(C(=C2F)NC3=C(C=C(C=C3)Br)Cl)C(=O)NOCCO	0.7465584706569972
MRKNU1_BREAST	CN1C=NC2=C1C=C(C(=C2F)NC3=C(C=C(C=C3)Br)Cl)C(=O)NOCCO	0.944381552277744
MS751_CERVIX	CN1C=NC2=C1C=C(C(=C2F)NC3=C(C=C(C=C3)Br)Cl)C(=O)NOCCO	1.0225555619266389
MSTO211H_PLEURA	CN1C=NC2=C1C=C(C(=C2F)NC3=C(C=C(C=C3)Br)Cl)C(=O)NOCCO	0.5488131076150156
MYM12_HAEMATOPOIETIC_AND_LYMPHOID_TISSUE	CN1C=NC2=C1C=C(C(=C2F)NC3=C(C=C(C=C3)Br)Cl)C(=O)NOCCO	0.9659748076237188
MZ7MEL_SKIN	CN1C=NC2=C1C=C(C(=C2F)NC3=C(C=C(C=C3)Br)Cl)C(=O)NOCCO	0.5542522037472074
NB10_AUTONOMIC_GANGLIA	CN1C=NC2=C1C=C(C(=C2F)NC3=C(C=C(C=C3)Br)Cl)C(=O)NOCCO	0.6958746845544433
NB12_AUTONOMIC_GANGLIA	CN1C=NC2=C1C=C(C(=C2F)NC3=C(C=C(C=C3)Br)Cl)C(=O)NOCCO	1.0296369965118417
NB13_AUTONOMIC_GANGLIA	CN1C=NC2=C1C=C(C(=C2F)NC3=C(C=C(C=C3)Br)Cl)C(=O)NOCCO	1.0569549945544805
NB14_AUTONOMIC_GANGLIA	CN1C=NC2=C1C=C(C(=C2F)NC3=C(C=C(C=C3)Br)Cl)C(=O)NOCCO	0.9742274490977768
NB17_AUTONOMIC_GANGLIA	CN1C=NC2=C1C=C(C(=C2F)NC3=C(C=C(C=C3)Br)Cl)C(=O)NOCCO	1.0573133340546466
NB4_HAEMATOPOIETIC_AND_LYMPHOID_TISSUE	CN1C=NC2=C1C=C(C(=C2F)NC3=C(C=C(C=C3)Br)Cl)C(=O)NOCCO	0.7333594353298879
NB5_AUTONOMIC_GANGLIA	CN1C=NC2=C1C=C(C(=C2F)NC3=C(C=C(C=C3)Br)Cl)C(=O)NOCCO	0.5553263751359645
NB6_AUTONOMIC_GANGLIA	CN1C=NC2=C1C=C(C(=C2F)NC3=C(C=C(C=C3)Br)Cl)C(=O)NOCCO	0.9491971943156816
NB7_AUTONOMIC_GANGLIA	CN1C=NC2=C1C=C(C(=C2F)NC3=C(C=C(C=C3)Br)Cl)C(=O)NOCCO	0.9312432688085984
NBTU110_AUTONOMIC_GANGLIA	CN1C=NC2=C1C=C(C(=C2F)NC3=C(C=C(C=C3)Br)Cl)C(=O)NOCCO	0.6152567158996185
NCC010_KIDNEY	CN1C=NC2=C1C=C(C(=C2F)NC3=C(C=C(C=C3)Br)Cl)C(=O)NOCCO	0.92859269085711
NCC021_KIDNEY	CN1C=NC2=C1C=C(C(=C2F)NC3=C(C=C(C=C3)Br)Cl)C(=O)NOCCO	0.8965277178791304
NCCSTCK140_STOMACH	CN1C=NC2=C1C=C(C(=C2F)NC3=C(C=C(C=C3)Br)Cl)C(=O)NOCCO	0.2314979747910955
NCIH1048_LUNG	CN1C=NC2=C1C=C(C(=C2F)NC3=C(C=C(C=C3)Br)Cl)C(=O)NOCCO	0.9994163756517148
NCIH1092_LUNG	CN1C=NC2=C1C=C(C(=C2F)NC3=C(C=C(C=C3)Br)Cl)C(=O)NOCCO	0.8745891290293487
NCIH1105_LUNG	CN1C=NC2=C1C=C(C(=C2F)NC3=C(C=C(C=C3)Br)Cl)C(=O)NOCCO	0.7506113891277729
NCIH1155_LUNG	CN1C=NC2=C1C=C(C(=C2F)NC3=C(C=C(C=C3)Br)Cl)C(=O)NOCCO	0.7499887222954738
NCIH1184_LUNG	CN1C=NC2=C1C=C(C(=C2F)NC3=C(C=C(C=C3)Br)Cl)C(=O)NOCCO	0.6927337101594531
NCIH1299_LUNG	CN1C=NC2=C1C=C(C(=C2F)NC3=C(C=C(C=C3)Br)Cl)C(=O)NOCCO	0.7694288083413365
NCIH1304_LUNG	CN1C=NC2=C1C=C(C(=C2F)NC3=C(C=C(C=C3)Br)Cl)C(=O)NOCCO	0.9103047107803856
NCIH1339_LUNG	CN1C=NC2=C1C=C(C(=C2F)NC3=C(C=C(C=C3)Br)Cl)C(=O)NOCCO	0.6894371771338326
NCIH1341_LUNG	CN1C=NC2=C1C=C(C(=C2F)NC3=C(C=C(C=C3)Br)Cl)C(=O)NOCCO	0.6374906101566404
NCIH1373_LUNG	CN1C=NC2=C1C=C(C(=C2F)NC3=C(C=C(C=C3)Br)Cl)C(=O)NOCCO	0.5140324680110774
NCIH1435_LUNG	CN1C=NC2=C1C=C(C(=C2F)NC3=C(C=C(C=C3)Br)Cl)C(=O)NOCCO	0.8540992099717396
NCIH1437_LUNG	CN1C=NC2=C1C=C(C(=C2F)NC3=C(C=C(C=C3)Br)Cl)C(=O)NOCCO	0.5303480267040276
NCIH1563_LUNG	CN1C=NC2=C1C=C(C(=C2F)NC3=C(C=C(C=C3)Br)Cl)C(=O)NOCCO	0.9346360402463386
NCIH1568_LUNG	CN1C=NC2=C1C=C(C(=C2F)NC3=C(C=C(C=C3)Br)Cl)C(=O)NOCCO	0.7008879621345292
NCIH1573_LUNG	CN1C=NC2=C1C=C(C(=C2F)NC3=C(C=C(C=C3)Br)Cl)C(=O)NOCCO	0.6143640485646807
NCIH1581_LUNG	CN1C=NC2=C1C=C(C(=C2F)NC3=C(C=C(C=C3)Br)Cl)C(=O)NOCCO	0.782764521536453
NCIH1623_LUNG	CN1C=NC2=C1C=C(C(=C2F)NC3=C(C=C(C=C3)Br)Cl)C(=O)NOCCO	0.7401927003864303
NCIH1648_LUNG	CN1C=NC2=C1C=C(C(=C2F)NC3=C(C=C(C=C3)Br)Cl)C(=O)NOCCO	0.6856651127646836
NCIH1650_LUNG	CN1C=NC2=C1C=C(C(=C2F)NC3=C(C=C(C=C3)Br)Cl)C(=O)NOCCO	0.7787915257480916
NCIH1651_LUNG	CN1C=NC2=C1C=C(C(=C2F)NC3=C(C=C(C=C3)Br)Cl)C(=O)NOCCO	0.9153103465490596
NCIH1666_LUNG	CN1C=NC2=C1C=C(C(=C2F)NC3=C(C=C(C=C3)Br)Cl)C(=O)NOCCO	0.4002773774352217
NCIH1688_LUNG	CN1C=NC2=C1C=C(C(=C2F)NC3=C(C=C(C=C3)Br)Cl)C(=O)NOCCO	0.905605824663838
NCIH1694_LUNG	CN1C=NC2=C1C=C(C(=C2F)NC3=C(C=C(C=C3)Br)Cl)C(=O)NOCCO	0.7842302492150992
NCIH1703_LUNG	CN1C=NC2=C1C=C(C(=C2F)NC3=C(C=C(C=C3)Br)Cl)C(=O)NOCCO	0.7192111930319189
NCIH1770_LUNG	CN1C=NC2=C1C=C(C(=C2F)NC3=C(C=C(C=C3)Br)Cl)C(=O)NOCCO	0.8983486913949257
NCIH1781_LUNG	CN1C=NC2=C1C=C(C(=C2F)NC3=C(C=C(C=C3)Br)Cl)C(=O)NOCCO	0.8627783414339297
NCIH1792_LUNG	CN1C=NC2=C1C=C(C(=C2F)NC3=C(C=C(C=C3)Br)Cl)C(=O)NOCCO	0.6447711911218773
NCIH1793_LUNG	CN1C=NC2=C1C=C(C(=C2F)NC3=C(C=C(C=C3)Br)Cl)C(=O)NOCCO	0.7692021115023274
NCIH1836_LUNG	CN1C=NC2=C1C=C(C(=C2F)NC3=C(C=C(C=C3)Br)Cl)C(=O)NOCCO	0.667621932872598
NCIH1838_LUNG	CN1C=NC2=C1C=C(C(=C2F)NC3=C(C=C(C=C3)Br)Cl)C(=O)NOCCO	0.5309377133165847
NCIH1869_LUNG	CN1C=NC2=C1C=C(C(=C2F)NC3=C(C=C(C=C3)Br)Cl)C(=O)NOCCO	0.7141598829195623
NCIH187_LUNG	CN1C=NC2=C1C=C(C(=C2F)NC3=C(C=C(C=C3)Br)Cl)C(=O)NOCCO	0.8969698964609856
NCIH1963_LUNG	CN1C=NC2=C1C=C(C(=C2F)NC3=C(C=C(C=C3)Br)Cl)C(=O)NOCCO	0.6553852355208939
NCIH196_LUNG	CN1C=NC2=C1C=C(C(=C2F)NC3=C(C=C(C=C3)Br)Cl)C(=O)NOCCO	0.8635667877335066
NCIH1993_LUNG	CN1C=NC2=C1C=C(C(=C2F)NC3=C(C=C(C=C3)Br)Cl)C(=O)NOCCO	0.8827300843882635
NCIH2023_LUNG	CN1C=NC2=C1C=C(C(=C2F)NC3=C(C=C(C=C3)Br)Cl)C(=O)NOCCO	0.8231159999728912
NCIH2029_LUNG	CN1C=NC2=C1C=C(C(=C2F)NC3=C(C=C(C=C3)Br)Cl)C(=O)NOCCO	0.8860750752953558
NCIH2030_LUNG	CN1C=NC2=C1C=C(C(=C2F)NC3=C(C=C(C=C3)Br)Cl)C(=O)NOCCO	0.6626310193322693
NCIH2052_PLEURA	CN1C=NC2=C1C=C(C(=C2F)NC3=C(C=C(C=C3)Br)Cl)C(=O)NOCCO	1.0513343765554772
NCIH2066_LUNG	CN1C=NC2=C1C=C(C(=C2F)NC3=C(C=C(C=C3)Br)Cl)C(=O)NOCCO	0.9802560176556496
NCIH2073_LUNG	CN1C=NC2=C1C=C(C(=C2F)NC3=C(C=C(C=C3)Br)Cl)C(=O)NOCCO	0.329982806007173
NCIH2081_LUNG	CN1C=NC2=C1C=C(C(=C2F)NC3=C(C=C(C=C3)Br)Cl)C(=O)NOCCO	0.8480232389353268
NCIH2085_LUNG	CN1C=NC2=C1C=C(C(=C2F)NC3=C(C=C(C=C3)Br)Cl)C(=O)NOCCO	0.7263281989018767
NCIH2087_LUNG	CN1C=NC2=C1C=C(C(=C2F)NC3=C(C=C(C=C3)Br)Cl)C(=O)NOCCO	0.4128552088869259
NCIH209_LUNG	CN1C=NC2=C1C=C(C(=C2F)NC3=C(C=C(C=C3)Br)Cl)C(=O)NOCCO	0.8623133556966925
NCIH211_LUNG	CN1C=NC2=C1C=C(C(=C2F)NC3=C(C=C(C=C3)Br)Cl)C(=O)NOCCO	0.8087703575658277
NCIH2126_LUNG	CN1C=NC2=C1C=C(C(=C2F)NC3=C(C=C(C=C3)Br)Cl)C(=O)NOCCO	0.975647155044281
NCIH2135_LUNG	CN1C=NC2=C1C=C(C(=C2F)NC3=C(C=C(C=C3)Br)Cl)C(=O)NOCCO	0.6384993142117261
NCIH2170_LUNG	CN1C=NC2=C1C=C(C(=C2F)NC3=C(C=C(C=C3)Br)Cl)C(=O)NOCCO	0.9715597982580204
NCIH2196_LUNG	CN1C=NC2=C1C=C(C(=C2F)NC3=C(C=C(C=C3)Br)Cl)C(=O)NOCCO	0.6951445390028368
NCIH2227_LUNG	CN1C=NC2=C1C=C(C(=C2F)NC3=C(C=C(C=C3)Br)Cl)C(=O)NOCCO	0.940962658572206
NCIH2228_LUNG	CN1C=NC2=C1C=C(C(=C2F)NC3=C(C=C(C=C3)Br)Cl)C(=O)NOCCO	0.6425779735249956
NCIH226_LUNG	CN1C=NC2=C1C=C(C(=C2F)NC3=C(C=C(C=C3)Br)Cl)C(=O)NOCCO	0.8755693428844756
NCIH2286_LUNG	CN1C=NC2=C1C=C(C(=C2F)NC3=C(C=C(C=C3)Br)Cl)C(=O)NOCCO	0.6469291138061151
NCIH2291_LUNG	CN1C=NC2=C1C=C(C(=C2F)NC3=C(C=C(C=C3)Br)Cl)C(=O)NOCCO	0.3489671466087243
NCIH2347_LUNG	CN1C=NC2=C1C=C(C(=C2F)NC3=C(C=C(C=C3)Br)Cl)C(=O)NOCCO	0.5951333410553575
NCIH2373_PLEURA	CN1C=NC2=C1C=C(C(=C2F)NC3=C(C=C(C=C3)Br)Cl)C(=O)NOCCO	0.7564676795006966
NCIH2405_LUNG	CN1C=NC2=C1C=C(C(=C2F)NC3=C(C=C(C=C3)Br)Cl)C(=O)NOCCO	0.6706468483504945
NCIH2452_PLEURA	CN1C=NC2=C1C=C(C(=C2F)NC3=C(C=C(C=C3)Br)Cl)C(=O)NOCCO	0.7573313801522112
NCIH2461_PLEURA	CN1C=NC2=C1C=C(C(=C2F)NC3=C(C=C(C=C3)Br)Cl)C(=O)NOCCO	0.7466382806755432
NCIH2591_PLEURA	CN1C=NC2=C1C=C(C(=C2F)NC3=C(C=C(C=C3)Br)Cl)C(=O)NOCCO	0.785259457380207
NCIH2722_PLEURA	CN1C=NC2=C1C=C(C(=C2F)NC3=C(C=C(C=C3)Br)Cl)C(=O)NOCCO	0.9133611668268228
NCIH2731_PLEURA	CN1C=NC2=C1C=C(C(=C2F)NC3=C(C=C(C=C3)Br)Cl)C(=O)NOCCO	0.8231935600913893
NCIH2795_PLEURA	CN1C=NC2=C1C=C(C(=C2F)NC3=C(C=C(C=C3)Br)Cl)C(=O)NOCCO	0.5035577737068366
NCIH2804_PLEURA	CN1C=NC2=C1C=C(C(=C2F)NC3=C(C=C(C=C3)Br)Cl)C(=O)NOCCO	0.8284364200093891
NCIH2818_PLEURA	CN1C=NC2=C1C=C(C(=C2F)NC3=C(C=C(C=C3)Br)Cl)C(=O)NOCCO	0.7884454175760688
NCIH2869_PLEURA	CN1C=NC2=C1C=C(C(=C2F)NC3=C(C=C(C=C3)Br)Cl)C(=O)NOCCO	0.8349209172691574
NCIH28_PLEURA	CN1C=NC2=C1C=C(C(=C2F)NC3=C(C=C(C=C3)Br)Cl)C(=O)NOCCO	0.6458780989742822
NCIH292_LUNG	CN1C=NC2=C1C=C(C(=C2F)NC3=C(C=C(C=C3)Br)Cl)C(=O)NOCCO	0.4730813388099629
NCIH3122_LUNG	CN1C=NC2=C1C=C(C(=C2F)NC3=C(C=C(C=C3)Br)Cl)C(=O)NOCCO	0.7292546481932278
NCIH322_LUNG	CN1C=NC2=C1C=C(C(=C2F)NC3=C(C=C(C=C3)Br)Cl)C(=O)NOCCO	0.4895334543369635
NCIH441_LUNG	CN1C=NC2=C1C=C(C(=C2F)NC3=C(C=C(C=C3)Br)Cl)C(=O)NOCCO	0.6972271636815279
NCIH446_LUNG	CN1C=NC2=C1C=C(C(=C2F)NC3=C(C=C(C=C3)Br)Cl)C(=O)NOCCO	0.835488192266952
NCIH460_LUNG	CN1C=NC2=C1C=C(C(=C2F)NC3=C(C=C(C=C3)Br)Cl)C(=O)NOCCO	0.7376134472672441
NCIH508_LARGE_INTESTINE	CN1C=NC2=C1C=C(C(=C2F)NC3=C(C=C(C=C3)Br)Cl)C(=O)NOCCO	0.4025340624743929
NCIH510_LUNG	CN1C=NC2=C1C=C(C(=C2F)NC3=C(C=C(C=C3)Br)Cl)C(=O)NOCCO	0.5625087070805582
NCIH524_LUNG	CN1C=NC2=C1C=C(C(=C2F)NC3=C(C=C(C=C3)Br)Cl)C(=O)NOCCO	0.8975040466028197
NCIH647_LUNG	CN1C=NC2=C1C=C(C(=C2F)NC3=C(C=C(C=C3)Br)Cl)C(=O)NOCCO	0.7181838473795211
NCIH660_PROSTATE	CN1C=NC2=C1C=C(C(=C2F)NC3=C(C=C(C=C3)Br)Cl)C(=O)NOCCO	0.9075520421723764
NCIH69_LUNG	CN1C=NC2=C1C=C(C(=C2F)NC3=C(C=C(C=C3)Br)Cl)C(=O)NOCCO	0.9557952108867454
NCIH720_LUNG	CN1C=NC2=C1C=C(C(=C2F)NC3=C(C=C(C=C3)Br)Cl)C(=O)NOCCO	0.9311544376672948
NCIH727_LUNG	CN1C=NC2=C1C=C(C(=C2F)NC3=C(C=C(C=C3)Br)Cl)C(=O)NOCCO	0.5583580553645334
NCIH747_LARGE_INTESTINE	CN1C=NC2=C1C=C(C(=C2F)NC3=C(C=C(C=C3)Br)Cl)C(=O)NOCCO	0.2831622128720072
NCIH810_LUNG	CN1C=NC2=C1C=C(C(=C2F)NC3=C(C=C(C=C3)Br)Cl)C(=O)NOCCO	0.9538933360540076
NCIH82_LUNG	CN1C=NC2=C1C=C(C(=C2F)NC3=C(C=C(C=C3)Br)Cl)C(=O)NOCCO	1.0944863008454333
NCIH835_LUNG	CN1C=NC2=C1C=C(C(=C2F)NC3=C(C=C(C=C3)Br)Cl)C(=O)NOCCO	0.8727577348721507
NCIH838_LUNG	CN1C=NC2=C1C=C(C(=C2F)NC3=C(C=C(C=C3)Br)Cl)C(=O)NOCCO	0.9327440602253572
NCIH841_LUNG	CN1C=NC2=C1C=C(C(=C2F)NC3=C(C=C(C=C3)Br)Cl)C(=O)NOCCO	0.7846466413645545
NCIH847_LUNG	CN1C=NC2=C1C=C(C(=C2F)NC3=C(C=C(C=C3)Br)Cl)C(=O)NOCCO	0.8745594252459141
NCIH889_LUNG	CN1C=NC2=C1C=C(C(=C2F)NC3=C(C=C(C=C3)Br)Cl)C(=O)NOCCO	0.9037692681150804
NCIH929_HAEMATOPOIETIC_AND_LYMPHOID_TISSUE	CN1C=NC2=C1C=C(C(=C2F)NC3=C(C=C(C=C3)Br)Cl)C(=O)NOCCO	0.7120476915763403
NCIN87_STOMACH	CN1C=NC2=C1C=C(C(=C2F)NC3=C(C=C(C=C3)Br)Cl)C(=O)NOCCO	0.7544950769994587
NEC8_TESTIS	CN1C=NC2=C1C=C(C(=C2F)NC3=C(C=C(C=C3)Br)Cl)C(=O)NOCCO	0.990062360708894
NH6_AUTONOMIC_GANGLIA	CN1C=NC2=C1C=C(C(=C2F)NC3=C(C=C(C=C3)Br)Cl)C(=O)NOCCO	0.6353651303613183
NIHOVCAR3_OVARY	CN1C=NC2=C1C=C(C(=C2F)NC3=C(C=C(C=C3)Br)Cl)C(=O)NOCCO	0.9417424563114124
NKM1_HAEMATOPOIETIC_AND_LYMPHOID_TISSUE	CN1C=NC2=C1C=C(C(=C2F)NC3=C(C=C(C=C3)Br)Cl)C(=O)NOCCO	0.5702006605097542
NMCG1_CENTRAL_NERVOUS_SYSTEM	CN1C=NC2=C1C=C(C(=C2F)NC3=C(C=C(C=C3)Br)Cl)C(=O)NOCCO	0.6986744884227378
NO10_CENTRAL_NERVOUS_SYSTEM	CN1C=NC2=C1C=C(C(=C2F)NC3=C(C=C(C=C3)Br)Cl)C(=O)NOCCO	0.7380094411555107
NOS1_BONE	CN1C=NC2=C1C=C(C(=C2F)NC3=C(C=C(C=C3)Br)Cl)C(=O)NOCCO	0.8022243555597612
NTERA2CLD1_TESTIS	CN1C=NC2=C1C=C(C(=C2F)NC3=C(C=C(C=C3)Br)Cl)C(=O)NOCCO	1.275116027714412
NUDUL1_HAEMATOPOIETIC_AND_LYMPHOID_TISSUE	CN1C=NC2=C1C=C(C(=C2F)NC3=C(C=C(C=C3)Br)Cl)C(=O)NOCCO	0.4061066634110564
NUGC4_STOMACH	CN1C=NC2=C1C=C(C(=C2F)NC3=C(C=C(C=C3)Br)Cl)C(=O)NOCCO	0.4229990998479536
NY_BONE	CN1C=NC2=C1C=C(C(=C2F)NC3=C(C=C(C=C3)Br)Cl)C(=O)NOCCO	0.9633155189803184
OACM51_OESOPHAGUS	CN1C=NC2=C1C=C(C(=C2F)NC3=C(C=C(C=C3)Br)Cl)C(=O)NOCCO	0.9901921345418908
OACP4C_OESOPHAGUS	CN1C=NC2=C1C=C(C(=C2F)NC3=C(C=C(C=C3)Br)Cl)C(=O)NOCCO	0.6127780282270747
OAW28_OVARY	CN1C=NC2=C1C=C(C(=C2F)NC3=C(C=C(C=C3)Br)Cl)C(=O)NOCCO	0.7245127835384361
OAW42_OVARY	CN1C=NC2=C1C=C(C(=C2F)NC3=C(C=C(C=C3)Br)Cl)C(=O)NOCCO	0.8580686536031281
OCIAML2_HAEMATOPOIETIC_AND_LYMPHOID_TISSUE	CN1C=NC2=C1C=C(C(=C2F)NC3=C(C=C(C=C3)Br)Cl)C(=O)NOCCO	0.4121460479573223
OCIAML3_HAEMATOPOIETIC_AND_LYMPHOID_TISSUE	CN1C=NC2=C1C=C(C(=C2F)NC3=C(C=C(C=C3)Br)Cl)C(=O)NOCCO	0.127210986436489
OCILY3_HAEMATOPOIETIC_AND_LYMPHOID_TISSUE	CN1C=NC2=C1C=C(C(=C2F)NC3=C(C=C(C=C3)Br)Cl)C(=O)NOCCO	0.6792513653187374
OCILY7_HAEMATOPOIETIC_AND_LYMPHOID_TISSUE	CN1C=NC2=C1C=C(C(=C2F)NC3=C(C=C(C=C3)Br)Cl)C(=O)NOCCO	0.8433417627692023
OCIM1_HAEMATOPOIETIC_AND_LYMPHOID_TISSUE	CN1C=NC2=C1C=C(C(=C2F)NC3=C(C=C(C=C3)Br)Cl)C(=O)NOCCO	0.6501713800293869
OCUBM_BREAST	CN1C=NC2=C1C=C(C(=C2F)NC3=C(C=C(C=C3)Br)Cl)C(=O)NOCCO	0.8724063079072664
OE21_OESOPHAGUS	CN1C=NC2=C1C=C(C(=C2F)NC3=C(C=C(C=C3)Br)Cl)C(=O)NOCCO	0.6162110348269457
OE33_OESOPHAGUS	CN1C=NC2=C1C=C(C(=C2F)NC3=C(C=C(C=C3)Br)Cl)C(=O)NOCCO	0.8166039196664233
OMC1_CERVIX	CN1C=NC2=C1C=C(C(=C2F)NC3=C(C=C(C=C3)Br)Cl)C(=O)NOCCO	1.03157348741094
ONCODG1_OVARY	CN1C=NC2=C1C=C(C(=C2F)NC3=C(C=C(C=C3)Br)Cl)C(=O)NOCCO	0.599231877511881
ONS76_CENTRAL_NERVOUS_SYSTEM	CN1C=NC2=C1C=C(C(=C2F)NC3=C(C=C(C=C3)Br)Cl)C(=O)NOCCO	0.2982139186793994
OPM2_HAEMATOPOIETIC_AND_LYMPHOID_TISSUE	CN1C=NC2=C1C=C(C(=C2F)NC3=C(C=C(C=C3)Br)Cl)C(=O)NOCCO	0.7123997515312549
OSC20_UPPER_AERODIGESTIVE_TRACT	CN1C=NC2=C1C=C(C(=C2F)NC3=C(C=C(C=C3)Br)Cl)C(=O)NOCCO	0.9081776134564634
OSRC2_KIDNEY	CN1C=NC2=C1C=C(C(=C2F)NC3=C(C=C(C=C3)Br)Cl)C(=O)NOCCO	0.7367143447375121
OUMS23_LARGE_INTESTINE	CN1C=NC2=C1C=C(C(=C2F)NC3=C(C=C(C=C3)Br)Cl)C(=O)NOCCO	0.8267233513301696
OV17R_OVARY	CN1C=NC2=C1C=C(C(=C2F)NC3=C(C=C(C=C3)Br)Cl)C(=O)NOCCO	0.811532546731476
OV7_OVARY	CN1C=NC2=C1C=C(C(=C2F)NC3=C(C=C(C=C3)Br)Cl)C(=O)NOCCO	0.6071024834884188
OV90_OVARY	CN1C=NC2=C1C=C(C(=C2F)NC3=C(C=C(C=C3)Br)Cl)C(=O)NOCCO	0.4161229555041197
OVCA420_OVARY	CN1C=NC2=C1C=C(C(=C2F)NC3=C(C=C(C=C3)Br)Cl)C(=O)NOCCO	0.620905091295202
OVCA433_OVARY	CN1C=NC2=C1C=C(C(=C2F)NC3=C(C=C(C=C3)Br)Cl)C(=O)NOCCO	0.7019139865010054
OVCAR5_OVARY	CN1C=NC2=C1C=C(C(=C2F)NC3=C(C=C(C=C3)Br)Cl)C(=O)NOCCO	0.6231126763022944
OVISE_OVARY	CN1C=NC2=C1C=C(C(=C2F)NC3=C(C=C(C=C3)Br)Cl)C(=O)NOCCO	0.8929937779409101
OVK18_OVARY	CN1C=NC2=C1C=C(C(=C2F)NC3=C(C=C(C=C3)Br)Cl)C(=O)NOCCO	0.5844229068722333
OVMANA_OVARY	CN1C=NC2=C1C=C(C(=C2F)NC3=C(C=C(C=C3)Br)Cl)C(=O)NOCCO	1.053291597397668
P32ISH_HAEMATOPOIETIC_AND_LYMPHOID_TISSUE	CN1C=NC2=C1C=C(C(=C2F)NC3=C(C=C(C=C3)Br)Cl)C(=O)NOCCO	1.0204696390598935
P3HR1_HAEMATOPOIETIC_AND_LYMPHOID_TISSUE	CN1C=NC2=C1C=C(C(=C2F)NC3=C(C=C(C=C3)Br)Cl)C(=O)NOCCO	0.808841438011659
PANC0203_PANCREAS	CN1C=NC2=C1C=C(C(=C2F)NC3=C(C=C(C=C3)Br)Cl)C(=O)NOCCO	0.4815401526758298
PANC0327_PANCREAS	CN1C=NC2=C1C=C(C(=C2F)NC3=C(C=C(C=C3)Br)Cl)C(=O)NOCCO	0.5461302697887491
PANC0403_PANCREAS	CN1C=NC2=C1C=C(C(=C2F)NC3=C(C=C(C=C3)Br)Cl)C(=O)NOCCO	0.5258291586670003
PANC0504_PANCREAS	CN1C=NC2=C1C=C(C(=C2F)NC3=C(C=C(C=C3)Br)Cl)C(=O)NOCCO	0.8277177495324861
PANC0813_PANCREAS	CN1C=NC2=C1C=C(C(=C2F)NC3=C(C=C(C=C3)Br)Cl)C(=O)NOCCO	0.7123130501739299
PANC1005_PANCREAS	CN1C=NC2=C1C=C(C(=C2F)NC3=C(C=C(C=C3)Br)Cl)C(=O)NOCCO	0.6559662162186072
PANC1_PANCREAS	CN1C=NC2=C1C=C(C(=C2F)NC3=C(C=C(C=C3)Br)Cl)C(=O)NOCCO	0.8442242046891038
PATU8988S_PANCREAS	CN1C=NC2=C1C=C(C(=C2F)NC3=C(C=C(C=C3)Br)Cl)C(=O)NOCCO	0.3632601888797405
PC3_PROSTATE	CN1C=NC2=C1C=C(C(=C2F)NC3=C(C=C(C=C3)Br)Cl)C(=O)NOCCO	0.9184876279342876
PCI15A_UPPER_AERODIGESTIVE_TRACT	CN1C=NC2=C1C=C(C(=C2F)NC3=C(C=C(C=C3)Br)Cl)C(=O)NOCCO	1.0649418385441902
PCI30_UPPER_AERODIGESTIVE_TRACT	CN1C=NC2=C1C=C(C(=C2F)NC3=C(C=C(C=C3)Br)Cl)C(=O)NOCCO	0.760978432889826
PCI6A_UPPER_AERODIGESTIVE_TRACT	CN1C=NC2=C1C=C(C(=C2F)NC3=C(C=C(C=C3)Br)Cl)C(=O)NOCCO	0.820398007454676
PECAPJ15_UPPER_AERODIGESTIVE_TRACT	CN1C=NC2=C1C=C(C(=C2F)NC3=C(C=C(C=C3)Br)Cl)C(=O)NOCCO	0.5456071045640978
PECAPJ41CLONED2_UPPER_AERODIGESTIVE_TRACT	CN1C=NC2=C1C=C(C(=C2F)NC3=C(C=C(C=C3)Br)Cl)C(=O)NOCCO	0.3797725592508515
PEO1_OVARY	CN1C=NC2=C1C=C(C(=C2F)NC3=C(C=C(C=C3)Br)Cl)C(=O)NOCCO	0.8710601129531075
PF382_HAEMATOPOIETIC_AND_LYMPHOID_TISSUE	CN1C=NC2=C1C=C(C(=C2F)NC3=C(C=C(C=C3)Br)Cl)C(=O)NOCCO	0.8455383080842357
PFEIFFER_HAEMATOPOIETIC_AND_LYMPHOID_TISSUE	CN1C=NC2=C1C=C(C(=C2F)NC3=C(C=C(C=C3)Br)Cl)C(=O)NOCCO	0.5250509677327357
PK1_PANCREAS	CN1C=NC2=C1C=C(C(=C2F)NC3=C(C=C(C=C3)Br)Cl)C(=O)NOCCO	0.6231844173300056
PL18_PANCREAS	CN1C=NC2=C1C=C(C(=C2F)NC3=C(C=C(C=C3)Br)Cl)C(=O)NOCCO	0.9064538646725206
PL21_HAEMATOPOIETIC_AND_LYMPHOID_TISSUE	CN1C=NC2=C1C=C(C(=C2F)NC3=C(C=C(C=C3)Br)Cl)C(=O)NOCCO	0.3851713287905003
PLCPRF5_LIVER	CN1C=NC2=C1C=C(C(=C2F)NC3=C(C=C(C=C3)Br)Cl)C(=O)NOCCO	0.7503729956343135
PSN1_PANCREAS	CN1C=NC2=C1C=C(C(=C2F)NC3=C(C=C(C=C3)Br)Cl)C(=O)NOCCO	0.3849465283604632
PWR1E_PROSTATE	CN1C=NC2=C1C=C(C(=C2F)NC3=C(C=C(C=C3)Br)Cl)C(=O)NOCCO	0.8936577193733157
QIMRWIL_HAEMATOPOIETIC_AND_LYMPHOID_TISSUE	CN1C=NC2=C1C=C(C(=C2F)NC3=C(C=C(C=C3)Br)Cl)C(=O)NOCCO	0.7039632705648267
RAJI_HAEMATOPOIETIC_AND_LYMPHOID_TISSUE	CN1C=NC2=C1C=C(C(=C2F)NC3=C(C=C(C=C3)Br)Cl)C(=O)NOCCO	0.9315178463227914
RCC10RGB_KIDNEY	CN1C=NC2=C1C=C(C(=C2F)NC3=C(C=C(C=C3)Br)Cl)C(=O)NOCCO	0.732312763179827
RCCAB_KIDNEY	CN1C=NC2=C1C=C(C(=C2F)NC3=C(C=C(C=C3)Br)Cl)C(=O)NOCCO	0.7743719184952682
RCCER_KIDNEY	CN1C=NC2=C1C=C(C(=C2F)NC3=C(C=C(C=C3)Br)Cl)C(=O)NOCCO	0.917208249000976
RCCFG2_KIDNEY	CN1C=NC2=C1C=C(C(=C2F)NC3=C(C=C(C=C3)Br)Cl)C(=O)NOCCO	0.7307564609230777
RCCJF_KIDNEY	CN1C=NC2=C1C=C(C(=C2F)NC3=C(C=C(C=C3)Br)Cl)C(=O)NOCCO	0.4232299690437501
RCCJW_KIDNEY	CN1C=NC2=C1C=C(C(=C2F)NC3=C(C=C(C=C3)Br)Cl)C(=O)NOCCO	0.854775922040644
RCHACV_HAEMATOPOIETIC_AND_LYMPHOID_TISSUE	CN1C=NC2=C1C=C(C(=C2F)NC3=C(C=C(C=C3)Br)Cl)C(=O)NOCCO	0.7372352947060223
RCK8_HAEMATOPOIETIC_AND_LYMPHOID_TISSUE	CN1C=NC2=C1C=C(C(=C2F)NC3=C(C=C(C=C3)Br)Cl)C(=O)NOCCO	0.9576966426195052
RCM1_LARGE_INTESTINE	CN1C=NC2=C1C=C(C(=C2F)NC3=C(C=C(C=C3)Br)Cl)C(=O)NOCCO	0.4250740609821803
RD_SOFT_TISSUE	CN1C=NC2=C1C=C(C(=C2F)NC3=C(C=C(C=C3)Br)Cl)C(=O)NOCCO	0.5305466475813888
REC1_HAEMATOPOIETIC_AND_LYMPHOID_TISSUE	CN1C=NC2=C1C=C(C(=C2F)NC3=C(C=C(C=C3)Br)Cl)C(=O)NOCCO	0.5181571831043821
RERFLCAD1_LUNG	CN1C=NC2=C1C=C(C(=C2F)NC3=C(C=C(C=C3)Br)Cl)C(=O)NOCCO	0.7868333408850859
RERFLCAD2_LUNG	CN1C=NC2=C1C=C(C(=C2F)NC3=C(C=C(C=C3)Br)Cl)C(=O)NOCCO	0.591390775004205
RERFLCAI_LUNG	CN1C=NC2=C1C=C(C(=C2F)NC3=C(C=C(C=C3)Br)Cl)C(=O)NOCCO	0.6228885002846382
RERFLCKJ_LUNG	CN1C=NC2=C1C=C(C(=C2F)NC3=C(C=C(C=C3)Br)Cl)C(=O)NOCCO	0.8434656706475016
RERFLCMS_LUNG	CN1C=NC2=C1C=C(C(=C2F)NC3=C(C=C(C=C3)Br)Cl)C(=O)NOCCO	0.6366217573332441
RF48_HAEMATOPOIETIC_AND_LYMPHOID_TISSUE	CN1C=NC2=C1C=C(C(=C2F)NC3=C(C=C(C=C3)Br)Cl)C(=O)NOCCO	0.8418802930848135
RH1_BONE	CN1C=NC2=C1C=C(C(=C2F)NC3=C(C=C(C=C3)Br)Cl)C(=O)NOCCO	1.0686957424345984
RH30_SOFT_TISSUE	CN1C=NC2=C1C=C(C(=C2F)NC3=C(C=C(C=C3)Br)Cl)C(=O)NOCCO	0.4722947803248912
RH41_SOFT_TISSUE	CN1C=NC2=C1C=C(C(=C2F)NC3=C(C=C(C=C3)Br)Cl)C(=O)NOCCO	0.7987761671726854
RKN_SOFT_TISSUE	CN1C=NC2=C1C=C(C(=C2F)NC3=C(C=C(C=C3)Br)Cl)C(=O)NOCCO	0.5771678225102878
RKO_LARGE_INTESTINE	CN1C=NC2=C1C=C(C(=C2F)NC3=C(C=C(C=C3)Br)Cl)C(=O)NOCCO	0.521843558909898
RL_HAEMATOPOIETIC_AND_LYMPHOID_TISSUE	CN1C=NC2=C1C=C(C(=C2F)NC3=C(C=C(C=C3)Br)Cl)C(=O)NOCCO	0.8035105108224357
RMGI_OVARY	CN1C=NC2=C1C=C(C(=C2F)NC3=C(C=C(C=C3)Br)Cl)C(=O)NOCCO	0.5664837235482326
RMUGS_OVARY	CN1C=NC2=C1C=C(C(=C2F)NC3=C(C=C(C=C3)Br)Cl)C(=O)NOCCO	0.4892345253317728
RO82W1_THYROID	CN1C=NC2=C1C=C(C(=C2F)NC3=C(C=C(C=C3)Br)Cl)C(=O)NOCCO	0.82358111401418
RPMI6666_HAEMATOPOIETIC_AND_LYMPHOID_TISSUE	CN1C=NC2=C1C=C(C(=C2F)NC3=C(C=C(C=C3)Br)Cl)C(=O)NOCCO	0.8316218515181735
RPMI7951_SKIN	CN1C=NC2=C1C=C(C(=C2F)NC3=C(C=C(C=C3)Br)Cl)C(=O)NOCCO	0.6234492698465077
RPMI8226_HAEMATOPOIETIC_AND_LYMPHOID_TISSUE	CN1C=NC2=C1C=C(C(=C2F)NC3=C(C=C(C=C3)Br)Cl)C(=O)NOCCO	0.6342759113121196
RPMI8402_HAEMATOPOIETIC_AND_LYMPHOID_TISSUE	CN1C=NC2=C1C=C(C(=C2F)NC3=C(C=C(C=C3)Br)Cl)C(=O)NOCCO	0.7556625768849704
RPMI8866_HAEMATOPOIETIC_AND_LYMPHOID_TISSUE	CN1C=NC2=C1C=C(C(=C2F)NC3=C(C=C(C=C3)Br)Cl)C(=O)NOCCO	0.9075389348786882
RS411_HAEMATOPOIETIC_AND_LYMPHOID_TISSUE	CN1C=NC2=C1C=C(C(=C2F)NC3=C(C=C(C=C3)Br)Cl)C(=O)NOCCO	0.8712398045599118
RT112_URINARY_TRACT	CN1C=NC2=C1C=C(C(=C2F)NC3=C(C=C(C=C3)Br)Cl)C(=O)NOCCO	0.5140028015557041
RT4_URINARY_TRACT	CN1C=NC2=C1C=C(C(=C2F)NC3=C(C=C(C=C3)Br)Cl)C(=O)NOCCO	0.6919704458841799
RVH421_SKIN	CN1C=NC2=C1C=C(C(=C2F)NC3=C(C=C(C=C3)Br)Cl)C(=O)NOCCO	0.3886673122664373
RXF393_KIDNEY	CN1C=NC2=C1C=C(C(=C2F)NC3=C(C=C(C=C3)Br)Cl)C(=O)NOCCO	0.7272088318486114
SAT_UPPER_AERODIGESTIVE_TRACT	CN1C=NC2=C1C=C(C(=C2F)NC3=C(C=C(C=C3)Br)Cl)C(=O)NOCCO	0.6366673267420758
SBC1_LUNG	CN1C=NC2=C1C=C(C(=C2F)NC3=C(C=C(C=C3)Br)Cl)C(=O)NOCCO	0.8651982944539752
SBC3_LUNG	CN1C=NC2=C1C=C(C(=C2F)NC3=C(C=C(C=C3)Br)Cl)C(=O)NOCCO	0.9036840201600668
SCABER_URINARY_TRACT	CN1C=NC2=C1C=C(C(=C2F)NC3=C(C=C(C=C3)Br)Cl)C(=O)NOCCO	0.3385072500508349
SCC15_UPPER_AERODIGESTIVE_TRACT	CN1C=NC2=C1C=C(C(=C2F)NC3=C(C=C(C=C3)Br)Cl)C(=O)NOCCO	0.7608248532681419
SCC25_UPPER_AERODIGESTIVE_TRACT	CN1C=NC2=C1C=C(C(=C2F)NC3=C(C=C(C=C3)Br)Cl)C(=O)NOCCO	0.4126184955717709
SF126_CENTRAL_NERVOUS_SYSTEM	CN1C=NC2=C1C=C(C(=C2F)NC3=C(C=C(C=C3)Br)Cl)C(=O)NOCCO	0.686157398765816
SF268_CENTRAL_NERVOUS_SYSTEM	CN1C=NC2=C1C=C(C(=C2F)NC3=C(C=C(C=C3)Br)Cl)C(=O)NOCCO	0.926157865560335
SF295_CENTRAL_NERVOUS_SYSTEM	CN1C=NC2=C1C=C(C(=C2F)NC3=C(C=C(C=C3)Br)Cl)C(=O)NOCCO	0.8104513660530772
SF539_CENTRAL_NERVOUS_SYSTEM	CN1C=NC2=C1C=C(C(=C2F)NC3=C(C=C(C=C3)Br)Cl)C(=O)NOCCO	0.6530731028839117
SH10TC_STOMACH	CN1C=NC2=C1C=C(C(=C2F)NC3=C(C=C(C=C3)Br)Cl)C(=O)NOCCO	0.7843260312439003
SH4_SKIN	CN1C=NC2=C1C=C(C(=C2F)NC3=C(C=C(C=C3)Br)Cl)C(=O)NOCCO	0.2681414748929994
SIGM5_HAEMATOPOIETIC_AND_LYMPHOID_TISSUE	CN1C=NC2=C1C=C(C(=C2F)NC3=C(C=C(C=C3)Br)Cl)C(=O)NOCCO	0.1380357828512633
SIHA_CERVIX	CN1C=NC2=C1C=C(C(=C2F)NC3=C(C=C(C=C3)Br)Cl)C(=O)NOCCO	1.01275486113753
SIMA_AUTONOMIC_GANGLIA	CN1C=NC2=C1C=C(C(=C2F)NC3=C(C=C(C=C3)Br)Cl)C(=O)NOCCO	0.6582905576598163
SISO_CERVIX	CN1C=NC2=C1C=C(C(=C2F)NC3=C(C=C(C=C3)Br)Cl)C(=O)NOCCO	1.135214480859431
SJSA1_BONE	CN1C=NC2=C1C=C(C(=C2F)NC3=C(C=C(C=C3)Br)Cl)C(=O)NOCCO	0.5967382920332724
SKBR3_BREAST	CN1C=NC2=C1C=C(C(=C2F)NC3=C(C=C(C=C3)Br)Cl)C(=O)NOCCO	0.8720263589389162
SKCO1_LARGE_INTESTINE	CN1C=NC2=C1C=C(C(=C2F)NC3=C(C=C(C=C3)Br)Cl)C(=O)NOCCO	0.5594066672663521
SKES1_BONE	CN1C=NC2=C1C=C(C(=C2F)NC3=C(C=C(C=C3)Br)Cl)C(=O)NOCCO	0.9572606631842074
SKGT4_OESOPHAGUS	CN1C=NC2=C1C=C(C(=C2F)NC3=C(C=C(C=C3)Br)Cl)C(=O)NOCCO	0.5930782248511393
SKHEP1_LIVER	CN1C=NC2=C1C=C(C(=C2F)NC3=C(C=C(C=C3)Br)Cl)C(=O)NOCCO	0.754212119011069
SKLMS1_SOFT_TISSUE	CN1C=NC2=C1C=C(C(=C2F)NC3=C(C=C(C=C3)Br)Cl)C(=O)NOCCO	0.910018486839341
SKLU1_LUNG	CN1C=NC2=C1C=C(C(=C2F)NC3=C(C=C(C=C3)Br)Cl)C(=O)NOCCO	0.5095694508775906
SKM1_HAEMATOPOIETIC_AND_LYMPHOID_TISSUE	CN1C=NC2=C1C=C(C(=C2F)NC3=C(C=C(C=C3)Br)Cl)C(=O)NOCCO	0.2052809346598185
SKMEL24_SKIN	CN1C=NC2=C1C=C(C(=C2F)NC3=C(C=C(C=C3)Br)Cl)C(=O)NOCCO	0.4359343103864097
SKMEL2_SKIN	CN1C=NC2=C1C=C(C(=C2F)NC3=C(C=C(C=C3)Br)Cl)C(=O)NOCCO	0.4412882121372274
SKMEL30_SKIN	CN1C=NC2=C1C=C(C(=C2F)NC3=C(C=C(C=C3)Br)Cl)C(=O)NOCCO	0.2665255540443991
SKMEL31_SKIN	CN1C=NC2=C1C=C(C(=C2F)NC3=C(C=C(C=C3)Br)Cl)C(=O)NOCCO	0.8141964138765538
SKMEL3_SKIN	CN1C=NC2=C1C=C(C(=C2F)NC3=C(C=C(C=C3)Br)Cl)C(=O)NOCCO	0.565855367914732
SKMEL5_SKIN	CN1C=NC2=C1C=C(C(=C2F)NC3=C(C=C(C=C3)Br)Cl)C(=O)NOCCO	0.5085407629909762
SKMES1_LUNG	CN1C=NC2=C1C=C(C(=C2F)NC3=C(C=C(C=C3)Br)Cl)C(=O)NOCCO	0.5688226762270389
SKMG1_CENTRAL_NERVOUS_SYSTEM	CN1C=NC2=C1C=C(C(=C2F)NC3=C(C=C(C=C3)Br)Cl)C(=O)NOCCO	0.9459630584322556
SKN3_UPPER_AERODIGESTIVE_TRACT	CN1C=NC2=C1C=C(C(=C2F)NC3=C(C=C(C=C3)Br)Cl)C(=O)NOCCO	0.878705267538035
SKNDZ_AUTONOMIC_GANGLIA	CN1C=NC2=C1C=C(C(=C2F)NC3=C(C=C(C=C3)Br)Cl)C(=O)NOCCO	0.910148142950911
SKNFI_AUTONOMIC_GANGLIA	CN1C=NC2=C1C=C(C(=C2F)NC3=C(C=C(C=C3)Br)Cl)C(=O)NOCCO	0.4907631872283661
SKNMC_BONE	CN1C=NC2=C1C=C(C(=C2F)NC3=C(C=C(C=C3)Br)Cl)C(=O)NOCCO	0.9986551470618192
SKNSH_AUTONOMIC_GANGLIA	CN1C=NC2=C1C=C(C(=C2F)NC3=C(C=C(C=C3)Br)Cl)C(=O)NOCCO	0.6816250097991128
SKN_ENDOMETRIUM	CN1C=NC2=C1C=C(C(=C2F)NC3=C(C=C(C=C3)Br)Cl)C(=O)NOCCO	0.8329330330539786
SKOV3_OVARY	CN1C=NC2=C1C=C(C(=C2F)NC3=C(C=C(C=C3)Br)Cl)C(=O)NOCCO	0.8434477813223137
SKPNDW_BONE	CN1C=NC2=C1C=C(C(=C2F)NC3=C(C=C(C=C3)Br)Cl)C(=O)NOCCO	0.9808938128480208
SKUT1_SOFT_TISSUE	CN1C=NC2=C1C=C(C(=C2F)NC3=C(C=C(C=C3)Br)Cl)C(=O)NOCCO	0.8483820682576699
SLVL_HAEMATOPOIETIC_AND_LYMPHOID_TISSUE	CN1C=NC2=C1C=C(C(=C2F)NC3=C(C=C(C=C3)Br)Cl)C(=O)NOCCO	0.7307395910961132
SN12C_KIDNEY	CN1C=NC2=C1C=C(C(=C2F)NC3=C(C=C(C=C3)Br)Cl)C(=O)NOCCO	0.7725556140021628
SNB75_CENTRAL_NERVOUS_SYSTEM	CN1C=NC2=C1C=C(C(=C2F)NC3=C(C=C(C=C3)Br)Cl)C(=O)NOCCO	0.7173709090472753
SNGM_ENDOMETRIUM	CN1C=NC2=C1C=C(C(=C2F)NC3=C(C=C(C=C3)Br)Cl)C(=O)NOCCO	0.779164279804915
SNU1033_LARGE_INTESTINE	CN1C=NC2=C1C=C(C(=C2F)NC3=C(C=C(C=C3)Br)Cl)C(=O)NOCCO	0.3096780359892278
SNU1040_LARGE_INTESTINE	CN1C=NC2=C1C=C(C(=C2F)NC3=C(C=C(C=C3)Br)Cl)C(=O)NOCCO	0.5157217932908666
SNU1041_UPPER_AERODIGESTIVE_TRACT	CN1C=NC2=C1C=C(C(=C2F)NC3=C(C=C(C=C3)Br)Cl)C(=O)NOCCO	0.6198331945298131
SNU1066_UPPER_AERODIGESTIVE_TRACT	CN1C=NC2=C1C=C(C(=C2F)NC3=C(C=C(C=C3)Br)Cl)C(=O)NOCCO	0.9486745662614364
SNU1076_UPPER_AERODIGESTIVE_TRACT	CN1C=NC2=C1C=C(C(=C2F)NC3=C(C=C(C=C3)Br)Cl)C(=O)NOCCO	0.386654808551664
SNU1077_ENDOMETRIUM	CN1C=NC2=C1C=C(C(=C2F)NC3=C(C=C(C=C3)Br)Cl)C(=O)NOCCO	0.3347915808770559
SNU1079_BILIARY_TRACT	CN1C=NC2=C1C=C(C(=C2F)NC3=C(C=C(C=C3)Br)Cl)C(=O)NOCCO	0.1586938763348085
SNU1105_CENTRAL_NERVOUS_SYSTEM	CN1C=NC2=C1C=C(C(=C2F)NC3=C(C=C(C=C3)Br)Cl)C(=O)NOCCO	0.5402134263365641
SNU1196_BILIARY_TRACT	CN1C=NC2=C1C=C(C(=C2F)NC3=C(C=C(C=C3)Br)Cl)C(=O)NOCCO	0.6012755991939018
SNU119_OVARY	CN1C=NC2=C1C=C(C(=C2F)NC3=C(C=C(C=C3)Br)Cl)C(=O)NOCCO	0.4474793426395385
SNU1214_UPPER_AERODIGESTIVE_TRACT	CN1C=NC2=C1C=C(C(=C2F)NC3=C(C=C(C=C3)Br)Cl)C(=O)NOCCO	0.4329836811585829
SNU1272_KIDNEY	CN1C=NC2=C1C=C(C(=C2F)NC3=C(C=C(C=C3)Br)Cl)C(=O)NOCCO	0.8412083177124944
SNU16_STOMACH	CN1C=NC2=C1C=C(C(=C2F)NC3=C(C=C(C=C3)Br)Cl)C(=O)NOCCO	0.6053693884856699
SNU175_LARGE_INTESTINE	CN1C=NC2=C1C=C(C(=C2F)NC3=C(C=C(C=C3)Br)Cl)C(=O)NOCCO	0.4639507256491795
SNU182_LIVER	CN1C=NC2=C1C=C(C(=C2F)NC3=C(C=C(C=C3)Br)Cl)C(=O)NOCCO	0.7830128259143435
SNU1_STOMACH	CN1C=NC2=C1C=C(C(=C2F)NC3=C(C=C(C=C3)Br)Cl)C(=O)NOCCO	0.6681322624030833
SNU201_CENTRAL_NERVOUS_SYSTEM	CN1C=NC2=C1C=C(C(=C2F)NC3=C(C=C(C=C3)Br)Cl)C(=O)NOCCO	0.5236463308714077
SNU213_PANCREAS	CN1C=NC2=C1C=C(C(=C2F)NC3=C(C=C(C=C3)Br)Cl)C(=O)NOCCO	0.2697052850216052
SNU216_STOMACH	CN1C=NC2=C1C=C(C(=C2F)NC3=C(C=C(C=C3)Br)Cl)C(=O)NOCCO	0.6814780705828584
SNU245_BILIARY_TRACT	CN1C=NC2=C1C=C(C(=C2F)NC3=C(C=C(C=C3)Br)Cl)C(=O)NOCCO	0.1872236454130661
SNU308_BILIARY_TRACT	CN1C=NC2=C1C=C(C(=C2F)NC3=C(C=C(C=C3)Br)Cl)C(=O)NOCCO	0.5636126981758095
SNU407_LARGE_INTESTINE	CN1C=NC2=C1C=C(C(=C2F)NC3=C(C=C(C=C3)Br)Cl)C(=O)NOCCO	0.6461716253341273
SNU423_LIVER	CN1C=NC2=C1C=C(C(=C2F)NC3=C(C=C(C=C3)Br)Cl)C(=O)NOCCO	0.8294906801797867
SNU449_LIVER	CN1C=NC2=C1C=C(C(=C2F)NC3=C(C=C(C=C3)Br)Cl)C(=O)NOCCO	0.8274527930368856
SNU478_BILIARY_TRACT	CN1C=NC2=C1C=C(C(=C2F)NC3=C(C=C(C=C3)Br)Cl)C(=O)NOCCO	0.2003137306632182
SNU489_CENTRAL_NERVOUS_SYSTEM	CN1C=NC2=C1C=C(C(=C2F)NC3=C(C=C(C=C3)Br)Cl)C(=O)NOCCO	0.6766289473869401
SNU503_LARGE_INTESTINE	CN1C=NC2=C1C=C(C(=C2F)NC3=C(C=C(C=C3)Br)Cl)C(=O)NOCCO	0.3999345418695894
SNU5_STOMACH	CN1C=NC2=C1C=C(C(=C2F)NC3=C(C=C(C=C3)Br)Cl)C(=O)NOCCO	0.5894696751868168
SNU601_STOMACH	CN1C=NC2=C1C=C(C(=C2F)NC3=C(C=C(C=C3)Br)Cl)C(=O)NOCCO	0.3490326781099729
SNU620_STOMACH	CN1C=NC2=C1C=C(C(=C2F)NC3=C(C=C(C=C3)Br)Cl)C(=O)NOCCO	0.060555367216572
SNU626_CENTRAL_NERVOUS_SYSTEM	CN1C=NC2=C1C=C(C(=C2F)NC3=C(C=C(C=C3)Br)Cl)C(=O)NOCCO	0.9019315944293144
SNU668_STOMACH	CN1C=NC2=C1C=C(C(=C2F)NC3=C(C=C(C=C3)Br)Cl)C(=O)NOCCO	0.5966760986261452
SNU685_ENDOMETRIUM	CN1C=NC2=C1C=C(C(=C2F)NC3=C(C=C(C=C3)Br)Cl)C(=O)NOCCO	0.8271307304532052
SNU738_CENTRAL_NERVOUS_SYSTEM	CN1C=NC2=C1C=C(C(=C2F)NC3=C(C=C(C=C3)Br)Cl)C(=O)NOCCO	0.6122106892836416
SNU761_LIVER	CN1C=NC2=C1C=C(C(=C2F)NC3=C(C=C(C=C3)Br)Cl)C(=O)NOCCO	0.0590540028608265
SNU81_LARGE_INTESTINE	CN1C=NC2=C1C=C(C(=C2F)NC3=C(C=C(C=C3)Br)Cl)C(=O)NOCCO	0.4862638083433749
SNU840_OVARY	CN1C=NC2=C1C=C(C(=C2F)NC3=C(C=C(C=C3)Br)Cl)C(=O)NOCCO	0.5638327711722252
SNU878_LIVER	CN1C=NC2=C1C=C(C(=C2F)NC3=C(C=C(C=C3)Br)Cl)C(=O)NOCCO	0.0838491750863637
SNU899_UPPER_AERODIGESTIVE_TRACT	CN1C=NC2=C1C=C(C(=C2F)NC3=C(C=C(C=C3)Br)Cl)C(=O)NOCCO	0.654641618378181
SNU8_OVARY	CN1C=NC2=C1C=C(C(=C2F)NC3=C(C=C(C=C3)Br)Cl)C(=O)NOCCO	0.1917206661199836
SNUC1_LARGE_INTESTINE	CN1C=NC2=C1C=C(C(=C2F)NC3=C(C=C(C=C3)Br)Cl)C(=O)NOCCO	0.5114993956991704
SNUC2B_LARGE_INTESTINE	CN1C=NC2=C1C=C(C(=C2F)NC3=C(C=C(C=C3)Br)Cl)C(=O)NOCCO	0.7879077402535379
SNUC4_LARGE_INTESTINE	CN1C=NC2=C1C=C(C(=C2F)NC3=C(C=C(C=C3)Br)Cl)C(=O)NOCCO	0.5524517883520415
SNUC5_LARGE_INTESTINE	CN1C=NC2=C1C=C(C(=C2F)NC3=C(C=C(C=C3)Br)Cl)C(=O)NOCCO	0.712479267412674
SR786_HAEMATOPOIETIC_AND_LYMPHOID_TISSUE	CN1C=NC2=C1C=C(C(=C2F)NC3=C(C=C(C=C3)Br)Cl)C(=O)NOCCO	0.9035901726109592
ST486_HAEMATOPOIETIC_AND_LYMPHOID_TISSUE	CN1C=NC2=C1C=C(C(=C2F)NC3=C(C=C(C=C3)Br)Cl)C(=O)NOCCO	0.7271550773379433
SUDHL10_HAEMATOPOIETIC_AND_LYMPHOID_TISSUE	CN1C=NC2=C1C=C(C(=C2F)NC3=C(C=C(C=C3)Br)Cl)C(=O)NOCCO	0.8794546109588722
SUDHL16_HAEMATOPOIETIC_AND_LYMPHOID_TISSUE	CN1C=NC2=C1C=C(C(=C2F)NC3=C(C=C(C=C3)Br)Cl)C(=O)NOCCO	0.9274300454408012
SUDHL1_HAEMATOPOIETIC_AND_LYMPHOID_TISSUE	CN1C=NC2=C1C=C(C(=C2F)NC3=C(C=C(C=C3)Br)Cl)C(=O)NOCCO	0.1491900716280747
SUDHL4_HAEMATOPOIETIC_AND_LYMPHOID_TISSUE	CN1C=NC2=C1C=C(C(=C2F)NC3=C(C=C(C=C3)Br)Cl)C(=O)NOCCO	0.8540836703659123
SUDHL8_HAEMATOPOIETIC_AND_LYMPHOID_TISSUE	CN1C=NC2=C1C=C(C(=C2F)NC3=C(C=C(C=C3)Br)Cl)C(=O)NOCCO	0.8458895677266257
SUIT2_PANCREAS	CN1C=NC2=C1C=C(C(=C2F)NC3=C(C=C(C=C3)Br)Cl)C(=O)NOCCO	0.5062577723392292
SUPT1_HAEMATOPOIETIC_AND_LYMPHOID_TISSUE	CN1C=NC2=C1C=C(C(=C2F)NC3=C(C=C(C=C3)Br)Cl)C(=O)NOCCO	0.9663857762427774
SW1088_CENTRAL_NERVOUS_SYSTEM	CN1C=NC2=C1C=C(C(=C2F)NC3=C(C=C(C=C3)Br)Cl)C(=O)NOCCO	0.8121247809631104
SW1116_LARGE_INTESTINE	CN1C=NC2=C1C=C(C(=C2F)NC3=C(C=C(C=C3)Br)Cl)C(=O)NOCCO	0.6296985953138137
SW1271_LUNG	CN1C=NC2=C1C=C(C(=C2F)NC3=C(C=C(C=C3)Br)Cl)C(=O)NOCCO	0.5089502938301279
SW1353_BONE	CN1C=NC2=C1C=C(C(=C2F)NC3=C(C=C(C=C3)Br)Cl)C(=O)NOCCO	0.5363504541821452
SW13_ADRENAL_CORTEX	CN1C=NC2=C1C=C(C(=C2F)NC3=C(C=C(C=C3)Br)Cl)C(=O)NOCCO	0.8585051119195001
SW1463_LARGE_INTESTINE	CN1C=NC2=C1C=C(C(=C2F)NC3=C(C=C(C=C3)Br)Cl)C(=O)NOCCO	0.5190606436279123
SW1710_URINARY_TRACT	CN1C=NC2=C1C=C(C(=C2F)NC3=C(C=C(C=C3)Br)Cl)C(=O)NOCCO	0.65842445496761
SW1783_CENTRAL_NERVOUS_SYSTEM	CN1C=NC2=C1C=C(C(=C2F)NC3=C(C=C(C=C3)Br)Cl)C(=O)NOCCO	0.9357956502081678
SW1990_PANCREAS	CN1C=NC2=C1C=C(C(=C2F)NC3=C(C=C(C=C3)Br)Cl)C(=O)NOCCO	0.5258036404296978
SW579_THYROID	CN1C=NC2=C1C=C(C(=C2F)NC3=C(C=C(C=C3)Br)Cl)C(=O)NOCCO	0.3004532598940931
SW620_LARGE_INTESTINE	CN1C=NC2=C1C=C(C(=C2F)NC3=C(C=C(C=C3)Br)Cl)C(=O)NOCCO	0.446332254886392
SW684_SOFT_TISSUE	CN1C=NC2=C1C=C(C(=C2F)NC3=C(C=C(C=C3)Br)Cl)C(=O)NOCCO	0.8621737991881491
SW756_CERVIX	CN1C=NC2=C1C=C(C(=C2F)NC3=C(C=C(C=C3)Br)Cl)C(=O)NOCCO	0.7878869187033355
SW780_URINARY_TRACT	CN1C=NC2=C1C=C(C(=C2F)NC3=C(C=C(C=C3)Br)Cl)C(=O)NOCCO	0.5392751865634755
SW837_LARGE_INTESTINE	CN1C=NC2=C1C=C(C(=C2F)NC3=C(C=C(C=C3)Br)Cl)C(=O)NOCCO	0.6457822500904088
SW900_LUNG	CN1C=NC2=C1C=C(C(=C2F)NC3=C(C=C(C=C3)Br)Cl)C(=O)NOCCO	0.8204881480005686
SW954_CERVIX	CN1C=NC2=C1C=C(C(=C2F)NC3=C(C=C(C=C3)Br)Cl)C(=O)NOCCO	0.4958488650810562
SW962_VULVA	CN1C=NC2=C1C=C(C(=C2F)NC3=C(C=C(C=C3)Br)Cl)C(=O)NOCCO	0.6101550827863211
SW982_SOFT_TISSUE	CN1C=NC2=C1C=C(C(=C2F)NC3=C(C=C(C=C3)Br)Cl)C(=O)NOCCO	0.8064324919352147
T24_URINARY_TRACT	CN1C=NC2=C1C=C(C(=C2F)NC3=C(C=C(C=C3)Br)Cl)C(=O)NOCCO	0.598135041558596
T84_LARGE_INTESTINE	CN1C=NC2=C1C=C(C(=C2F)NC3=C(C=C(C=C3)Br)Cl)C(=O)NOCCO	0.5660262666707825
T98G_CENTRAL_NERVOUS_SYSTEM	CN1C=NC2=C1C=C(C(=C2F)NC3=C(C=C(C=C3)Br)Cl)C(=O)NOCCO	0.8413923689677617
TALL1_HAEMATOPOIETIC_AND_LYMPHOID_TISSUE	CN1C=NC2=C1C=C(C(=C2F)NC3=C(C=C(C=C3)Br)Cl)C(=O)NOCCO	0.5094797755969717
TC71_BONE	CN1C=NC2=C1C=C(C(=C2F)NC3=C(C=C(C=C3)Br)Cl)C(=O)NOCCO	0.9688399872733804
TCYIK_CERVIX	CN1C=NC2=C1C=C(C(=C2F)NC3=C(C=C(C=C3)Br)Cl)C(=O)NOCCO	0.8575456821368256
TE10_OESOPHAGUS	CN1C=NC2=C1C=C(C(=C2F)NC3=C(C=C(C=C3)Br)Cl)C(=O)NOCCO	0.8613647328193388
TE11_OESOPHAGUS	CN1C=NC2=C1C=C(C(=C2F)NC3=C(C=C(C=C3)Br)Cl)C(=O)NOCCO	0.5810380302251728
TE12_OESOPHAGUS	CN1C=NC2=C1C=C(C(=C2F)NC3=C(C=C(C=C3)Br)Cl)C(=O)NOCCO	0.734066332821661
TE15_OESOPHAGUS	CN1C=NC2=C1C=C(C(=C2F)NC3=C(C=C(C=C3)Br)Cl)C(=O)NOCCO	0.7786686096789528
TE1_OESOPHAGUS	CN1C=NC2=C1C=C(C(=C2F)NC3=C(C=C(C=C3)Br)Cl)C(=O)NOCCO	0.7752723015957227
TE441T_SOFT_TISSUE	CN1C=NC2=C1C=C(C(=C2F)NC3=C(C=C(C=C3)Br)Cl)C(=O)NOCCO	0.6526187891192292
TE4_OESOPHAGUS	CN1C=NC2=C1C=C(C(=C2F)NC3=C(C=C(C=C3)Br)Cl)C(=O)NOCCO	0.7587197287392177
TE5_OESOPHAGUS	CN1C=NC2=C1C=C(C(=C2F)NC3=C(C=C(C=C3)Br)Cl)C(=O)NOCCO	0.7525096836244453
TE617T_SOFT_TISSUE	CN1C=NC2=C1C=C(C(=C2F)NC3=C(C=C(C=C3)Br)Cl)C(=O)NOCCO	0.3200182596589009
TE9_OESOPHAGUS	CN1C=NC2=C1C=C(C(=C2F)NC3=C(C=C(C=C3)Br)Cl)C(=O)NOCCO	0.9432906359531976
TF1_HAEMATOPOIETIC_AND_LYMPHOID_TISSUE	CN1C=NC2=C1C=C(C(=C2F)NC3=C(C=C(C=C3)Br)Cl)C(=O)NOCCO	0.507398666274803
TGBC11TKB_STOMACH	CN1C=NC2=C1C=C(C(=C2F)NC3=C(C=C(C=C3)Br)Cl)C(=O)NOCCO	0.7272179739241396
TGBC24TKB_BILIARY_TRACT	CN1C=NC2=C1C=C(C(=C2F)NC3=C(C=C(C=C3)Br)Cl)C(=O)NOCCO	0.7625913744204235
THP1_HAEMATOPOIETIC_AND_LYMPHOID_TISSUE	CN1C=NC2=C1C=C(C(=C2F)NC3=C(C=C(C=C3)Br)Cl)C(=O)NOCCO	0.494976597381142
TK10_KIDNEY	CN1C=NC2=C1C=C(C(=C2F)NC3=C(C=C(C=C3)Br)Cl)C(=O)NOCCO	0.6302628234691566
TM31_CENTRAL_NERVOUS_SYSTEM	CN1C=NC2=C1C=C(C(=C2F)NC3=C(C=C(C=C3)Br)Cl)C(=O)NOCCO	0.6076183843107886
TMK1_STOMACH	CN1C=NC2=C1C=C(C(=C2F)NC3=C(C=C(C=C3)Br)Cl)C(=O)NOCCO	0.6737326244959163
TOLEDO_HAEMATOPOIETIC_AND_LYMPHOID_TISSUE	CN1C=NC2=C1C=C(C(=C2F)NC3=C(C=C(C=C3)Br)Cl)C(=O)NOCCO	0.5957698375210516
TOV112D_OVARY	CN1C=NC2=C1C=C(C(=C2F)NC3=C(C=C(C=C3)Br)Cl)C(=O)NOCCO	0.8349648699893244
TT2609C02_THYROID	CN1C=NC2=C1C=C(C(=C2F)NC3=C(C=C(C=C3)Br)Cl)C(=O)NOCCO	0.4988344697947209
TTC709_SOFT_TISSUE	CN1C=NC2=C1C=C(C(=C2F)NC3=C(C=C(C=C3)Br)Cl)C(=O)NOCCO	0.572755439762016
TUHR10TKB_KIDNEY	CN1C=NC2=C1C=C(C(=C2F)NC3=C(C=C(C=C3)Br)Cl)C(=O)NOCCO	0.6258310158564017
TUHR14TKB_KIDNEY	CN1C=NC2=C1C=C(C(=C2F)NC3=C(C=C(C=C3)Br)Cl)C(=O)NOCCO	0.4651219102499001
TUHR4TKB_KIDNEY	CN1C=NC2=C1C=C(C(=C2F)NC3=C(C=C(C=C3)Br)Cl)C(=O)NOCCO	0.6884764896650604
U118MG_CENTRAL_NERVOUS_SYSTEM	CN1C=NC2=C1C=C(C(=C2F)NC3=C(C=C(C=C3)Br)Cl)C(=O)NOCCO	0.8057632138181313
U251MG_CENTRAL_NERVOUS_SYSTEM	CN1C=NC2=C1C=C(C(=C2F)NC3=C(C=C(C=C3)Br)Cl)C(=O)NOCCO	0.8073673425816535
U266B1_HAEMATOPOIETIC_AND_LYMPHOID_TISSUE	CN1C=NC2=C1C=C(C(=C2F)NC3=C(C=C(C=C3)Br)Cl)C(=O)NOCCO	0.5177339214284818
U2OS_BONE	CN1C=NC2=C1C=C(C(=C2F)NC3=C(C=C(C=C3)Br)Cl)C(=O)NOCCO	0.6162537528879354
U698M_HAEMATOPOIETIC_AND_LYMPHOID_TISSUE	CN1C=NC2=C1C=C(C(=C2F)NC3=C(C=C(C=C3)Br)Cl)C(=O)NOCCO	1.1493461301306962
UACC257_SKIN	CN1C=NC2=C1C=C(C(=C2F)NC3=C(C=C(C=C3)Br)Cl)C(=O)NOCCO	0.3797331625794687
UACC62_SKIN	CN1C=NC2=C1C=C(C(=C2F)NC3=C(C=C(C=C3)Br)Cl)C(=O)NOCCO	0.3675881698020097
UBLC1_URINARY_TRACT	CN1C=NC2=C1C=C(C(=C2F)NC3=C(C=C(C=C3)Br)Cl)C(=O)NOCCO	0.1617974093770458
UMUC1_URINARY_TRACT	CN1C=NC2=C1C=C(C(=C2F)NC3=C(C=C(C=C3)Br)Cl)C(=O)NOCCO	0.1189716141669435
UMUC3_URINARY_TRACT	CN1C=NC2=C1C=C(C(=C2F)NC3=C(C=C(C=C3)Br)Cl)C(=O)NOCCO	0.5586818441960667
UWB1289_OVARY	CN1C=NC2=C1C=C(C(=C2F)NC3=C(C=C(C=C3)Br)Cl)C(=O)NOCCO	0.7786295261178571
VAESBJ_SOFT_TISSUE	CN1C=NC2=C1C=C(C(=C2F)NC3=C(C=C(C=C3)Br)Cl)C(=O)NOCCO	0.8858974991792721
VAL_HAEMATOPOIETIC_AND_LYMPHOID_TISSUE	CN1C=NC2=C1C=C(C(=C2F)NC3=C(C=C(C=C3)Br)Cl)C(=O)NOCCO	1.1028326131071036
VCAP_PROSTATE	CN1C=NC2=C1C=C(C(=C2F)NC3=C(C=C(C=C3)Br)Cl)C(=O)NOCCO	1.0408703211792776
VMCUB1_URINARY_TRACT	CN1C=NC2=C1C=C(C(=C2F)NC3=C(C=C(C=C3)Br)Cl)C(=O)NOCCO	0.5847505777304938
VMRCLCD_LUNG	CN1C=NC2=C1C=C(C(=C2F)NC3=C(C=C(C=C3)Br)Cl)C(=O)NOCCO	0.95137020506435
VMRCMELG_SKIN	CN1C=NC2=C1C=C(C(=C2F)NC3=C(C=C(C=C3)Br)Cl)C(=O)NOCCO	0.74966152624394
VMRCRCZ_KIDNEY	CN1C=NC2=C1C=C(C(=C2F)NC3=C(C=C(C=C3)Br)Cl)C(=O)NOCCO	0.7659283456203249
WM115_SKIN	CN1C=NC2=C1C=C(C(=C2F)NC3=C(C=C(C=C3)Br)Cl)C(=O)NOCCO	0.2958671361612461
WM2664_SKIN	CN1C=NC2=C1C=C(C(=C2F)NC3=C(C=C(C=C3)Br)Cl)C(=O)NOCCO	0.2321739993866482
WM35_SKIN	CN1C=NC2=C1C=C(C(=C2F)NC3=C(C=C(C=C3)Br)Cl)C(=O)NOCCO	0.2835966951124578
WM88_SKIN	CN1C=NC2=C1C=C(C(=C2F)NC3=C(C=C(C=C3)Br)Cl)C(=O)NOCCO	0.0681848731943439
WM983B_SKIN	CN1C=NC2=C1C=C(C(=C2F)NC3=C(C=C(C=C3)Br)Cl)C(=O)NOCCO	0.1781455167914297
YAMATO_SOFT_TISSUE	CN1C=NC2=C1C=C(C(=C2F)NC3=C(C=C(C=C3)Br)Cl)C(=O)NOCCO	0.5428288887615306
YAPC_PANCREAS	CN1C=NC2=C1C=C(C(=C2F)NC3=C(C=C(C=C3)Br)Cl)C(=O)NOCCO	0.9377208263509176
YD8_UPPER_AERODIGESTIVE_TRACT	CN1C=NC2=C1C=C(C(=C2F)NC3=C(C=C(C=C3)Br)Cl)C(=O)NOCCO	0.5788145287506774
YH13_CENTRAL_NERVOUS_SYSTEM	CN1C=NC2=C1C=C(C(=C2F)NC3=C(C=C(C=C3)Br)Cl)C(=O)NOCCO	0.7832332229149537
YKG1_CENTRAL_NERVOUS_SYSTEM	CN1C=NC2=C1C=C(C(=C2F)NC3=C(C=C(C=C3)Br)Cl)C(=O)NOCCO	0.6035509027310926
YT_HAEMATOPOIETIC_AND_LYMPHOID_TISSUE	CN1C=NC2=C1C=C(C(=C2F)NC3=C(C=C(C=C3)Br)Cl)C(=O)NOCCO	0.7122106123235195
ZR751_BREAST	CN1C=NC2=C1C=C(C(=C2F)NC3=C(C=C(C=C3)Br)Cl)C(=O)NOCCO	1.0031311486712762
ZR7530_BREAST	CN1C=NC2=C1C=C(C(=C2F)NC3=C(C=C(C=C3)Br)Cl)C(=O)NOCCO	0.9889798911561852
42MGBA_CENTRAL_NERVOUS_SYSTEM	CN1C=NC2=C1C=C(C(=C2F)NC3=C(C=C(C=C3)Br)Cl)C(=O)NOCCO	0.7807288465164007
A4FUK_HAEMATOPOIETIC_AND_LYMPHOID_TISSUE	CN1C=NC2=C1C=C(C(=C2F)NC3=C(C=C(C=C3)Br)Cl)C(=O)NOCCO	0.4310214540382175
A673_BONE	CN1C=NC2=C1C=C(C(=C2F)NC3=C(C=C(C=C3)Br)Cl)C(=O)NOCCO	0.8059746304989625
ABC1_LUNG	CN1C=NC2=C1C=C(C(=C2F)NC3=C(C=C(C=C3)Br)Cl)C(=O)NOCCO	0.8926933177891081
AM38_CENTRAL_NERVOUS_SYSTEM	CN1C=NC2=C1C=C(C(=C2F)NC3=C(C=C(C=C3)Br)Cl)C(=O)NOCCO	0.7070319770639291
BB30HNC_UPPER_AERODIGESTIVE_TRACT	CN1C=NC2=C1C=C(C(=C2F)NC3=C(C=C(C=C3)Br)Cl)C(=O)NOCCO	0.5401107494136907
BC1_HAEMATOPOIETIC_AND_LYMPHOID_TISSUE	CN1C=NC2=C1C=C(C(=C2F)NC3=C(C=C(C=C3)Br)Cl)C(=O)NOCCO	0.9273935230555426
BECKER_CENTRAL_NERVOUS_SYSTEM	CN1C=NC2=C1C=C(C(=C2F)NC3=C(C=C(C=C3)Br)Cl)C(=O)NOCCO	0.7347381230376971
BICR56_UPPER_AERODIGESTIVE_TRACT	CN1C=NC2=C1C=C(C(=C2F)NC3=C(C=C(C=C3)Br)Cl)C(=O)NOCCO	0.4480050547257159
BXPC3_PANCREAS	CN1C=NC2=C1C=C(C(=C2F)NC3=C(C=C(C=C3)Br)Cl)C(=O)NOCCO	0.4771621199337407
C2BBE1_LARGE_INTESTINE	CN1C=NC2=C1C=C(C(=C2F)NC3=C(C=C(C=C3)Br)Cl)C(=O)NOCCO	0.5643820793282236
CAKI2_KIDNEY	CN1C=NC2=C1C=C(C(=C2F)NC3=C(C=C(C=C3)Br)Cl)C(=O)NOCCO	0.5703201351596104
CAL148_BREAST	CN1C=NC2=C1C=C(C(=C2F)NC3=C(C=C(C=C3)Br)Cl)C(=O)NOCCO	0.9989353667647066
CCK81_LARGE_INTESTINE	CN1C=NC2=C1C=C(C(=C2F)NC3=C(C=C(C=C3)Br)Cl)C(=O)NOCCO	0.6491146287673277
CHL1_SKIN	CN1C=NC2=C1C=C(C(=C2F)NC3=C(C=C(C=C3)Br)Cl)C(=O)NOCCO	0.7928276716719371
COLO668_LUNG	CN1C=NC2=C1C=C(C(=C2F)NC3=C(C=C(C=C3)Br)Cl)C(=O)NOCCO	0.7308671766036139
COLO678_LARGE_INTESTINE	CN1C=NC2=C1C=C(C(=C2F)NC3=C(C=C(C=C3)Br)Cl)C(=O)NOCCO	0.4188889581203855
COLO679_SKIN	CN1C=NC2=C1C=C(C(=C2F)NC3=C(C=C(C=C3)Br)Cl)C(=O)NOCCO	0.3230730302408514
COLO684_ENDOMETRIUM	CN1C=NC2=C1C=C(C(=C2F)NC3=C(C=C(C=C3)Br)Cl)C(=O)NOCCO	0.9469804959283634
COLO699_LUNG	CN1C=NC2=C1C=C(C(=C2F)NC3=C(C=C(C=C3)Br)Cl)C(=O)NOCCO	0.6901480239454176
CORL105_LUNG	CN1C=NC2=C1C=C(C(=C2F)NC3=C(C=C(C=C3)Br)Cl)C(=O)NOCCO	0.4478935431683973
CORL279_LUNG	CN1C=NC2=C1C=C(C(=C2F)NC3=C(C=C(C=C3)Br)Cl)C(=O)NOCCO	0.8847350870291848
CORL321_LUNG	CN1C=NC2=C1C=C(C(=C2F)NC3=C(C=C(C=C3)Br)Cl)C(=O)NOCCO	0.8617827255508883
CORL88_LUNG	CN1C=NC2=C1C=C(C(=C2F)NC3=C(C=C(C=C3)Br)Cl)C(=O)NOCCO	0.821062667186407
D502MG_CENTRAL_NERVOUS_SYSTEM	CN1C=NC2=C1C=C(C(=C2F)NC3=C(C=C(C=C3)Br)Cl)C(=O)NOCCO	0.6422430756079909
DG75_HAEMATOPOIETIC_AND_LYMPHOID_TISSUE	CN1C=NC2=C1C=C(C(=C2F)NC3=C(C=C(C=C3)Br)Cl)C(=O)NOCCO	0.9206150857416332
DOHH2_HAEMATOPOIETIC_AND_LYMPHOID_TISSUE	CN1C=NC2=C1C=C(C(=C2F)NC3=C(C=C(C=C3)Br)Cl)C(=O)NOCCO	0.8981063926660551
DU4475_BREAST	CN1C=NC2=C1C=C(C(=C2F)NC3=C(C=C(C=C3)Br)Cl)C(=O)NOCCO	0.1337107800924409
DV90_LUNG	CN1C=NC2=C1C=C(C(=C2F)NC3=C(C=C(C=C3)Br)Cl)C(=O)NOCCO	0.2021130717625232
EJM_HAEMATOPOIETIC_AND_LYMPHOID_TISSUE	CN1C=NC2=C1C=C(C(=C2F)NC3=C(C=C(C=C3)Br)Cl)C(=O)NOCCO	0.7826990310954256
EKVX_LUNG	CN1C=NC2=C1C=C(C(=C2F)NC3=C(C=C(C=C3)Br)Cl)C(=O)NOCCO	0.6113967736101898
EN_ENDOMETRIUM	CN1C=NC2=C1C=C(C(=C2F)NC3=C(C=C(C=C3)Br)Cl)C(=O)NOCCO	0.9723524282551204
ESS1_ENDOMETRIUM	CN1C=NC2=C1C=C(C(=C2F)NC3=C(C=C(C=C3)Br)Cl)C(=O)NOCCO	0.7900894008979149
EVSAT_BREAST	CN1C=NC2=C1C=C(C(=C2F)NC3=C(C=C(C=C3)Br)Cl)C(=O)NOCCO	0.9949474221214232
EW7_BONE	CN1C=NC2=C1C=C(C(=C2F)NC3=C(C=C(C=C3)Br)Cl)C(=O)NOCCO	0.90634226709395
F36P_HAEMATOPOIETIC_AND_LYMPHOID_TISSUE	CN1C=NC2=C1C=C(C(=C2F)NC3=C(C=C(C=C3)Br)Cl)C(=O)NOCCO	0.3345312284553722
FARAGE_HAEMATOPOIETIC_AND_LYMPHOID_TISSUE	CN1C=NC2=C1C=C(C(=C2F)NC3=C(C=C(C=C3)Br)Cl)C(=O)NOCCO	0.9342659413044324
FTC238_THYROID	CN1C=NC2=C1C=C(C(=C2F)NC3=C(C=C(C=C3)Br)Cl)C(=O)NOCCO	0.5946144922125441
G292CLONEA141B1_BONE	CN1C=NC2=C1C=C(C(=C2F)NC3=C(C=C(C=C3)Br)Cl)C(=O)NOCCO	0.82876001671496
G361_SKIN	CN1C=NC2=C1C=C(C(=C2F)NC3=C(C=C(C=C3)Br)Cl)C(=O)NOCCO	0.8001697143327999
GRST_HAEMATOPOIETIC_AND_LYMPHOID_TISSUE	CN1C=NC2=C1C=C(C(=C2F)NC3=C(C=C(C=C3)Br)Cl)C(=O)NOCCO	0.9007731992099376
H2369_PLEURA	CN1C=NC2=C1C=C(C(=C2F)NC3=C(C=C(C=C3)Br)Cl)C(=O)NOCCO	0.8970153280509104
H290_PLEURA	CN1C=NC2=C1C=C(C(=C2F)NC3=C(C=C(C=C3)Br)Cl)C(=O)NOCCO	0.8289280995361887
HARA_LUNG	CN1C=NC2=C1C=C(C(=C2F)NC3=C(C=C(C=C3)Br)Cl)C(=O)NOCCO	0.8601662537116092
HCC1428_BREAST	CN1C=NC2=C1C=C(C(=C2F)NC3=C(C=C(C=C3)Br)Cl)C(=O)NOCCO	0.8965359307975301
HCC1937_BREAST	CN1C=NC2=C1C=C(C(=C2F)NC3=C(C=C(C=C3)Br)Cl)C(=O)NOCCO	0.8289252726278553
HCC2108_LUNG	CN1C=NC2=C1C=C(C(=C2F)NC3=C(C=C(C=C3)Br)Cl)C(=O)NOCCO	0.5314959742534358
HEC1_ENDOMETRIUM	CN1C=NC2=C1C=C(C(=C2F)NC3=C(C=C(C=C3)Br)Cl)C(=O)NOCCO	0.9201652349786306
HGC27_STOMACH	CN1C=NC2=C1C=C(C(=C2F)NC3=C(C=C(C=C3)Br)Cl)C(=O)NOCCO	0.919804582470534
HLE_LIVER	CN1C=NC2=C1C=C(C(=C2F)NC3=C(C=C(C=C3)Br)Cl)C(=O)NOCCO	0.8389377481675131
HLF_LIVER	CN1C=NC2=C1C=C(C(=C2F)NC3=C(C=C(C=C3)Br)Cl)C(=O)NOCCO	0.7100229079094595
HT55_LARGE_INTESTINE	CN1C=NC2=C1C=C(C(=C2F)NC3=C(C=C(C=C3)Br)Cl)C(=O)NOCCO	0.4563064211252352
HUH28_BILIARY_TRACT	CN1C=NC2=C1C=C(C(=C2F)NC3=C(C=C(C=C3)Br)Cl)C(=O)NOCCO	0.749768569594125
IHH4_THYROID	CN1C=NC2=C1C=C(C(=C2F)NC3=C(C=C(C=C3)Br)Cl)C(=O)NOCCO	0.4335232852549284
IM95_STOMACH	CN1C=NC2=C1C=C(C(=C2F)NC3=C(C=C(C=C3)Br)Cl)C(=O)NOCCO	0.6396928472934964
IMR5_AUTONOMIC_GANGLIA	CN1C=NC2=C1C=C(C(=C2F)NC3=C(C=C(C=C3)Br)Cl)C(=O)NOCCO	0.9317716991436402
ISHIKAWAHERAKLIO02ER_ENDOMETRIUM	CN1C=NC2=C1C=C(C(=C2F)NC3=C(C=C(C=C3)Br)Cl)C(=O)NOCCO	0.8203696775159761
ISTSL1_LUNG	CN1C=NC2=C1C=C(C(=C2F)NC3=C(C=C(C=C3)Br)Cl)C(=O)NOCCO	1.0377057199794404
JHH2_LIVER	CN1C=NC2=C1C=C(C(=C2F)NC3=C(C=C(C=C3)Br)Cl)C(=O)NOCCO	0.5204867613164256
JHH5_LIVER	CN1C=NC2=C1C=C(C(=C2F)NC3=C(C=C(C=C3)Br)Cl)C(=O)NOCCO	0.0959220480873685
JIYOYEP2003_HAEMATOPOIETIC_AND_LYMPHOID_TISSUE	CN1C=NC2=C1C=C(C(=C2F)NC3=C(C=C(C=C3)Br)Cl)C(=O)NOCCO	1.0152742785849804
KALS1_CENTRAL_NERVOUS_SYSTEM	CN1C=NC2=C1C=C(C(=C2F)NC3=C(C=C(C=C3)Br)Cl)C(=O)NOCCO	0.6221321897902617
KARPAS231_HAEMATOPOIETIC_AND_LYMPHOID_TISSUE	CN1C=NC2=C1C=C(C(=C2F)NC3=C(C=C(C=C3)Br)Cl)C(=O)NOCCO	0.940429868681678
KATOIII_STOMACH	CN1C=NC2=C1C=C(C(=C2F)NC3=C(C=C(C=C3)Br)Cl)C(=O)NOCCO	0.8565550918872593
KE97_STOMACH	CN1C=NC2=C1C=C(C(=C2F)NC3=C(C=C(C=C3)Br)Cl)C(=O)NOCCO	0.7977286985276225
KINGS1_CENTRAL_NERVOUS_SYSTEM	CN1C=NC2=C1C=C(C(=C2F)NC3=C(C=C(C=C3)Br)Cl)C(=O)NOCCO	0.7929587861827392
KMM1_HAEMATOPOIETIC_AND_LYMPHOID_TISSUE	CN1C=NC2=C1C=C(C(=C2F)NC3=C(C=C(C=C3)Br)Cl)C(=O)NOCCO	1.01891859589121
KMS28BM_HAEMATOPOIETIC_AND_LYMPHOID_TISSUE	CN1C=NC2=C1C=C(C(=C2F)NC3=C(C=C(C=C3)Br)Cl)C(=O)NOCCO	0.337705252213122
KNS60_CENTRAL_NERVOUS_SYSTEM	CN1C=NC2=C1C=C(C(=C2F)NC3=C(C=C(C=C3)Br)Cl)C(=O)NOCCO	0.5227633708085316
KYSE180_OESOPHAGUS	CN1C=NC2=C1C=C(C(=C2F)NC3=C(C=C(C=C3)Br)Cl)C(=O)NOCCO	0.8764621888228844
LAMA84_HAEMATOPOIETIC_AND_LYMPHOID_TISSUE	CN1C=NC2=C1C=C(C(=C2F)NC3=C(C=C(C=C3)Br)Cl)C(=O)NOCCO	0.4682780353182534
LB771HNC_UPPER_AERODIGESTIVE_TRACT	CN1C=NC2=C1C=C(C(=C2F)NC3=C(C=C(C=C3)Br)Cl)C(=O)NOCCO	0.8905954146423268
MC116_HAEMATOPOIETIC_AND_LYMPHOID_TISSUE	CN1C=NC2=C1C=C(C(=C2F)NC3=C(C=C(C=C3)Br)Cl)C(=O)NOCCO	0.9479950343198934
MDAMB157_BREAST	CN1C=NC2=C1C=C(C(=C2F)NC3=C(C=C(C=C3)Br)Cl)C(=O)NOCCO	0.759965630049401
MHHCALL3_HAEMATOPOIETIC_AND_LYMPHOID_TISSUE	CN1C=NC2=C1C=C(C(=C2F)NC3=C(C=C(C=C3)Br)Cl)C(=O)NOCCO	0.501441340703184
MKN74_STOMACH	CN1C=NC2=C1C=C(C(=C2F)NC3=C(C=C(C=C3)Br)Cl)C(=O)NOCCO	0.6322143651024336
MLMA_HAEMATOPOIETIC_AND_LYMPHOID_TISSUE	CN1C=NC2=C1C=C(C(=C2F)NC3=C(C=C(C=C3)Br)Cl)C(=O)NOCCO	0.8933121874070151
MOLP2_HAEMATOPOIETIC_AND_LYMPHOID_TISSUE	CN1C=NC2=C1C=C(C(=C2F)NC3=C(C=C(C=C3)Br)Cl)C(=O)NOCCO	0.6511299610840178
MS1_LUNG	CN1C=NC2=C1C=C(C(=C2F)NC3=C(C=C(C=C3)Br)Cl)C(=O)NOCCO	0.989227117409518
NAMALWA_HAEMATOPOIETIC_AND_LYMPHOID_TISSUE	CN1C=NC2=C1C=C(C(=C2F)NC3=C(C=C(C=C3)Br)Cl)C(=O)NOCCO	0.9213974721823274
NCIH1355_LUNG	CN1C=NC2=C1C=C(C(=C2F)NC3=C(C=C(C=C3)Br)Cl)C(=O)NOCCO	0.7573841377912142
NCIH1395_LUNG	CN1C=NC2=C1C=C(C(=C2F)NC3=C(C=C(C=C3)Br)Cl)C(=O)NOCCO	0.6070987087575591
NCIH1417_LUNG	CN1C=NC2=C1C=C(C(=C2F)NC3=C(C=C(C=C3)Br)Cl)C(=O)NOCCO	0.6451783511794682
NCIH1693_LUNG	CN1C=NC2=C1C=C(C(=C2F)NC3=C(C=C(C=C3)Br)Cl)C(=O)NOCCO	0.6189559561997942
NCIH1915_LUNG	CN1C=NC2=C1C=C(C(=C2F)NC3=C(C=C(C=C3)Br)Cl)C(=O)NOCCO	0.5762099420621338
NCIH1944_LUNG	CN1C=NC2=C1C=C(C(=C2F)NC3=C(C=C(C=C3)Br)Cl)C(=O)NOCCO	0.7173573870250193
NCIH2009_LUNG	CN1C=NC2=C1C=C(C(=C2F)NC3=C(C=C(C=C3)Br)Cl)C(=O)NOCCO	0.4761087549081463
NCIH2122_LUNG	CN1C=NC2=C1C=C(C(=C2F)NC3=C(C=C(C=C3)Br)Cl)C(=O)NOCCO	0.298890944122085
NCIH2141_LUNG	CN1C=NC2=C1C=C(C(=C2F)NC3=C(C=C(C=C3)Br)Cl)C(=O)NOCCO	0.8008548838761138
NCIH2342_LUNG	CN1C=NC2=C1C=C(C(=C2F)NC3=C(C=C(C=C3)Br)Cl)C(=O)NOCCO	0.7963975041179405
NCIH2803_PLEURA	CN1C=NC2=C1C=C(C(=C2F)NC3=C(C=C(C=C3)Br)Cl)C(=O)NOCCO	0.7119617494435422
NCIH3255_LUNG	CN1C=NC2=C1C=C(C(=C2F)NC3=C(C=C(C=C3)Br)Cl)C(=O)NOCCO	0.6496879113418323
NCIH345_LUNG	CN1C=NC2=C1C=C(C(=C2F)NC3=C(C=C(C=C3)Br)Cl)C(=O)NOCCO	0.989446036227954
NCIH358_LUNG	CN1C=NC2=C1C=C(C(=C2F)NC3=C(C=C(C=C3)Br)Cl)C(=O)NOCCO	0.4788818329625927
NCIH520_LUNG	CN1C=NC2=C1C=C(C(=C2F)NC3=C(C=C(C=C3)Br)Cl)C(=O)NOCCO	0.8908699457273803
NCIH522_LUNG	CN1C=NC2=C1C=C(C(=C2F)NC3=C(C=C(C=C3)Br)Cl)C(=O)NOCCO	0.7912599251820239
NCIH526_LUNG	CN1C=NC2=C1C=C(C(=C2F)NC3=C(C=C(C=C3)Br)Cl)C(=O)NOCCO	1.0427686371055729
NCIH716_LARGE_INTESTINE	CN1C=NC2=C1C=C(C(=C2F)NC3=C(C=C(C=C3)Br)Cl)C(=O)NOCCO	0.6859044535669
NH12_AUTONOMIC_GANGLIA	CN1C=NC2=C1C=C(C(=C2F)NC3=C(C=C(C=C3)Br)Cl)C(=O)NOCCO	0.7397351870658978
NO11_CENTRAL_NERVOUS_SYSTEM	CN1C=NC2=C1C=C(C(=C2F)NC3=C(C=C(C=C3)Br)Cl)C(=O)NOCCO	0.7859702380334139
NOMO1_HAEMATOPOIETIC_AND_LYMPHOID_TISSUE	CN1C=NC2=C1C=C(C(=C2F)NC3=C(C=C(C=C3)Br)Cl)C(=O)NOCCO	0.318460917108727
NUDHL1_HAEMATOPOIETIC_AND_LYMPHOID_TISSUE	CN1C=NC2=C1C=C(C(=C2F)NC3=C(C=C(C=C3)Br)Cl)C(=O)NOCCO	0.3151556116127928
NUGC3_STOMACH	CN1C=NC2=C1C=C(C(=C2F)NC3=C(C=C(C=C3)Br)Cl)C(=O)NOCCO	0.7325805535158151
OCILY19_HAEMATOPOIETIC_AND_LYMPHOID_TISSUE	CN1C=NC2=C1C=C(C(=C2F)NC3=C(C=C(C=C3)Br)Cl)C(=O)NOCCO	0.6925399809820592
OCUM1_STOMACH	CN1C=NC2=C1C=C(C(=C2F)NC3=C(C=C(C=C3)Br)Cl)C(=O)NOCCO	0.2541014786439624
OE19_OESOPHAGUS	CN1C=NC2=C1C=C(C(=C2F)NC3=C(C=C(C=C3)Br)Cl)C(=O)NOCCO	0.903840705748948
OSC19_UPPER_AERODIGESTIVE_TRACT	CN1C=NC2=C1C=C(C(=C2F)NC3=C(C=C(C=C3)Br)Cl)C(=O)NOCCO	0.8887559369678703
OVCAR8_OVARY	CN1C=NC2=C1C=C(C(=C2F)NC3=C(C=C(C=C3)Br)Cl)C(=O)NOCCO	0.7063758095436041
P30OHK_HAEMATOPOIETIC_AND_LYMPHOID_TISSUE	CN1C=NC2=C1C=C(C(=C2F)NC3=C(C=C(C=C3)Br)Cl)C(=O)NOCCO	0.8684540559759876
P31FUJ_HAEMATOPOIETIC_AND_LYMPHOID_TISSUE	CN1C=NC2=C1C=C(C(=C2F)NC3=C(C=C(C=C3)Br)Cl)C(=O)NOCCO	0.629690144760825
PA1_OVARY	CN1C=NC2=C1C=C(C(=C2F)NC3=C(C=C(C=C3)Br)Cl)C(=O)NOCCO	0.8665488893202979
PATU8902_PANCREAS	CN1C=NC2=C1C=C(C(=C2F)NC3=C(C=C(C=C3)Br)Cl)C(=O)NOCCO	0.6207823610925213
PATU8988T_PANCREAS	CN1C=NC2=C1C=C(C(=C2F)NC3=C(C=C(C=C3)Br)Cl)C(=O)NOCCO	0.7673935881905939
PC14_LUNG	CN1C=NC2=C1C=C(C(=C2F)NC3=C(C=C(C=C3)Br)Cl)C(=O)NOCCO	0.6099698693902885
PECAPJ34CLONEC12_UPPER_AERODIGESTIVE_TRACT	CN1C=NC2=C1C=C(C(=C2F)NC3=C(C=C(C=C3)Br)Cl)C(=O)NOCCO	0.3569463094263198
PECAPJ49_UPPER_AERODIGESTIVE_TRACT	CN1C=NC2=C1C=C(C(=C2F)NC3=C(C=C(C=C3)Br)Cl)C(=O)NOCCO	0.5090018388329428
PEER_HAEMATOPOIETIC_AND_LYMPHOID_TISSUE	CN1C=NC2=C1C=C(C(=C2F)NC3=C(C=C(C=C3)Br)Cl)C(=O)NOCCO	0.5012807858309823
PFSK1_CENTRAL_NERVOUS_SYSTEM	CN1C=NC2=C1C=C(C(=C2F)NC3=C(C=C(C=C3)Br)Cl)C(=O)NOCCO	1.0641820261487935
REH_HAEMATOPOIETIC_AND_LYMPHOID_TISSUE	CN1C=NC2=C1C=C(C(=C2F)NC3=C(C=C(C=C3)Br)Cl)C(=O)NOCCO	0.9163493091526844
RI1_HAEMATOPOIETIC_AND_LYMPHOID_TISSUE	CN1C=NC2=C1C=C(C(=C2F)NC3=C(C=C(C=C3)Br)Cl)C(=O)NOCCO	0.5731823105063523
RL952_ENDOMETRIUM	CN1C=NC2=C1C=C(C(=C2F)NC3=C(C=C(C=C3)Br)Cl)C(=O)NOCCO	0.479033880033981
SAS_UPPER_AERODIGESTIVE_TRACT	CN1C=NC2=C1C=C(C(=C2F)NC3=C(C=C(C=C3)Br)Cl)C(=O)NOCCO	0.7915753786881665
SBC5_LUNG	CN1C=NC2=C1C=C(C(=C2F)NC3=C(C=C(C=C3)Br)Cl)C(=O)NOCCO	0.9888375790501036
SCC9_UPPER_AERODIGESTIVE_TRACT	CN1C=NC2=C1C=C(C(=C2F)NC3=C(C=C(C=C3)Br)Cl)C(=O)NOCCO	0.6426785289774359
SCH_STOMACH	CN1C=NC2=C1C=C(C(=C2F)NC3=C(C=C(C=C3)Br)Cl)C(=O)NOCCO	1.1183508599088856
SCLC21H_LUNG	CN1C=NC2=C1C=C(C(=C2F)NC3=C(C=C(C=C3)Br)Cl)C(=O)NOCCO	0.3649494293431444
SEM_HAEMATOPOIETIC_AND_LYMPHOID_TISSUE	CN1C=NC2=C1C=C(C(=C2F)NC3=C(C=C(C=C3)Br)Cl)C(=O)NOCCO	0.5553627824019906
SET2_HAEMATOPOIETIC_AND_LYMPHOID_TISSUE	CN1C=NC2=C1C=C(C(=C2F)NC3=C(C=C(C=C3)Br)Cl)C(=O)NOCCO	0.3309102855307881
SHP77_LUNG	CN1C=NC2=C1C=C(C(=C2F)NC3=C(C=C(C=C3)Br)Cl)C(=O)NOCCO	0.8259010072725902
SKGT2_STOMACH	CN1C=NC2=C1C=C(C(=C2F)NC3=C(C=C(C=C3)Br)Cl)C(=O)NOCCO	0.7822029939932829
SKMEL28_SKIN	CN1C=NC2=C1C=C(C(=C2F)NC3=C(C=C(C=C3)Br)Cl)C(=O)NOCCO	0.4090755434707793
SKMM2_HAEMATOPOIETIC_AND_LYMPHOID_TISSUE	CN1C=NC2=C1C=C(C(=C2F)NC3=C(C=C(C=C3)Br)Cl)C(=O)NOCCO	0.9970004769312856
SNU46_UPPER_AERODIGESTIVE_TRACT	CN1C=NC2=C1C=C(C(=C2F)NC3=C(C=C(C=C3)Br)Cl)C(=O)NOCCO	0.736540526755898
SNU869_BILIARY_TRACT	CN1C=NC2=C1C=C(C(=C2F)NC3=C(C=C(C=C3)Br)Cl)C(=O)NOCCO	0.5166880791053362
SUDHL6_HAEMATOPOIETIC_AND_LYMPHOID_TISSUE	CN1C=NC2=C1C=C(C(=C2F)NC3=C(C=C(C=C3)Br)Cl)C(=O)NOCCO	0.8149402830876876
SUPB15_HAEMATOPOIETIC_AND_LYMPHOID_TISSUE	CN1C=NC2=C1C=C(C(=C2F)NC3=C(C=C(C=C3)Br)Cl)C(=O)NOCCO	0.6087960084905997
SUPB8_HAEMATOPOIETIC_AND_LYMPHOID_TISSUE	CN1C=NC2=C1C=C(C(=C2F)NC3=C(C=C(C=C3)Br)Cl)C(=O)NOCCO	0.9127873154063936
SUPM2_HAEMATOPOIETIC_AND_LYMPHOID_TISSUE	CN1C=NC2=C1C=C(C(=C2F)NC3=C(C=C(C=C3)Br)Cl)C(=O)NOCCO	0.7170538479894207
SW1417_LARGE_INTESTINE	CN1C=NC2=C1C=C(C(=C2F)NC3=C(C=C(C=C3)Br)Cl)C(=O)NOCCO	0.5322071875957917
SW872_SOFT_TISSUE	CN1C=NC2=C1C=C(C(=C2F)NC3=C(C=C(C=C3)Br)Cl)C(=O)NOCCO	0.7693856539177872
TCCSUP_URINARY_TRACT	CN1C=NC2=C1C=C(C(=C2F)NC3=C(C=C(C=C3)Br)Cl)C(=O)NOCCO	0.8295756583392117
TE14_OESOPHAGUS	CN1C=NC2=C1C=C(C(=C2F)NC3=C(C=C(C=C3)Br)Cl)C(=O)NOCCO	0.6326352032968396
TE6_OESOPHAGUS	CN1C=NC2=C1C=C(C(=C2F)NC3=C(C=C(C=C3)Br)Cl)C(=O)NOCCO	0.8061573239217795
TE8_OESOPHAGUS	CN1C=NC2=C1C=C(C(=C2F)NC3=C(C=C(C=C3)Br)Cl)C(=O)NOCCO	0.6015642959840569
TGBC1TKB_BILIARY_TRACT	CN1C=NC2=C1C=C(C(=C2F)NC3=C(C=C(C=C3)Br)Cl)C(=O)NOCCO	0.7707348510566041
TK_HAEMATOPOIETIC_AND_LYMPHOID_TISSUE	CN1C=NC2=C1C=C(C(=C2F)NC3=C(C=C(C=C3)Br)Cl)C(=O)NOCCO	1.023884027022532
TOV21G_OVARY	CN1C=NC2=C1C=C(C(=C2F)NC3=C(C=C(C=C3)Br)Cl)C(=O)NOCCO	0.6793494936098998
TT_THYROID	CN1C=NC2=C1C=C(C(=C2F)NC3=C(C=C(C=C3)Br)Cl)C(=O)NOCCO	0.6522878266574024
TUR_HAEMATOPOIETIC_AND_LYMPHOID_TISSUE	CN1C=NC2=C1C=C(C(=C2F)NC3=C(C=C(C=C3)Br)Cl)C(=O)NOCCO	0.925336135980791
TYKNU_OVARY	CN1C=NC2=C1C=C(C(=C2F)NC3=C(C=C(C=C3)Br)Cl)C(=O)NOCCO	0.51942135620474
U937_HAEMATOPOIETIC_AND_LYMPHOID_TISSUE	CN1C=NC2=C1C=C(C(=C2F)NC3=C(C=C(C=C3)Br)Cl)C(=O)NOCCO	0.5244063693578946
UO31_KIDNEY	CN1C=NC2=C1C=C(C(=C2F)NC3=C(C=C(C=C3)Br)Cl)C(=O)NOCCO	0.2053565625487283
WSUDLCL2_HAEMATOPOIETIC_AND_LYMPHOID_TISSUE	CN1C=NC2=C1C=C(C(=C2F)NC3=C(C=C(C=C3)Br)Cl)C(=O)NOCCO	0.7253760117461606
YD15_SALIVARY_GLAND	CN1C=NC2=C1C=C(C(=C2F)NC3=C(C=C(C=C3)Br)Cl)C(=O)NOCCO	0.6907732425861666
