2313287_STOMACH	C[C@H](C1=C(C=CC(=C1Cl)F)Cl)OC2=C(N=CC(=C2)C3=CN(N=C3)C4CCNCC4)N	0.5828547851742764
253JBV_URINARY_TRACT	C[C@H](C1=C(C=CC(=C1Cl)F)Cl)OC2=C(N=CC(=C2)C3=CN(N=C3)C4CCNCC4)N	0.1564047312039759
42MGBA_CENTRAL_NERVOUS_SYSTEM	C[C@H](C1=C(C=CC(=C1Cl)F)Cl)OC2=C(N=CC(=C2)C3=CN(N=C3)C4CCNCC4)N	0.576965386240749
639V_URINARY_TRACT	C[C@H](C1=C(C=CC(=C1Cl)F)Cl)OC2=C(N=CC(=C2)C3=CN(N=C3)C4CCNCC4)N	0.6105233850034143
647V_URINARY_TRACT	C[C@H](C1=C(C=CC(=C1Cl)F)Cl)OC2=C(N=CC(=C2)C3=CN(N=C3)C4CCNCC4)N	0.5768696893677019
697_HAEMATOPOIETIC_AND_LYMPHOID_TISSUE	C[C@H](C1=C(C=CC(=C1Cl)F)Cl)OC2=C(N=CC(=C2)C3=CN(N=C3)C4CCNCC4)N	0.7841074006907525
8305C_THYROID	C[C@H](C1=C(C=CC(=C1Cl)F)Cl)OC2=C(N=CC(=C2)C3=CN(N=C3)C4CCNCC4)N	0.5724923019690108
8505C_THYROID	C[C@H](C1=C(C=CC(=C1Cl)F)Cl)OC2=C(N=CC(=C2)C3=CN(N=C3)C4CCNCC4)N	0.573654385461637
8MGBA_CENTRAL_NERVOUS_SYSTEM	C[C@H](C1=C(C=CC(=C1Cl)F)Cl)OC2=C(N=CC(=C2)C3=CN(N=C3)C4CCNCC4)N	0.8133534518325529
A101D_SKIN	C[C@H](C1=C(C=CC(=C1Cl)F)Cl)OC2=C(N=CC(=C2)C3=CN(N=C3)C4CCNCC4)N	0.6622864531974657
A172_CENTRAL_NERVOUS_SYSTEM	C[C@H](C1=C(C=CC(=C1Cl)F)Cl)OC2=C(N=CC(=C2)C3=CN(N=C3)C4CCNCC4)N	0.6035891415673166
A204_SOFT_TISSUE	C[C@H](C1=C(C=CC(=C1Cl)F)Cl)OC2=C(N=CC(=C2)C3=CN(N=C3)C4CCNCC4)N	0.6283991686466381
A2058_SKIN	C[C@H](C1=C(C=CC(=C1Cl)F)Cl)OC2=C(N=CC(=C2)C3=CN(N=C3)C4CCNCC4)N	0.5817931774688209
A253_SALIVARY_GLAND	C[C@H](C1=C(C=CC(=C1Cl)F)Cl)OC2=C(N=CC(=C2)C3=CN(N=C3)C4CCNCC4)N	0.8803248983163066
A375_SKIN	C[C@H](C1=C(C=CC(=C1Cl)F)Cl)OC2=C(N=CC(=C2)C3=CN(N=C3)C4CCNCC4)N	0.5693798801205138
A427_LUNG	C[C@H](C1=C(C=CC(=C1Cl)F)Cl)OC2=C(N=CC(=C2)C3=CN(N=C3)C4CCNCC4)N	0.9029479001877848
A498_KIDNEY	C[C@H](C1=C(C=CC(=C1Cl)F)Cl)OC2=C(N=CC(=C2)C3=CN(N=C3)C4CCNCC4)N	0.6603086500124493
A549_LUNG	C[C@H](C1=C(C=CC(=C1Cl)F)Cl)OC2=C(N=CC(=C2)C3=CN(N=C3)C4CCNCC4)N	0.5536868803426745
A673_BONE	C[C@H](C1=C(C=CC(=C1Cl)F)Cl)OC2=C(N=CC(=C2)C3=CN(N=C3)C4CCNCC4)N	0.5363285966827543
ABC1_LUNG	C[C@H](C1=C(C=CC(=C1Cl)F)Cl)OC2=C(N=CC(=C2)C3=CN(N=C3)C4CCNCC4)N	1.0935131426848952
ACCMESO1_PLEURA	C[C@H](C1=C(C=CC(=C1Cl)F)Cl)OC2=C(N=CC(=C2)C3=CN(N=C3)C4CCNCC4)N	0.2913987426891724
ACHN_KIDNEY	C[C@H](C1=C(C=CC(=C1Cl)F)Cl)OC2=C(N=CC(=C2)C3=CN(N=C3)C4CCNCC4)N	0.7222491639484869
AGS_STOMACH	C[C@H](C1=C(C=CC(=C1Cl)F)Cl)OC2=C(N=CC(=C2)C3=CN(N=C3)C4CCNCC4)N	0.6776228452201257
ALLPO_HAEMATOPOIETIC_AND_LYMPHOID_TISSUE	C[C@H](C1=C(C=CC(=C1Cl)F)Cl)OC2=C(N=CC(=C2)C3=CN(N=C3)C4CCNCC4)N	0.6762479435101274
AM38_CENTRAL_NERVOUS_SYSTEM	C[C@H](C1=C(C=CC(=C1Cl)F)Cl)OC2=C(N=CC(=C2)C3=CN(N=C3)C4CCNCC4)N	0.9218359220948771
AMO1_HAEMATOPOIETIC_AND_LYMPHOID_TISSUE	C[C@H](C1=C(C=CC(=C1Cl)F)Cl)OC2=C(N=CC(=C2)C3=CN(N=C3)C4CCNCC4)N	0.5944112525725703
AN3CA_ENDOMETRIUM	C[C@H](C1=C(C=CC(=C1Cl)F)Cl)OC2=C(N=CC(=C2)C3=CN(N=C3)C4CCNCC4)N	0.6084658619569204
ASH3_THYROID	C[C@H](C1=C(C=CC(=C1Cl)F)Cl)OC2=C(N=CC(=C2)C3=CN(N=C3)C4CCNCC4)N	1.0474647170721434
ASPC1_PANCREAS	C[C@H](C1=C(C=CC(=C1Cl)F)Cl)OC2=C(N=CC(=C2)C3=CN(N=C3)C4CCNCC4)N	0.674042423071296
ATN1_HAEMATOPOIETIC_AND_LYMPHOID_TISSUE	C[C@H](C1=C(C=CC(=C1Cl)F)Cl)OC2=C(N=CC(=C2)C3=CN(N=C3)C4CCNCC4)N	0.7429567584305552
BALL1_HAEMATOPOIETIC_AND_LYMPHOID_TISSUE	C[C@H](C1=C(C=CC(=C1Cl)F)Cl)OC2=C(N=CC(=C2)C3=CN(N=C3)C4CCNCC4)N	0.8928612487528647
BB30HNC_UPPER_AERODIGESTIVE_TRACT	C[C@H](C1=C(C=CC(=C1Cl)F)Cl)OC2=C(N=CC(=C2)C3=CN(N=C3)C4CCNCC4)N	0.8938330445690584
BB49HNC_UPPER_AERODIGESTIVE_TRACT	C[C@H](C1=C(C=CC(=C1Cl)F)Cl)OC2=C(N=CC(=C2)C3=CN(N=C3)C4CCNCC4)N	0.8998334947688065
BC1_HAEMATOPOIETIC_AND_LYMPHOID_TISSUE	C[C@H](C1=C(C=CC(=C1Cl)F)Cl)OC2=C(N=CC(=C2)C3=CN(N=C3)C4CCNCC4)N	0.7874204110827958
BC3C_URINARY_TRACT	C[C@H](C1=C(C=CC(=C1Cl)F)Cl)OC2=C(N=CC(=C2)C3=CN(N=C3)C4CCNCC4)N	0.2714232096427164
BCPAP_THYROID	C[C@H](C1=C(C=CC(=C1Cl)F)Cl)OC2=C(N=CC(=C2)C3=CN(N=C3)C4CCNCC4)N	0.5563202870786905
BE13_HAEMATOPOIETIC_AND_LYMPHOID_TISSUE	C[C@H](C1=C(C=CC(=C1Cl)F)Cl)OC2=C(N=CC(=C2)C3=CN(N=C3)C4CCNCC4)N	0.7285254564265939
BECKER_CENTRAL_NERVOUS_SYSTEM	C[C@H](C1=C(C=CC(=C1Cl)F)Cl)OC2=C(N=CC(=C2)C3=CN(N=C3)C4CCNCC4)N	0.6046943645010526
BEN_LUNG	C[C@H](C1=C(C=CC(=C1Cl)F)Cl)OC2=C(N=CC(=C2)C3=CN(N=C3)C4CCNCC4)N	0.2315346361253371
BFTC905_URINARY_TRACT	C[C@H](C1=C(C=CC(=C1Cl)F)Cl)OC2=C(N=CC(=C2)C3=CN(N=C3)C4CCNCC4)N	0.5091587965845049
BHT101_THYROID	C[C@H](C1=C(C=CC(=C1Cl)F)Cl)OC2=C(N=CC(=C2)C3=CN(N=C3)C4CCNCC4)N	0.5088427208587477
BHY_UPPER_AERODIGESTIVE_TRACT	C[C@H](C1=C(C=CC(=C1Cl)F)Cl)OC2=C(N=CC(=C2)C3=CN(N=C3)C4CCNCC4)N	0.1167542427043243
BICR10_UPPER_AERODIGESTIVE_TRACT	C[C@H](C1=C(C=CC(=C1Cl)F)Cl)OC2=C(N=CC(=C2)C3=CN(N=C3)C4CCNCC4)N	0.997998623780567
BICR22_UPPER_AERODIGESTIVE_TRACT	C[C@H](C1=C(C=CC(=C1Cl)F)Cl)OC2=C(N=CC(=C2)C3=CN(N=C3)C4CCNCC4)N	0.6956876447653775
BICR6_UPPER_AERODIGESTIVE_TRACT	C[C@H](C1=C(C=CC(=C1Cl)F)Cl)OC2=C(N=CC(=C2)C3=CN(N=C3)C4CCNCC4)N	0.2371127619776356
BICR78_UPPER_AERODIGESTIVE_TRACT	C[C@H](C1=C(C=CC(=C1Cl)F)Cl)OC2=C(N=CC(=C2)C3=CN(N=C3)C4CCNCC4)N	1.0493437758643542
BL70_HAEMATOPOIETIC_AND_LYMPHOID_TISSUE	C[C@H](C1=C(C=CC(=C1Cl)F)Cl)OC2=C(N=CC(=C2)C3=CN(N=C3)C4CCNCC4)N	0.2027676391708839
BPH1_PROSTATE	C[C@H](C1=C(C=CC(=C1Cl)F)Cl)OC2=C(N=CC(=C2)C3=CN(N=C3)C4CCNCC4)N	0.9691836567238185
BT12_SOFT_TISSUE	C[C@H](C1=C(C=CC(=C1Cl)F)Cl)OC2=C(N=CC(=C2)C3=CN(N=C3)C4CCNCC4)N	0.1982710699566653
BV173_HAEMATOPOIETIC_AND_LYMPHOID_TISSUE	C[C@H](C1=C(C=CC(=C1Cl)F)Cl)OC2=C(N=CC(=C2)C3=CN(N=C3)C4CCNCC4)N	0.4271040960437946
BXPC3_PANCREAS	C[C@H](C1=C(C=CC(=C1Cl)F)Cl)OC2=C(N=CC(=C2)C3=CN(N=C3)C4CCNCC4)N	0.5156990081830836
C32_SKIN	C[C@H](C1=C(C=CC(=C1Cl)F)Cl)OC2=C(N=CC(=C2)C3=CN(N=C3)C4CCNCC4)N	0.5971560657356019
C33A_CERVIX	C[C@H](C1=C(C=CC(=C1Cl)F)Cl)OC2=C(N=CC(=C2)C3=CN(N=C3)C4CCNCC4)N	0.9965771535134654
CA46_HAEMATOPOIETIC_AND_LYMPHOID_TISSUE	C[C@H](C1=C(C=CC(=C1Cl)F)Cl)OC2=C(N=CC(=C2)C3=CN(N=C3)C4CCNCC4)N	0.9424188657121579
CADOES1_BONE	C[C@H](C1=C(C=CC(=C1Cl)F)Cl)OC2=C(N=CC(=C2)C3=CN(N=C3)C4CCNCC4)N	0.8868906345437966
CAKI1_KIDNEY	C[C@H](C1=C(C=CC(=C1Cl)F)Cl)OC2=C(N=CC(=C2)C3=CN(N=C3)C4CCNCC4)N	0.4688173474953785
CAKI2_KIDNEY	C[C@H](C1=C(C=CC(=C1Cl)F)Cl)OC2=C(N=CC(=C2)C3=CN(N=C3)C4CCNCC4)N	0.7069720202739559
CAL120_BREAST	C[C@H](C1=C(C=CC(=C1Cl)F)Cl)OC2=C(N=CC(=C2)C3=CN(N=C3)C4CCNCC4)N	0.5196422979794952
CAL12T_LUNG	C[C@H](C1=C(C=CC(=C1Cl)F)Cl)OC2=C(N=CC(=C2)C3=CN(N=C3)C4CCNCC4)N	0.0972385027576593
CAL148_BREAST	C[C@H](C1=C(C=CC(=C1Cl)F)Cl)OC2=C(N=CC(=C2)C3=CN(N=C3)C4CCNCC4)N	0.5386956220406428
CAL27_UPPER_AERODIGESTIVE_TRACT	C[C@H](C1=C(C=CC(=C1Cl)F)Cl)OC2=C(N=CC(=C2)C3=CN(N=C3)C4CCNCC4)N	0.5570781675326515
CAL29_URINARY_TRACT	C[C@H](C1=C(C=CC(=C1Cl)F)Cl)OC2=C(N=CC(=C2)C3=CN(N=C3)C4CCNCC4)N	0.5306644995132734
CAL51_BREAST	C[C@H](C1=C(C=CC(=C1Cl)F)Cl)OC2=C(N=CC(=C2)C3=CN(N=C3)C4CCNCC4)N	0.41930251302340693
CAL54_KIDNEY	C[C@H](C1=C(C=CC(=C1Cl)F)Cl)OC2=C(N=CC(=C2)C3=CN(N=C3)C4CCNCC4)N	1.0877579811853677
CAL72_BONE	C[C@H](C1=C(C=CC(=C1Cl)F)Cl)OC2=C(N=CC(=C2)C3=CN(N=C3)C4CCNCC4)N	0.9529049681188404
CAL78_BONE	C[C@H](C1=C(C=CC(=C1Cl)F)Cl)OC2=C(N=CC(=C2)C3=CN(N=C3)C4CCNCC4)N	0.596494204568866
CAL851_BREAST	C[C@H](C1=C(C=CC(=C1Cl)F)Cl)OC2=C(N=CC(=C2)C3=CN(N=C3)C4CCNCC4)N	0.43775671834035934
CALU1_LUNG	C[C@H](C1=C(C=CC(=C1Cl)F)Cl)OC2=C(N=CC(=C2)C3=CN(N=C3)C4CCNCC4)N	0.3407310210157883
CALU3_LUNG	C[C@H](C1=C(C=CC(=C1Cl)F)Cl)OC2=C(N=CC(=C2)C3=CN(N=C3)C4CCNCC4)N	0.5356204718221841
CAMA1_BREAST	C[C@H](C1=C(C=CC(=C1Cl)F)Cl)OC2=C(N=CC(=C2)C3=CN(N=C3)C4CCNCC4)N	0.5112952324366418
CAOV3_OVARY	C[C@H](C1=C(C=CC(=C1Cl)F)Cl)OC2=C(N=CC(=C2)C3=CN(N=C3)C4CCNCC4)N	0.1586081953241007
CAPAN1_PANCREAS	C[C@H](C1=C(C=CC(=C1Cl)F)Cl)OC2=C(N=CC(=C2)C3=CN(N=C3)C4CCNCC4)N	1.0028672218416743
CAPAN2_PANCREAS	C[C@H](C1=C(C=CC(=C1Cl)F)Cl)OC2=C(N=CC(=C2)C3=CN(N=C3)C4CCNCC4)N	0.5594722478534684
CAR1_LARGE_INTESTINE	C[C@H](C1=C(C=CC(=C1Cl)F)Cl)OC2=C(N=CC(=C2)C3=CN(N=C3)C4CCNCC4)N	0.6169395632326701
CAS1_CENTRAL_NERVOUS_SYSTEM	C[C@H](C1=C(C=CC(=C1Cl)F)Cl)OC2=C(N=CC(=C2)C3=CN(N=C3)C4CCNCC4)N	0.9868518976370217
CASKI_CERVIX	C[C@H](C1=C(C=CC(=C1Cl)F)Cl)OC2=C(N=CC(=C2)C3=CN(N=C3)C4CCNCC4)N	0.9713585054843932
CCRFCEM_HAEMATOPOIETIC_AND_LYMPHOID_TISSUE	C[C@H](C1=C(C=CC(=C1Cl)F)Cl)OC2=C(N=CC(=C2)C3=CN(N=C3)C4CCNCC4)N	0.9426020536301616
CESS_HAEMATOPOIETIC_AND_LYMPHOID_TISSUE	C[C@H](C1=C(C=CC(=C1Cl)F)Cl)OC2=C(N=CC(=C2)C3=CN(N=C3)C4CCNCC4)N	0.8577848667073882
CFPAC1_PANCREAS	C[C@H](C1=C(C=CC(=C1Cl)F)Cl)OC2=C(N=CC(=C2)C3=CN(N=C3)C4CCNCC4)N	0.5430422739200821
CGTHW1_THYROID	C[C@H](C1=C(C=CC(=C1Cl)F)Cl)OC2=C(N=CC(=C2)C3=CN(N=C3)C4CCNCC4)N	0.48605965238380794
CHAGOK1_LUNG	C[C@H](C1=C(C=CC(=C1Cl)F)Cl)OC2=C(N=CC(=C2)C3=CN(N=C3)C4CCNCC4)N	0.2129821759750295
CHP126_AUTONOMIC_GANGLIA	C[C@H](C1=C(C=CC(=C1Cl)F)Cl)OC2=C(N=CC(=C2)C3=CN(N=C3)C4CCNCC4)N	0.46189502673463995
CHP134_AUTONOMIC_GANGLIA	C[C@H](C1=C(C=CC(=C1Cl)F)Cl)OC2=C(N=CC(=C2)C3=CN(N=C3)C4CCNCC4)N	0.9518462171123416
CHSA8926_BONE	C[C@H](C1=C(C=CC(=C1Cl)F)Cl)OC2=C(N=CC(=C2)C3=CN(N=C3)C4CCNCC4)N	0.8248256816517994
CI1_HAEMATOPOIETIC_AND_LYMPHOID_TISSUE	C[C@H](C1=C(C=CC(=C1Cl)F)Cl)OC2=C(N=CC(=C2)C3=CN(N=C3)C4CCNCC4)N	0.234862732279766
CJM_SKIN	C[C@H](C1=C(C=CC(=C1Cl)F)Cl)OC2=C(N=CC(=C2)C3=CN(N=C3)C4CCNCC4)N	0.1379943121003666
CL11_LARGE_INTESTINE	C[C@H](C1=C(C=CC(=C1Cl)F)Cl)OC2=C(N=CC(=C2)C3=CN(N=C3)C4CCNCC4)N	0.557438444575159
CL34_LARGE_INTESTINE	C[C@H](C1=C(C=CC(=C1Cl)F)Cl)OC2=C(N=CC(=C2)C3=CN(N=C3)C4CCNCC4)N	0.24500792171709623
CL40_LARGE_INTESTINE	C[C@H](C1=C(C=CC(=C1Cl)F)Cl)OC2=C(N=CC(=C2)C3=CN(N=C3)C4CCNCC4)N	0.6197209391684048
CMLT1_HAEMATOPOIETIC_AND_LYMPHOID_TISSUE	C[C@H](C1=C(C=CC(=C1Cl)F)Cl)OC2=C(N=CC(=C2)C3=CN(N=C3)C4CCNCC4)N	0.2063559420540916
COLO201_LARGE_INTESTINE	C[C@H](C1=C(C=CC(=C1Cl)F)Cl)OC2=C(N=CC(=C2)C3=CN(N=C3)C4CCNCC4)N	0.1419222597654474
COLO320_LARGE_INTESTINE	C[C@H](C1=C(C=CC(=C1Cl)F)Cl)OC2=C(N=CC(=C2)C3=CN(N=C3)C4CCNCC4)N	0.1507280808509349
COLO668_LUNG	C[C@H](C1=C(C=CC(=C1Cl)F)Cl)OC2=C(N=CC(=C2)C3=CN(N=C3)C4CCNCC4)N	0.6609815887338003
COLO678_LARGE_INTESTINE	C[C@H](C1=C(C=CC(=C1Cl)F)Cl)OC2=C(N=CC(=C2)C3=CN(N=C3)C4CCNCC4)N	0.5702912713048044
COLO679_SKIN	C[C@H](C1=C(C=CC(=C1Cl)F)Cl)OC2=C(N=CC(=C2)C3=CN(N=C3)C4CCNCC4)N	0.931648383487226
COLO680N_OESOPHAGUS	C[C@H](C1=C(C=CC(=C1Cl)F)Cl)OC2=C(N=CC(=C2)C3=CN(N=C3)C4CCNCC4)N	0.6119252166231619
COLO684_ENDOMETRIUM	C[C@H](C1=C(C=CC(=C1Cl)F)Cl)OC2=C(N=CC(=C2)C3=CN(N=C3)C4CCNCC4)N	0.7131548371173495
COLO699_LUNG	C[C@H](C1=C(C=CC(=C1Cl)F)Cl)OC2=C(N=CC(=C2)C3=CN(N=C3)C4CCNCC4)N	0.1617610413194339
COLO792_SKIN	C[C@H](C1=C(C=CC(=C1Cl)F)Cl)OC2=C(N=CC(=C2)C3=CN(N=C3)C4CCNCC4)N	0.48080266463164517
COLO824_BREAST	C[C@H](C1=C(C=CC(=C1Cl)F)Cl)OC2=C(N=CC(=C2)C3=CN(N=C3)C4CCNCC4)N	0.7096967399592495
COLO829_SKIN	C[C@H](C1=C(C=CC(=C1Cl)F)Cl)OC2=C(N=CC(=C2)C3=CN(N=C3)C4CCNCC4)N	0.7263293130452871
CORL105_LUNG	C[C@H](C1=C(C=CC(=C1Cl)F)Cl)OC2=C(N=CC(=C2)C3=CN(N=C3)C4CCNCC4)N	0.6070059938405163
CORL23_LUNG	C[C@H](C1=C(C=CC(=C1Cl)F)Cl)OC2=C(N=CC(=C2)C3=CN(N=C3)C4CCNCC4)N	1.0031275173474663
CORL311_LUNG	C[C@H](C1=C(C=CC(=C1Cl)F)Cl)OC2=C(N=CC(=C2)C3=CN(N=C3)C4CCNCC4)N	1.1119513797844722
COV362_OVARY	C[C@H](C1=C(C=CC(=C1Cl)F)Cl)OC2=C(N=CC(=C2)C3=CN(N=C3)C4CCNCC4)N	0.1847881610048789
COV434_OVARY	C[C@H](C1=C(C=CC(=C1Cl)F)Cl)OC2=C(N=CC(=C2)C3=CN(N=C3)C4CCNCC4)N	0.090336145034698
CP67MEL_SKIN	C[C@H](C1=C(C=CC(=C1Cl)F)Cl)OC2=C(N=CC(=C2)C3=CN(N=C3)C4CCNCC4)N	0.8529233776518449
CPCN_LUNG	C[C@H](C1=C(C=CC(=C1Cl)F)Cl)OC2=C(N=CC(=C2)C3=CN(N=C3)C4CCNCC4)N	0.9039995622257803
CTB1_HAEMATOPOIETIC_AND_LYMPHOID_TISSUE	C[C@H](C1=C(C=CC(=C1Cl)F)Cl)OC2=C(N=CC(=C2)C3=CN(N=C3)C4CCNCC4)N	0.8623299237496945
CTV1_HAEMATOPOIETIC_AND_LYMPHOID_TISSUE	C[C@H](C1=C(C=CC(=C1Cl)F)Cl)OC2=C(N=CC(=C2)C3=CN(N=C3)C4CCNCC4)N	0.3804369061913797
D263MG_CENTRAL_NERVOUS_SYSTEM	C[C@H](C1=C(C=CC(=C1Cl)F)Cl)OC2=C(N=CC(=C2)C3=CN(N=C3)C4CCNCC4)N	1.0126898458572695
D392MG_CENTRAL_NERVOUS_SYSTEM	C[C@H](C1=C(C=CC(=C1Cl)F)Cl)OC2=C(N=CC(=C2)C3=CN(N=C3)C4CCNCC4)N	0.8988696924909506
D502MG_CENTRAL_NERVOUS_SYSTEM	C[C@H](C1=C(C=CC(=C1Cl)F)Cl)OC2=C(N=CC(=C2)C3=CN(N=C3)C4CCNCC4)N	0.9225133267274332
DAOY_CENTRAL_NERVOUS_SYSTEM	C[C@H](C1=C(C=CC(=C1Cl)F)Cl)OC2=C(N=CC(=C2)C3=CN(N=C3)C4CCNCC4)N	0.5727429384064432
DAUDI_HAEMATOPOIETIC_AND_LYMPHOID_TISSUE	C[C@H](C1=C(C=CC(=C1Cl)F)Cl)OC2=C(N=CC(=C2)C3=CN(N=C3)C4CCNCC4)N	0.597049562398312
DBTRG05MG_CENTRAL_NERVOUS_SYSTEM	C[C@H](C1=C(C=CC(=C1Cl)F)Cl)OC2=C(N=CC(=C2)C3=CN(N=C3)C4CCNCC4)N	0.591287778384513
DB_HAEMATOPOIETIC_AND_LYMPHOID_TISSUE	C[C@H](C1=C(C=CC(=C1Cl)F)Cl)OC2=C(N=CC(=C2)C3=CN(N=C3)C4CCNCC4)N	0.7152881654355795
DEL_HAEMATOPOIETIC_AND_LYMPHOID_TISSUE	C[C@H](C1=C(C=CC(=C1Cl)F)Cl)OC2=C(N=CC(=C2)C3=CN(N=C3)C4CCNCC4)N	0.12184995709359199
DETROIT562_UPPER_AERODIGESTIVE_TRACT	C[C@H](C1=C(C=CC(=C1Cl)F)Cl)OC2=C(N=CC(=C2)C3=CN(N=C3)C4CCNCC4)N	0.4897025189072493
DG75_HAEMATOPOIETIC_AND_LYMPHOID_TISSUE	C[C@H](C1=C(C=CC(=C1Cl)F)Cl)OC2=C(N=CC(=C2)C3=CN(N=C3)C4CCNCC4)N	0.917529818317151
DJM1_SKIN	C[C@H](C1=C(C=CC(=C1Cl)F)Cl)OC2=C(N=CC(=C2)C3=CN(N=C3)C4CCNCC4)N	0.9632456242748746
DKMG_CENTRAL_NERVOUS_SYSTEM	C[C@H](C1=C(C=CC(=C1Cl)F)Cl)OC2=C(N=CC(=C2)C3=CN(N=C3)C4CCNCC4)N	0.5216311972405202
DLD1_LARGE_INTESTINE	C[C@H](C1=C(C=CC(=C1Cl)F)Cl)OC2=C(N=CC(=C2)C3=CN(N=C3)C4CCNCC4)N	0.2316775148489348
DMS53_LUNG	C[C@H](C1=C(C=CC(=C1Cl)F)Cl)OC2=C(N=CC(=C2)C3=CN(N=C3)C4CCNCC4)N	0.545579176545822
DMS79_LUNG	C[C@H](C1=C(C=CC(=C1Cl)F)Cl)OC2=C(N=CC(=C2)C3=CN(N=C3)C4CCNCC4)N	0.683729157837735
DND41_HAEMATOPOIETIC_AND_LYMPHOID_TISSUE	C[C@H](C1=C(C=CC(=C1Cl)F)Cl)OC2=C(N=CC(=C2)C3=CN(N=C3)C4CCNCC4)N	0.6189603541578539
DOHH2_HAEMATOPOIETIC_AND_LYMPHOID_TISSUE	C[C@H](C1=C(C=CC(=C1Cl)F)Cl)OC2=C(N=CC(=C2)C3=CN(N=C3)C4CCNCC4)N	0.7980249210974173
DOK_UPPER_AERODIGESTIVE_TRACT	C[C@H](C1=C(C=CC(=C1Cl)F)Cl)OC2=C(N=CC(=C2)C3=CN(N=C3)C4CCNCC4)N	0.9336525483111036
DOV13_OVARY	C[C@H](C1=C(C=CC(=C1Cl)F)Cl)OC2=C(N=CC(=C2)C3=CN(N=C3)C4CCNCC4)N	0.6331407773109063
DSH1_URINARY_TRACT	C[C@H](C1=C(C=CC(=C1Cl)F)Cl)OC2=C(N=CC(=C2)C3=CN(N=C3)C4CCNCC4)N	0.9689675122001735
DU145_PROSTATE	C[C@H](C1=C(C=CC(=C1Cl)F)Cl)OC2=C(N=CC(=C2)C3=CN(N=C3)C4CCNCC4)N	0.7624826967082889
DV90_LUNG	C[C@H](C1=C(C=CC(=C1Cl)F)Cl)OC2=C(N=CC(=C2)C3=CN(N=C3)C4CCNCC4)N	0.1182247462044304
EB1_HAEMATOPOIETIC_AND_LYMPHOID_TISSUE	C[C@H](C1=C(C=CC(=C1Cl)F)Cl)OC2=C(N=CC(=C2)C3=CN(N=C3)C4CCNCC4)N	0.1823895952907663
EBC1_LUNG	C[C@H](C1=C(C=CC(=C1Cl)F)Cl)OC2=C(N=CC(=C2)C3=CN(N=C3)C4CCNCC4)N	0.09964089513321685
ECC10_STOMACH	C[C@H](C1=C(C=CC(=C1Cl)F)Cl)OC2=C(N=CC(=C2)C3=CN(N=C3)C4CCNCC4)N	0.5111837184590978
ECC12_STOMACH	C[C@H](C1=C(C=CC(=C1Cl)F)Cl)OC2=C(N=CC(=C2)C3=CN(N=C3)C4CCNCC4)N	0.6631004328437857
EFE184_ENDOMETRIUM	C[C@H](C1=C(C=CC(=C1Cl)F)Cl)OC2=C(N=CC(=C2)C3=CN(N=C3)C4CCNCC4)N	0.2495970852904633
EFM192A_BREAST	C[C@H](C1=C(C=CC(=C1Cl)F)Cl)OC2=C(N=CC(=C2)C3=CN(N=C3)C4CCNCC4)N	0.6872853764366265
EFM19_BREAST	C[C@H](C1=C(C=CC(=C1Cl)F)Cl)OC2=C(N=CC(=C2)C3=CN(N=C3)C4CCNCC4)N	0.7732263602612347
EFO21_OVARY	C[C@H](C1=C(C=CC(=C1Cl)F)Cl)OC2=C(N=CC(=C2)C3=CN(N=C3)C4CCNCC4)N	0.8750655648579118
EFO27_OVARY	C[C@H](C1=C(C=CC(=C1Cl)F)Cl)OC2=C(N=CC(=C2)C3=CN(N=C3)C4CCNCC4)N	0.6742117203517737
EGI1_BILIARY_TRACT	C[C@H](C1=C(C=CC(=C1Cl)F)Cl)OC2=C(N=CC(=C2)C3=CN(N=C3)C4CCNCC4)N	1.0244082260132523
EHEB_HAEMATOPOIETIC_AND_LYMPHOID_TISSUE	C[C@H](C1=C(C=CC(=C1Cl)F)Cl)OC2=C(N=CC(=C2)C3=CN(N=C3)C4CCNCC4)N	0.4971991766027767
EJM_HAEMATOPOIETIC_AND_LYMPHOID_TISSUE	C[C@H](C1=C(C=CC(=C1Cl)F)Cl)OC2=C(N=CC(=C2)C3=CN(N=C3)C4CCNCC4)N	0.6987129907757459
EKVX_LUNG	C[C@H](C1=C(C=CC(=C1Cl)F)Cl)OC2=C(N=CC(=C2)C3=CN(N=C3)C4CCNCC4)N	0.7455959740721209
EM2_HAEMATOPOIETIC_AND_LYMPHOID_TISSUE	C[C@H](C1=C(C=CC(=C1Cl)F)Cl)OC2=C(N=CC(=C2)C3=CN(N=C3)C4CCNCC4)N	0.302792077144773
EN_ENDOMETRIUM	C[C@H](C1=C(C=CC(=C1Cl)F)Cl)OC2=C(N=CC(=C2)C3=CN(N=C3)C4CCNCC4)N	0.5534700264434381
EPLC272H_LUNG	C[C@H](C1=C(C=CC(=C1Cl)F)Cl)OC2=C(N=CC(=C2)C3=CN(N=C3)C4CCNCC4)N	0.6218334896802248
ES2_OVARY	C[C@H](C1=C(C=CC(=C1Cl)F)Cl)OC2=C(N=CC(=C2)C3=CN(N=C3)C4CCNCC4)N	0.686565638616771
ES3_BONE	C[C@H](C1=C(C=CC(=C1Cl)F)Cl)OC2=C(N=CC(=C2)C3=CN(N=C3)C4CCNCC4)N	0.9069143481784278
ES4_BONE	C[C@H](C1=C(C=CC(=C1Cl)F)Cl)OC2=C(N=CC(=C2)C3=CN(N=C3)C4CCNCC4)N	0.9347866157684059
ES5_BONE	C[C@H](C1=C(C=CC(=C1Cl)F)Cl)OC2=C(N=CC(=C2)C3=CN(N=C3)C4CCNCC4)N	0.9298972320883874
ES6_BONE	C[C@H](C1=C(C=CC(=C1Cl)F)Cl)OC2=C(N=CC(=C2)C3=CN(N=C3)C4CCNCC4)N	0.8983791166796328
ES7_BONE	C[C@H](C1=C(C=CC(=C1Cl)F)Cl)OC2=C(N=CC(=C2)C3=CN(N=C3)C4CCNCC4)N	0.9371662580891493
ES8_BONE	C[C@H](C1=C(C=CC(=C1Cl)F)Cl)OC2=C(N=CC(=C2)C3=CN(N=C3)C4CCNCC4)N	0.8426435341566312
ESO26_OESOPHAGUS	C[C@H](C1=C(C=CC(=C1Cl)F)Cl)OC2=C(N=CC(=C2)C3=CN(N=C3)C4CCNCC4)N	0.8808577870423335
ESO51_OESOPHAGUS	C[C@H](C1=C(C=CC(=C1Cl)F)Cl)OC2=C(N=CC(=C2)C3=CN(N=C3)C4CCNCC4)N	0.2556549603534651
ESS1_ENDOMETRIUM	C[C@H](C1=C(C=CC(=C1Cl)F)Cl)OC2=C(N=CC(=C2)C3=CN(N=C3)C4CCNCC4)N	0.5462809452021697
ETK1_BILIARY_TRACT	C[C@H](C1=C(C=CC(=C1Cl)F)Cl)OC2=C(N=CC(=C2)C3=CN(N=C3)C4CCNCC4)N	1.0473244613980093
EW12_BONE	C[C@H](C1=C(C=CC(=C1Cl)F)Cl)OC2=C(N=CC(=C2)C3=CN(N=C3)C4CCNCC4)N	1.0044232047078965
EW13_BONE	C[C@H](C1=C(C=CC(=C1Cl)F)Cl)OC2=C(N=CC(=C2)C3=CN(N=C3)C4CCNCC4)N	0.9434881046868437
EW1_BONE	C[C@H](C1=C(C=CC(=C1Cl)F)Cl)OC2=C(N=CC(=C2)C3=CN(N=C3)C4CCNCC4)N	0.9140352713597985
EW24_BONE	C[C@H](C1=C(C=CC(=C1Cl)F)Cl)OC2=C(N=CC(=C2)C3=CN(N=C3)C4CCNCC4)N	0.9563392727513959
EW7_BONE	C[C@H](C1=C(C=CC(=C1Cl)F)Cl)OC2=C(N=CC(=C2)C3=CN(N=C3)C4CCNCC4)N	1.0002268111162782
FADU_UPPER_AERODIGESTIVE_TRACT	C[C@H](C1=C(C=CC(=C1Cl)F)Cl)OC2=C(N=CC(=C2)C3=CN(N=C3)C4CCNCC4)N	0.6674219883446556
FARAGE_HAEMATOPOIETIC_AND_LYMPHOID_TISSUE	C[C@H](C1=C(C=CC(=C1Cl)F)Cl)OC2=C(N=CC(=C2)C3=CN(N=C3)C4CCNCC4)N	0.9844143880806873
FTC133_THYROID	C[C@H](C1=C(C=CC(=C1Cl)F)Cl)OC2=C(N=CC(=C2)C3=CN(N=C3)C4CCNCC4)N	0.9364748700228016
FTC238_THYROID	C[C@H](C1=C(C=CC(=C1Cl)F)Cl)OC2=C(N=CC(=C2)C3=CN(N=C3)C4CCNCC4)N	0.1276593529349374
G292CLONEA141B1_BONE	C[C@H](C1=C(C=CC(=C1Cl)F)Cl)OC2=C(N=CC(=C2)C3=CN(N=C3)C4CCNCC4)N	0.5817767222650119
G361_SKIN	C[C@H](C1=C(C=CC(=C1Cl)F)Cl)OC2=C(N=CC(=C2)C3=CN(N=C3)C4CCNCC4)N	0.612526534016702
G402_SOFT_TISSUE	C[C@H](C1=C(C=CC(=C1Cl)F)Cl)OC2=C(N=CC(=C2)C3=CN(N=C3)C4CCNCC4)N	0.595802211306325
GA10_HAEMATOPOIETIC_AND_LYMPHOID_TISSUE	C[C@H](C1=C(C=CC(=C1Cl)F)Cl)OC2=C(N=CC(=C2)C3=CN(N=C3)C4CCNCC4)N	0.6189295340347541
GAK_SKIN	C[C@H](C1=C(C=CC(=C1Cl)F)Cl)OC2=C(N=CC(=C2)C3=CN(N=C3)C4CCNCC4)N	0.996187856848609
GAMG_CENTRAL_NERVOUS_SYSTEM	C[C@H](C1=C(C=CC(=C1Cl)F)Cl)OC2=C(N=CC(=C2)C3=CN(N=C3)C4CCNCC4)N	0.5743695711637061
GB1_CENTRAL_NERVOUS_SYSTEM	C[C@H](C1=C(C=CC(=C1Cl)F)Cl)OC2=C(N=CC(=C2)C3=CN(N=C3)C4CCNCC4)N	0.7014831120423896
GCIY_STOMACH	C[C@H](C1=C(C=CC(=C1Cl)F)Cl)OC2=C(N=CC(=C2)C3=CN(N=C3)C4CCNCC4)N	0.9350316068203715
GDM1_HAEMATOPOIETIC_AND_LYMPHOID_TISSUE	C[C@H](C1=C(C=CC(=C1Cl)F)Cl)OC2=C(N=CC(=C2)C3=CN(N=C3)C4CCNCC4)N	0.5266442514873285
GI1_CENTRAL_NERVOUS_SYSTEM	C[C@H](C1=C(C=CC(=C1Cl)F)Cl)OC2=C(N=CC(=C2)C3=CN(N=C3)C4CCNCC4)N	0.6121961358607018
GMEL_SKIN	C[C@H](C1=C(C=CC(=C1Cl)F)Cl)OC2=C(N=CC(=C2)C3=CN(N=C3)C4CCNCC4)N	0.9329010794067448
GOS3_CENTRAL_NERVOUS_SYSTEM	C[C@H](C1=C(C=CC(=C1Cl)F)Cl)OC2=C(N=CC(=C2)C3=CN(N=C3)C4CCNCC4)N	0.1750168808145701
GOTO_AUTONOMIC_GANGLIA	C[C@H](C1=C(C=CC(=C1Cl)F)Cl)OC2=C(N=CC(=C2)C3=CN(N=C3)C4CCNCC4)N	0.8509825536973796
GP2D_LARGE_INTESTINE	C[C@H](C1=C(C=CC(=C1Cl)F)Cl)OC2=C(N=CC(=C2)C3=CN(N=C3)C4CCNCC4)N	0.2367224816655554
GP5D_LARGE_INTESTINE	C[C@H](C1=C(C=CC(=C1Cl)F)Cl)OC2=C(N=CC(=C2)C3=CN(N=C3)C4CCNCC4)N	0.4172444446447509
GRANTA519_HAEMATOPOIETIC_AND_LYMPHOID_TISSUE	C[C@H](C1=C(C=CC(=C1Cl)F)Cl)OC2=C(N=CC(=C2)C3=CN(N=C3)C4CCNCC4)N	0.6944324317608751
GRST_HAEMATOPOIETIC_AND_LYMPHOID_TISSUE	C[C@H](C1=C(C=CC(=C1Cl)F)Cl)OC2=C(N=CC(=C2)C3=CN(N=C3)C4CCNCC4)N	0.852253267161869
GSS_STOMACH	C[C@H](C1=C(C=CC(=C1Cl)F)Cl)OC2=C(N=CC(=C2)C3=CN(N=C3)C4CCNCC4)N	0.0706082943422528
H2369_PLEURA	C[C@H](C1=C(C=CC(=C1Cl)F)Cl)OC2=C(N=CC(=C2)C3=CN(N=C3)C4CCNCC4)N	0.9707702385025984
H3118_UPPER_AERODIGESTIVE_TRACT	C[C@H](C1=C(C=CC(=C1Cl)F)Cl)OC2=C(N=CC(=C2)C3=CN(N=C3)C4CCNCC4)N	1.0540185866812812
H4_CENTRAL_NERVOUS_SYSTEM	C[C@H](C1=C(C=CC(=C1Cl)F)Cl)OC2=C(N=CC(=C2)C3=CN(N=C3)C4CCNCC4)N	0.8535447825185305
H9_HAEMATOPOIETIC_AND_LYMPHOID_TISSUE	C[C@H](C1=C(C=CC(=C1Cl)F)Cl)OC2=C(N=CC(=C2)C3=CN(N=C3)C4CCNCC4)N	0.9455821636588468
HARA_LUNG	C[C@H](C1=C(C=CC(=C1Cl)F)Cl)OC2=C(N=CC(=C2)C3=CN(N=C3)C4CCNCC4)N	0.5117301469434892
HCC1143_BREAST	C[C@H](C1=C(C=CC(=C1Cl)F)Cl)OC2=C(N=CC(=C2)C3=CN(N=C3)C4CCNCC4)N	0.42340231480445734
HCC1171_LUNG	C[C@H](C1=C(C=CC(=C1Cl)F)Cl)OC2=C(N=CC(=C2)C3=CN(N=C3)C4CCNCC4)N	0.3665016934604078
HCC1187_BREAST	C[C@H](C1=C(C=CC(=C1Cl)F)Cl)OC2=C(N=CC(=C2)C3=CN(N=C3)C4CCNCC4)N	0.8097715666424447
HCC1195_LUNG	C[C@H](C1=C(C=CC(=C1Cl)F)Cl)OC2=C(N=CC(=C2)C3=CN(N=C3)C4CCNCC4)N	0.2093335310918512
HCC1395_BREAST	C[C@H](C1=C(C=CC(=C1Cl)F)Cl)OC2=C(N=CC(=C2)C3=CN(N=C3)C4CCNCC4)N	0.39897594133443526
HCC1419_BREAST	C[C@H](C1=C(C=CC(=C1Cl)F)Cl)OC2=C(N=CC(=C2)C3=CN(N=C3)C4CCNCC4)N	0.6657237716429034
HCC1438_LUNG	C[C@H](C1=C(C=CC(=C1Cl)F)Cl)OC2=C(N=CC(=C2)C3=CN(N=C3)C4CCNCC4)N	0.279485254098609
HCC1599_BREAST	C[C@H](C1=C(C=CC(=C1Cl)F)Cl)OC2=C(N=CC(=C2)C3=CN(N=C3)C4CCNCC4)N	0.6574870106188077
HCC15_LUNG	C[C@H](C1=C(C=CC(=C1Cl)F)Cl)OC2=C(N=CC(=C2)C3=CN(N=C3)C4CCNCC4)N	0.4874354952481894
HCC1806_BREAST	C[C@H](C1=C(C=CC(=C1Cl)F)Cl)OC2=C(N=CC(=C2)C3=CN(N=C3)C4CCNCC4)N	0.4083635052969552
HCC1833_LUNG	C[C@H](C1=C(C=CC(=C1Cl)F)Cl)OC2=C(N=CC(=C2)C3=CN(N=C3)C4CCNCC4)N	0.1453910665474711
HCC1937_BREAST	C[C@H](C1=C(C=CC(=C1Cl)F)Cl)OC2=C(N=CC(=C2)C3=CN(N=C3)C4CCNCC4)N	0.5368420713043518
HCC1954_BREAST	C[C@H](C1=C(C=CC(=C1Cl)F)Cl)OC2=C(N=CC(=C2)C3=CN(N=C3)C4CCNCC4)N	0.4870601673906965
HCC2157_BREAST	C[C@H](C1=C(C=CC(=C1Cl)F)Cl)OC2=C(N=CC(=C2)C3=CN(N=C3)C4CCNCC4)N	0.9368774939734359
HCC2218_BREAST	C[C@H](C1=C(C=CC(=C1Cl)F)Cl)OC2=C(N=CC(=C2)C3=CN(N=C3)C4CCNCC4)N	0.6923379840428471
HCC2279_LUNG	C[C@H](C1=C(C=CC(=C1Cl)F)Cl)OC2=C(N=CC(=C2)C3=CN(N=C3)C4CCNCC4)N	0.1315662530682747
HCC2935_LUNG	C[C@H](C1=C(C=CC(=C1Cl)F)Cl)OC2=C(N=CC(=C2)C3=CN(N=C3)C4CCNCC4)N	0.2256092290675474
HCC2998_LARGE_INTESTINE	C[C@H](C1=C(C=CC(=C1Cl)F)Cl)OC2=C(N=CC(=C2)C3=CN(N=C3)C4CCNCC4)N	0.5025954698864746
HCC33_LUNG	C[C@H](C1=C(C=CC(=C1Cl)F)Cl)OC2=C(N=CC(=C2)C3=CN(N=C3)C4CCNCC4)N	0.9210461672821348
HCC366_LUNG	C[C@H](C1=C(C=CC(=C1Cl)F)Cl)OC2=C(N=CC(=C2)C3=CN(N=C3)C4CCNCC4)N	0.5368860772795445
HCC38_BREAST	C[C@H](C1=C(C=CC(=C1Cl)F)Cl)OC2=C(N=CC(=C2)C3=CN(N=C3)C4CCNCC4)N	0.6822335957930595
HCC4006_LUNG	C[C@H](C1=C(C=CC(=C1Cl)F)Cl)OC2=C(N=CC(=C2)C3=CN(N=C3)C4CCNCC4)N	0.2474537099609078
HCC44_LUNG	C[C@H](C1=C(C=CC(=C1Cl)F)Cl)OC2=C(N=CC(=C2)C3=CN(N=C3)C4CCNCC4)N	0.5730055613957101
HCC56_LARGE_INTESTINE	C[C@H](C1=C(C=CC(=C1Cl)F)Cl)OC2=C(N=CC(=C2)C3=CN(N=C3)C4CCNCC4)N	0.1743761554138004
HCC70_BREAST	C[C@H](C1=C(C=CC(=C1Cl)F)Cl)OC2=C(N=CC(=C2)C3=CN(N=C3)C4CCNCC4)N	0.757245275315184
HCC78_LUNG	C[C@H](C1=C(C=CC(=C1Cl)F)Cl)OC2=C(N=CC(=C2)C3=CN(N=C3)C4CCNCC4)N	0.4537818095111548
HCC827_LUNG	C[C@H](C1=C(C=CC(=C1Cl)F)Cl)OC2=C(N=CC(=C2)C3=CN(N=C3)C4CCNCC4)N	0.604724236421041
HCT116_LARGE_INTESTINE	C[C@H](C1=C(C=CC(=C1Cl)F)Cl)OC2=C(N=CC(=C2)C3=CN(N=C3)C4CCNCC4)N	0.2966571569324463
HDLM2_HAEMATOPOIETIC_AND_LYMPHOID_TISSUE	C[C@H](C1=C(C=CC(=C1Cl)F)Cl)OC2=C(N=CC(=C2)C3=CN(N=C3)C4CCNCC4)N	0.6661087472109907
HDMYZ_HAEMATOPOIETIC_AND_LYMPHOID_TISSUE	C[C@H](C1=C(C=CC(=C1Cl)F)Cl)OC2=C(N=CC(=C2)C3=CN(N=C3)C4CCNCC4)N	0.6660124552755294
HDQP1_BREAST	C[C@H](C1=C(C=CC(=C1Cl)F)Cl)OC2=C(N=CC(=C2)C3=CN(N=C3)C4CCNCC4)N	0.5060497039230948
HEC108_ENDOMETRIUM	C[C@H](C1=C(C=CC(=C1Cl)F)Cl)OC2=C(N=CC(=C2)C3=CN(N=C3)C4CCNCC4)N	0.2074712333707081
HEC151_ENDOMETRIUM	C[C@H](C1=C(C=CC(=C1Cl)F)Cl)OC2=C(N=CC(=C2)C3=CN(N=C3)C4CCNCC4)N	0.2400441105033486
HEC1A_ENDOMETRIUM	C[C@H](C1=C(C=CC(=C1Cl)F)Cl)OC2=C(N=CC(=C2)C3=CN(N=C3)C4CCNCC4)N	0.1891243636170793
HEC1B_ENDOMETRIUM	C[C@H](C1=C(C=CC(=C1Cl)F)Cl)OC2=C(N=CC(=C2)C3=CN(N=C3)C4CCNCC4)N	0.1638409278311464
HEC1_ENDOMETRIUM	C[C@H](C1=C(C=CC(=C1Cl)F)Cl)OC2=C(N=CC(=C2)C3=CN(N=C3)C4CCNCC4)N	1.030803647620932
HEC251_ENDOMETRIUM	C[C@H](C1=C(C=CC(=C1Cl)F)Cl)OC2=C(N=CC(=C2)C3=CN(N=C3)C4CCNCC4)N	0.2280292073244643
HEC265_ENDOMETRIUM	C[C@H](C1=C(C=CC(=C1Cl)F)Cl)OC2=C(N=CC(=C2)C3=CN(N=C3)C4CCNCC4)N	0.2544428967544471
HEC50B_ENDOMETRIUM	C[C@H](C1=C(C=CC(=C1Cl)F)Cl)OC2=C(N=CC(=C2)C3=CN(N=C3)C4CCNCC4)N	0.3044227222037031
HEC59_ENDOMETRIUM	C[C@H](C1=C(C=CC(=C1Cl)F)Cl)OC2=C(N=CC(=C2)C3=CN(N=C3)C4CCNCC4)N	0.1877308314645898
HEC6_ENDOMETRIUM	C[C@H](C1=C(C=CC(=C1Cl)F)Cl)OC2=C(N=CC(=C2)C3=CN(N=C3)C4CCNCC4)N	0.2032230487287493
HELA_CERVIX	C[C@H](C1=C(C=CC(=C1Cl)F)Cl)OC2=C(N=CC(=C2)C3=CN(N=C3)C4CCNCC4)N	0.7021977240636214
HEL_HAEMATOPOIETIC_AND_LYMPHOID_TISSUE	C[C@H](C1=C(C=CC(=C1Cl)F)Cl)OC2=C(N=CC(=C2)C3=CN(N=C3)C4CCNCC4)N	0.6564449888272698
HEMCSS_BONE	C[C@H](C1=C(C=CC(=C1Cl)F)Cl)OC2=C(N=CC(=C2)C3=CN(N=C3)C4CCNCC4)N	0.9216570372229245
HEP3B217_LIVER	C[C@H](C1=C(C=CC(=C1Cl)F)Cl)OC2=C(N=CC(=C2)C3=CN(N=C3)C4CCNCC4)N	0.5736263928440821
HEPG2_LIVER	C[C@H](C1=C(C=CC(=C1Cl)F)Cl)OC2=C(N=CC(=C2)C3=CN(N=C3)C4CCNCC4)N	0.2381528806175944
HEYA8_OVARY	C[C@H](C1=C(C=CC(=C1Cl)F)Cl)OC2=C(N=CC(=C2)C3=CN(N=C3)C4CCNCC4)N	0.2217482302494015
HEY_OVARY	C[C@H](C1=C(C=CC(=C1Cl)F)Cl)OC2=C(N=CC(=C2)C3=CN(N=C3)C4CCNCC4)N	1.0372915275803318
HGC27_STOMACH	C[C@H](C1=C(C=CC(=C1Cl)F)Cl)OC2=C(N=CC(=C2)C3=CN(N=C3)C4CCNCC4)N	0.5553159369001239
HH_HAEMATOPOIETIC_AND_LYMPHOID_TISSUE	C[C@H](C1=C(C=CC(=C1Cl)F)Cl)OC2=C(N=CC(=C2)C3=CN(N=C3)C4CCNCC4)N	0.9017060427372682
HL60_HAEMATOPOIETIC_AND_LYMPHOID_TISSUE	C[C@H](C1=C(C=CC(=C1Cl)F)Cl)OC2=C(N=CC(=C2)C3=CN(N=C3)C4CCNCC4)N	0.6684896528338693
HLE_LIVER	C[C@H](C1=C(C=CC(=C1Cl)F)Cl)OC2=C(N=CC(=C2)C3=CN(N=C3)C4CCNCC4)N	1.016366523804268
HLF_LIVER	C[C@H](C1=C(C=CC(=C1Cl)F)Cl)OC2=C(N=CC(=C2)C3=CN(N=C3)C4CCNCC4)N	0.135286296554441
HMC18_BREAST	C[C@H](C1=C(C=CC(=C1Cl)F)Cl)OC2=C(N=CC(=C2)C3=CN(N=C3)C4CCNCC4)N	0.0684540143640716
HMVII_SKIN	C[C@H](C1=C(C=CC(=C1Cl)F)Cl)OC2=C(N=CC(=C2)C3=CN(N=C3)C4CCNCC4)N	0.8037485849859578
HO1N1_UPPER_AERODIGESTIVE_TRACT	C[C@H](C1=C(C=CC(=C1Cl)F)Cl)OC2=C(N=CC(=C2)C3=CN(N=C3)C4CCNCC4)N	1.06632058121858
HOP62_LUNG	C[C@H](C1=C(C=CC(=C1Cl)F)Cl)OC2=C(N=CC(=C2)C3=CN(N=C3)C4CCNCC4)N	0.6856970840951905
HOP92_LUNG	C[C@H](C1=C(C=CC(=C1Cl)F)Cl)OC2=C(N=CC(=C2)C3=CN(N=C3)C4CCNCC4)N	0.502810144931509
HOS_BONE	C[C@H](C1=C(C=CC(=C1Cl)F)Cl)OC2=C(N=CC(=C2)C3=CN(N=C3)C4CCNCC4)N	0.6093912284795022
HPAC_PANCREAS	C[C@H](C1=C(C=CC(=C1Cl)F)Cl)OC2=C(N=CC(=C2)C3=CN(N=C3)C4CCNCC4)N	0.518011808383001
HPAFII_PANCREAS	C[C@H](C1=C(C=CC(=C1Cl)F)Cl)OC2=C(N=CC(=C2)C3=CN(N=C3)C4CCNCC4)N	0.5590311032594433
HPBALL_HAEMATOPOIETIC_AND_LYMPHOID_TISSUE	C[C@H](C1=C(C=CC(=C1Cl)F)Cl)OC2=C(N=CC(=C2)C3=CN(N=C3)C4CCNCC4)N	0.0573131378223582
HS294T_SKIN	C[C@H](C1=C(C=CC(=C1Cl)F)Cl)OC2=C(N=CC(=C2)C3=CN(N=C3)C4CCNCC4)N	0.1047958074487105
HS611T_HAEMATOPOIETIC_AND_LYMPHOID_TISSUE	C[C@H](C1=C(C=CC(=C1Cl)F)Cl)OC2=C(N=CC(=C2)C3=CN(N=C3)C4CCNCC4)N	0.1121720983969211
HS683_CENTRAL_NERVOUS_SYSTEM	C[C@H](C1=C(C=CC(=C1Cl)F)Cl)OC2=C(N=CC(=C2)C3=CN(N=C3)C4CCNCC4)N	0.0902773424194672
HS729_SOFT_TISSUE	C[C@H](C1=C(C=CC(=C1Cl)F)Cl)OC2=C(N=CC(=C2)C3=CN(N=C3)C4CCNCC4)N	0.1160841733840419
HS746T_STOMACH	C[C@H](C1=C(C=CC(=C1Cl)F)Cl)OC2=C(N=CC(=C2)C3=CN(N=C3)C4CCNCC4)N	0.766439992209724
HS766T_PANCREAS	C[C@H](C1=C(C=CC(=C1Cl)F)Cl)OC2=C(N=CC(=C2)C3=CN(N=C3)C4CCNCC4)N	0.1640070524864389
HS822T_FIBROBLAST	C[C@H](C1=C(C=CC(=C1Cl)F)Cl)OC2=C(N=CC(=C2)C3=CN(N=C3)C4CCNCC4)N	0.1641797612806448
HS895T_FIBROBLAST	C[C@H](C1=C(C=CC(=C1Cl)F)Cl)OC2=C(N=CC(=C2)C3=CN(N=C3)C4CCNCC4)N	0.1780200357586593
HS936T_SKIN	C[C@H](C1=C(C=CC(=C1Cl)F)Cl)OC2=C(N=CC(=C2)C3=CN(N=C3)C4CCNCC4)N	0.4444447632504015
HS940T_FIBROBLAST	C[C@H](C1=C(C=CC(=C1Cl)F)Cl)OC2=C(N=CC(=C2)C3=CN(N=C3)C4CCNCC4)N	0.0948746407466893
HSC3_UPPER_AERODIGESTIVE_TRACT	C[C@H](C1=C(C=CC(=C1Cl)F)Cl)OC2=C(N=CC(=C2)C3=CN(N=C3)C4CCNCC4)N	0.5455316596188473
HSC4_UPPER_AERODIGESTIVE_TRACT	C[C@H](C1=C(C=CC(=C1Cl)F)Cl)OC2=C(N=CC(=C2)C3=CN(N=C3)C4CCNCC4)N	0.7115406610954913
HT1080_SOFT_TISSUE	C[C@H](C1=C(C=CC(=C1Cl)F)Cl)OC2=C(N=CC(=C2)C3=CN(N=C3)C4CCNCC4)N	0.590781752371775
HT115_LARGE_INTESTINE	C[C@H](C1=C(C=CC(=C1Cl)F)Cl)OC2=C(N=CC(=C2)C3=CN(N=C3)C4CCNCC4)N	0.27538801719829575
HT1376_URINARY_TRACT	C[C@H](C1=C(C=CC(=C1Cl)F)Cl)OC2=C(N=CC(=C2)C3=CN(N=C3)C4CCNCC4)N	0.6076870643433723
HT29_LARGE_INTESTINE	C[C@H](C1=C(C=CC(=C1Cl)F)Cl)OC2=C(N=CC(=C2)C3=CN(N=C3)C4CCNCC4)N	0.3076313101624834
HT3_CERVIX	C[C@H](C1=C(C=CC(=C1Cl)F)Cl)OC2=C(N=CC(=C2)C3=CN(N=C3)C4CCNCC4)N	0.9164029962599848
HTCC3_THYROID	C[C@H](C1=C(C=CC(=C1Cl)F)Cl)OC2=C(N=CC(=C2)C3=CN(N=C3)C4CCNCC4)N	1.0022896658378424
HT_HAEMATOPOIETIC_AND_LYMPHOID_TISSUE	C[C@H](C1=C(C=CC(=C1Cl)F)Cl)OC2=C(N=CC(=C2)C3=CN(N=C3)C4CCNCC4)N	0.5155631457417881
HUCCT1_BILIARY_TRACT	C[C@H](C1=C(C=CC(=C1Cl)F)Cl)OC2=C(N=CC(=C2)C3=CN(N=C3)C4CCNCC4)N	0.5993066942926335
HUG1N_STOMACH	C[C@H](C1=C(C=CC(=C1Cl)F)Cl)OC2=C(N=CC(=C2)C3=CN(N=C3)C4CCNCC4)N	0.1588910941998242
HUH6_LIVER	C[C@H](C1=C(C=CC(=C1Cl)F)Cl)OC2=C(N=CC(=C2)C3=CN(N=C3)C4CCNCC4)N	0.0870670615018636
HUH7_LIVER	C[C@H](C1=C(C=CC(=C1Cl)F)Cl)OC2=C(N=CC(=C2)C3=CN(N=C3)C4CCNCC4)N	1.11648795582392
HUNS1_HAEMATOPOIETIC_AND_LYMPHOID_TISSUE	C[C@H](C1=C(C=CC(=C1Cl)F)Cl)OC2=C(N=CC(=C2)C3=CN(N=C3)C4CCNCC4)N	0.1798183855082125
HUO3N1_BONE	C[C@H](C1=C(C=CC(=C1Cl)F)Cl)OC2=C(N=CC(=C2)C3=CN(N=C3)C4CCNCC4)N	0.9332408748139268
HUO9_BONE	C[C@H](C1=C(C=CC(=C1Cl)F)Cl)OC2=C(N=CC(=C2)C3=CN(N=C3)C4CCNCC4)N	0.898474842022563
HUTU80_SMALL_INTESTINE	C[C@H](C1=C(C=CC(=C1Cl)F)Cl)OC2=C(N=CC(=C2)C3=CN(N=C3)C4CCNCC4)N	0.8696782365368374
IGROV1_OVARY	C[C@H](C1=C(C=CC(=C1Cl)F)Cl)OC2=C(N=CC(=C2)C3=CN(N=C3)C4CCNCC4)N	0.5365250543648731
IHH4_THYROID	C[C@H](C1=C(C=CC(=C1Cl)F)Cl)OC2=C(N=CC(=C2)C3=CN(N=C3)C4CCNCC4)N	1.0261568711957434
IM95_STOMACH	C[C@H](C1=C(C=CC(=C1Cl)F)Cl)OC2=C(N=CC(=C2)C3=CN(N=C3)C4CCNCC4)N	0.34230502393003215
IM9_HAEMATOPOIETIC_AND_LYMPHOID_TISSUE	C[C@H](C1=C(C=CC(=C1Cl)F)Cl)OC2=C(N=CC(=C2)C3=CN(N=C3)C4CCNCC4)N	0.8541360494872945
IMR32_AUTONOMIC_GANGLIA	C[C@H](C1=C(C=CC(=C1Cl)F)Cl)OC2=C(N=CC(=C2)C3=CN(N=C3)C4CCNCC4)N	0.123660074701497
IMR5_AUTONOMIC_GANGLIA	C[C@H](C1=C(C=CC(=C1Cl)F)Cl)OC2=C(N=CC(=C2)C3=CN(N=C3)C4CCNCC4)N	0.9208252547048053
IPC298_SKIN	C[C@H](C1=C(C=CC(=C1Cl)F)Cl)OC2=C(N=CC(=C2)C3=CN(N=C3)C4CCNCC4)N	0.1601319661201854
ISTMEL1_SKIN	C[C@H](C1=C(C=CC(=C1Cl)F)Cl)OC2=C(N=CC(=C2)C3=CN(N=C3)C4CCNCC4)N	0.9701407048504952
ISTMES1_PLEURA	C[C@H](C1=C(C=CC(=C1Cl)F)Cl)OC2=C(N=CC(=C2)C3=CN(N=C3)C4CCNCC4)N	0.6791478005763748
ISTSL2_LUNG	C[C@H](C1=C(C=CC(=C1Cl)F)Cl)OC2=C(N=CC(=C2)C3=CN(N=C3)C4CCNCC4)N	0.8902109931090595
J82_URINARY_TRACT	C[C@H](C1=C(C=CC(=C1Cl)F)Cl)OC2=C(N=CC(=C2)C3=CN(N=C3)C4CCNCC4)N	0.6111116246427298
JAR_PLACENTA	C[C@H](C1=C(C=CC(=C1Cl)F)Cl)OC2=C(N=CC(=C2)C3=CN(N=C3)C4CCNCC4)N	0.983554095130969
JHH1_LIVER	C[C@H](C1=C(C=CC(=C1Cl)F)Cl)OC2=C(N=CC(=C2)C3=CN(N=C3)C4CCNCC4)N	0.564298041087994
JHH5_LIVER	C[C@H](C1=C(C=CC(=C1Cl)F)Cl)OC2=C(N=CC(=C2)C3=CN(N=C3)C4CCNCC4)N	0.171126288296615
JHH7_LIVER	C[C@H](C1=C(C=CC(=C1Cl)F)Cl)OC2=C(N=CC(=C2)C3=CN(N=C3)C4CCNCC4)N	0.901970648361633
JHOC5_OVARY	C[C@H](C1=C(C=CC(=C1Cl)F)Cl)OC2=C(N=CC(=C2)C3=CN(N=C3)C4CCNCC4)N	0.2149710003333434
JHOS2_OVARY	C[C@H](C1=C(C=CC(=C1Cl)F)Cl)OC2=C(N=CC(=C2)C3=CN(N=C3)C4CCNCC4)N	0.3590263300806108
JHUEM1_ENDOMETRIUM	C[C@H](C1=C(C=CC(=C1Cl)F)Cl)OC2=C(N=CC(=C2)C3=CN(N=C3)C4CCNCC4)N	0.1015681026697778
JHUEM3_ENDOMETRIUM	C[C@H](C1=C(C=CC(=C1Cl)F)Cl)OC2=C(N=CC(=C2)C3=CN(N=C3)C4CCNCC4)N	0.3744777625837147
JJN3_HAEMATOPOIETIC_AND_LYMPHOID_TISSUE	C[C@H](C1=C(C=CC(=C1Cl)F)Cl)OC2=C(N=CC(=C2)C3=CN(N=C3)C4CCNCC4)N	0.6661492008030886
JL1_PLEURA	C[C@H](C1=C(C=CC(=C1Cl)F)Cl)OC2=C(N=CC(=C2)C3=CN(N=C3)C4CCNCC4)N	0.5512900433359597
JM1_HAEMATOPOIETIC_AND_LYMPHOID_TISSUE	C[C@H](C1=C(C=CC(=C1Cl)F)Cl)OC2=C(N=CC(=C2)C3=CN(N=C3)C4CCNCC4)N	0.4466994719273504
JSC1_HAEMATOPOIETIC_AND_LYMPHOID_TISSUE	C[C@H](C1=C(C=CC(=C1Cl)F)Cl)OC2=C(N=CC(=C2)C3=CN(N=C3)C4CCNCC4)N	0.8788686609374922
JURKAT_HAEMATOPOIETIC_AND_LYMPHOID_TISSUE	C[C@H](C1=C(C=CC(=C1Cl)F)Cl)OC2=C(N=CC(=C2)C3=CN(N=C3)C4CCNCC4)N	0.6494291762112594
JURLMK1_HAEMATOPOIETIC_AND_LYMPHOID_TISSUE	C[C@H](C1=C(C=CC(=C1Cl)F)Cl)OC2=C(N=CC(=C2)C3=CN(N=C3)C4CCNCC4)N	0.3675282400126531
JVM3_HAEMATOPOIETIC_AND_LYMPHOID_TISSUE	C[C@H](C1=C(C=CC(=C1Cl)F)Cl)OC2=C(N=CC(=C2)C3=CN(N=C3)C4CCNCC4)N	0.6408682707690093
K029AX_SKIN	C[C@H](C1=C(C=CC(=C1Cl)F)Cl)OC2=C(N=CC(=C2)C3=CN(N=C3)C4CCNCC4)N	0.1936988302321352
K562_HAEMATOPOIETIC_AND_LYMPHOID_TISSUE	C[C@H](C1=C(C=CC(=C1Cl)F)Cl)OC2=C(N=CC(=C2)C3=CN(N=C3)C4CCNCC4)N	0.5712212263484122
K5_THYROID	C[C@H](C1=C(C=CC(=C1Cl)F)Cl)OC2=C(N=CC(=C2)C3=CN(N=C3)C4CCNCC4)N	0.9881960079621916
KARPAS1106P_HAEMATOPOIETIC_AND_LYMPHOID_TISSUE	C[C@H](C1=C(C=CC(=C1Cl)F)Cl)OC2=C(N=CC(=C2)C3=CN(N=C3)C4CCNCC4)N	1.0082426816784562
KARPAS231_HAEMATOPOIETIC_AND_LYMPHOID_TISSUE	C[C@H](C1=C(C=CC(=C1Cl)F)Cl)OC2=C(N=CC(=C2)C3=CN(N=C3)C4CCNCC4)N	0.9196373480616244
KARPAS620_HAEMATOPOIETIC_AND_LYMPHOID_TISSUE	C[C@H](C1=C(C=CC(=C1Cl)F)Cl)OC2=C(N=CC(=C2)C3=CN(N=C3)C4CCNCC4)N	0.7148796262404202
KASUMI2_HAEMATOPOIETIC_AND_LYMPHOID_TISSUE	C[C@H](C1=C(C=CC(=C1Cl)F)Cl)OC2=C(N=CC(=C2)C3=CN(N=C3)C4CCNCC4)N	0.0740247209763932
KCL22_HAEMATOPOIETIC_AND_LYMPHOID_TISSUE	C[C@H](C1=C(C=CC(=C1Cl)F)Cl)OC2=C(N=CC(=C2)C3=CN(N=C3)C4CCNCC4)N	0.4759944946682905
KE37_HAEMATOPOIETIC_AND_LYMPHOID_TISSUE	C[C@H](C1=C(C=CC(=C1Cl)F)Cl)OC2=C(N=CC(=C2)C3=CN(N=C3)C4CCNCC4)N	0.5863534625311687
KE39_STOMACH	C[C@H](C1=C(C=CC(=C1Cl)F)Cl)OC2=C(N=CC(=C2)C3=CN(N=C3)C4CCNCC4)N	0.2222958731703991
KIJK_HAEMATOPOIETIC_AND_LYMPHOID_TISSUE	C[C@H](C1=C(C=CC(=C1Cl)F)Cl)OC2=C(N=CC(=C2)C3=CN(N=C3)C4CCNCC4)N	0.0153064926209885
KINGS1_CENTRAL_NERVOUS_SYSTEM	C[C@H](C1=C(C=CC(=C1Cl)F)Cl)OC2=C(N=CC(=C2)C3=CN(N=C3)C4CCNCC4)N	0.6154692401902285
KLE_ENDOMETRIUM	C[C@H](C1=C(C=CC(=C1Cl)F)Cl)OC2=C(N=CC(=C2)C3=CN(N=C3)C4CCNCC4)N	0.7866275351572013
KM12_LARGE_INTESTINE	C[C@H](C1=C(C=CC(=C1Cl)F)Cl)OC2=C(N=CC(=C2)C3=CN(N=C3)C4CCNCC4)N	0.29198418407519994
KMBC2_URINARY_TRACT	C[C@H](C1=C(C=CC(=C1Cl)F)Cl)OC2=C(N=CC(=C2)C3=CN(N=C3)C4CCNCC4)N	0.263229408012364
KMH2_HAEMATOPOIETIC_AND_LYMPHOID_TISSUE	C[C@H](C1=C(C=CC(=C1Cl)F)Cl)OC2=C(N=CC(=C2)C3=CN(N=C3)C4CCNCC4)N	0.6886766076711819
KMOE2_HAEMATOPOIETIC_AND_LYMPHOID_TISSUE	C[C@H](C1=C(C=CC(=C1Cl)F)Cl)OC2=C(N=CC(=C2)C3=CN(N=C3)C4CCNCC4)N	0.9503772503837824
KMRC1_KIDNEY	C[C@H](C1=C(C=CC(=C1Cl)F)Cl)OC2=C(N=CC(=C2)C3=CN(N=C3)C4CCNCC4)N	0.2320390337585987
KMRC2_KIDNEY	C[C@H](C1=C(C=CC(=C1Cl)F)Cl)OC2=C(N=CC(=C2)C3=CN(N=C3)C4CCNCC4)N	0.1103097093851328
KMS26_HAEMATOPOIETIC_AND_LYMPHOID_TISSUE	C[C@H](C1=C(C=CC(=C1Cl)F)Cl)OC2=C(N=CC(=C2)C3=CN(N=C3)C4CCNCC4)N	0.0444311295796842
KMS27_HAEMATOPOIETIC_AND_LYMPHOID_TISSUE	C[C@H](C1=C(C=CC(=C1Cl)F)Cl)OC2=C(N=CC(=C2)C3=CN(N=C3)C4CCNCC4)N	0.1102997312797357
KNS42_CENTRAL_NERVOUS_SYSTEM	C[C@H](C1=C(C=CC(=C1Cl)F)Cl)OC2=C(N=CC(=C2)C3=CN(N=C3)C4CCNCC4)N	0.843983766810849
KNS62_LUNG	C[C@H](C1=C(C=CC(=C1Cl)F)Cl)OC2=C(N=CC(=C2)C3=CN(N=C3)C4CCNCC4)N	0.7462253536891856
KNS81FD_CENTRAL_NERVOUS_SYSTEM	C[C@H](C1=C(C=CC(=C1Cl)F)Cl)OC2=C(N=CC(=C2)C3=CN(N=C3)C4CCNCC4)N	0.8269380109494456
KNS81_CENTRAL_NERVOUS_SYSTEM	C[C@H](C1=C(C=CC(=C1Cl)F)Cl)OC2=C(N=CC(=C2)C3=CN(N=C3)C4CCNCC4)N	0.2269411752628867
KO52_HAEMATOPOIETIC_AND_LYMPHOID_TISSUE	C[C@H](C1=C(C=CC(=C1Cl)F)Cl)OC2=C(N=CC(=C2)C3=CN(N=C3)C4CCNCC4)N	0.0761051083366162
KOPN8_HAEMATOPOIETIC_AND_LYMPHOID_TISSUE	C[C@H](C1=C(C=CC(=C1Cl)F)Cl)OC2=C(N=CC(=C2)C3=CN(N=C3)C4CCNCC4)N	0.8532650892659834
KP2_PANCREAS	C[C@H](C1=C(C=CC(=C1Cl)F)Cl)OC2=C(N=CC(=C2)C3=CN(N=C3)C4CCNCC4)N	0.5548566131571805
KP3_PANCREAS	C[C@H](C1=C(C=CC(=C1Cl)F)Cl)OC2=C(N=CC(=C2)C3=CN(N=C3)C4CCNCC4)N	0.5833656943030112
KPL1_BREAST	C[C@H](C1=C(C=CC(=C1Cl)F)Cl)OC2=C(N=CC(=C2)C3=CN(N=C3)C4CCNCC4)N	0.1282457472196127
KPNRTBM1_AUTONOMIC_GANGLIA	C[C@H](C1=C(C=CC(=C1Cl)F)Cl)OC2=C(N=CC(=C2)C3=CN(N=C3)C4CCNCC4)N	0.5568776722907507
KPNSI9S_AUTONOMIC_GANGLIA	C[C@H](C1=C(C=CC(=C1Cl)F)Cl)OC2=C(N=CC(=C2)C3=CN(N=C3)C4CCNCC4)N	0.0638989394375587
KPNYN_AUTONOMIC_GANGLIA	C[C@H](C1=C(C=CC(=C1Cl)F)Cl)OC2=C(N=CC(=C2)C3=CN(N=C3)C4CCNCC4)N	0.8641017313061553
KS1_CENTRAL_NERVOUS_SYSTEM	C[C@H](C1=C(C=CC(=C1Cl)F)Cl)OC2=C(N=CC(=C2)C3=CN(N=C3)C4CCNCC4)N	0.8303708634226405
KU1919_URINARY_TRACT	C[C@H](C1=C(C=CC(=C1Cl)F)Cl)OC2=C(N=CC(=C2)C3=CN(N=C3)C4CCNCC4)N	0.5811761117017971
KU812_HAEMATOPOIETIC_AND_LYMPHOID_TISSUE	C[C@H](C1=C(C=CC(=C1Cl)F)Cl)OC2=C(N=CC(=C2)C3=CN(N=C3)C4CCNCC4)N	0.5154964070522233
KURAMOCHI_OVARY	C[C@H](C1=C(C=CC(=C1Cl)F)Cl)OC2=C(N=CC(=C2)C3=CN(N=C3)C4CCNCC4)N	0.7235095495380488
KY821_HAEMATOPOIETIC_AND_LYMPHOID_TISSUE	C[C@H](C1=C(C=CC(=C1Cl)F)Cl)OC2=C(N=CC(=C2)C3=CN(N=C3)C4CCNCC4)N	0.8630626110734925
KYAE1_OESOPHAGUS	C[C@H](C1=C(C=CC(=C1Cl)F)Cl)OC2=C(N=CC(=C2)C3=CN(N=C3)C4CCNCC4)N	0.8887133500807968
KYM1_SOFT_TISSUE	C[C@H](C1=C(C=CC(=C1Cl)F)Cl)OC2=C(N=CC(=C2)C3=CN(N=C3)C4CCNCC4)N	0.6619432399725392
KYO1_HAEMATOPOIETIC_AND_LYMPHOID_TISSUE	C[C@H](C1=C(C=CC(=C1Cl)F)Cl)OC2=C(N=CC(=C2)C3=CN(N=C3)C4CCNCC4)N	0.0178756529743325
KYSE140_OESOPHAGUS	C[C@H](C1=C(C=CC(=C1Cl)F)Cl)OC2=C(N=CC(=C2)C3=CN(N=C3)C4CCNCC4)N	0.6203387283283931
KYSE270_OESOPHAGUS	C[C@H](C1=C(C=CC(=C1Cl)F)Cl)OC2=C(N=CC(=C2)C3=CN(N=C3)C4CCNCC4)N	0.981646835157332
KYSE30_OESOPHAGUS	C[C@H](C1=C(C=CC(=C1Cl)F)Cl)OC2=C(N=CC(=C2)C3=CN(N=C3)C4CCNCC4)N	0.1603182463104942
KYSE50_OESOPHAGUS	C[C@H](C1=C(C=CC(=C1Cl)F)Cl)OC2=C(N=CC(=C2)C3=CN(N=C3)C4CCNCC4)N	1.0494853135495965
KYSE510_OESOPHAGUS	C[C@H](C1=C(C=CC(=C1Cl)F)Cl)OC2=C(N=CC(=C2)C3=CN(N=C3)C4CCNCC4)N	0.2421533560865481
KYSE520_OESOPHAGUS	C[C@H](C1=C(C=CC(=C1Cl)F)Cl)OC2=C(N=CC(=C2)C3=CN(N=C3)C4CCNCC4)N	0.6717333461256227
L1236_HAEMATOPOIETIC_AND_LYMPHOID_TISSUE	C[C@H](C1=C(C=CC(=C1Cl)F)Cl)OC2=C(N=CC(=C2)C3=CN(N=C3)C4CCNCC4)N	0.8809453188219919
L363_HAEMATOPOIETIC_AND_LYMPHOID_TISSUE	C[C@H](C1=C(C=CC(=C1Cl)F)Cl)OC2=C(N=CC(=C2)C3=CN(N=C3)C4CCNCC4)N	0.5792531219963334
L428_HAEMATOPOIETIC_AND_LYMPHOID_TISSUE	C[C@H](C1=C(C=CC(=C1Cl)F)Cl)OC2=C(N=CC(=C2)C3=CN(N=C3)C4CCNCC4)N	0.668103272237324
L540_HAEMATOPOIETIC_AND_LYMPHOID_TISSUE	C[C@H](C1=C(C=CC(=C1Cl)F)Cl)OC2=C(N=CC(=C2)C3=CN(N=C3)C4CCNCC4)N	0.5888496773722761
LAMA84_HAEMATOPOIETIC_AND_LYMPHOID_TISSUE	C[C@H](C1=C(C=CC(=C1Cl)F)Cl)OC2=C(N=CC(=C2)C3=CN(N=C3)C4CCNCC4)N	0.3792630901357596
LB1047RCC_KIDNEY	C[C@H](C1=C(C=CC(=C1Cl)F)Cl)OC2=C(N=CC(=C2)C3=CN(N=C3)C4CCNCC4)N	0.9765025350049832
LB2241RCC_KIDNEY	C[C@H](C1=C(C=CC(=C1Cl)F)Cl)OC2=C(N=CC(=C2)C3=CN(N=C3)C4CCNCC4)N	1.0129330323190744
LB2518MEL_SKIN	C[C@H](C1=C(C=CC(=C1Cl)F)Cl)OC2=C(N=CC(=C2)C3=CN(N=C3)C4CCNCC4)N	0.9583847369508858
LB373MELD_SKIN	C[C@H](C1=C(C=CC(=C1Cl)F)Cl)OC2=C(N=CC(=C2)C3=CN(N=C3)C4CCNCC4)N	1.036673701785548
LB771HNC_UPPER_AERODIGESTIVE_TRACT	C[C@H](C1=C(C=CC(=C1Cl)F)Cl)OC2=C(N=CC(=C2)C3=CN(N=C3)C4CCNCC4)N	1.069836167045994
LB831BLC_URINARY_TRACT	C[C@H](C1=C(C=CC(=C1Cl)F)Cl)OC2=C(N=CC(=C2)C3=CN(N=C3)C4CCNCC4)N	0.8532499318915318
LC1SQSF_LUNG	C[C@H](C1=C(C=CC(=C1Cl)F)Cl)OC2=C(N=CC(=C2)C3=CN(N=C3)C4CCNCC4)N	0.4602335193042002
LC1SQ_LUNG	C[C@H](C1=C(C=CC(=C1Cl)F)Cl)OC2=C(N=CC(=C2)C3=CN(N=C3)C4CCNCC4)N	0.9329418080509384
LC2AD_LUNG	C[C@H](C1=C(C=CC(=C1Cl)F)Cl)OC2=C(N=CC(=C2)C3=CN(N=C3)C4CCNCC4)N	0.6849322573022215
LC41_HAEMATOPOIETIC_AND_LYMPHOID_TISSUE	C[C@H](C1=C(C=CC(=C1Cl)F)Cl)OC2=C(N=CC(=C2)C3=CN(N=C3)C4CCNCC4)N	0.9488577934256128
LCLC103H_LUNG	C[C@H](C1=C(C=CC(=C1Cl)F)Cl)OC2=C(N=CC(=C2)C3=CN(N=C3)C4CCNCC4)N	0.5786579533383883
LCLC97TM1_LUNG	C[C@H](C1=C(C=CC(=C1Cl)F)Cl)OC2=C(N=CC(=C2)C3=CN(N=C3)C4CCNCC4)N	0.5290284535227826
LI7_LIVER	C[C@H](C1=C(C=CC(=C1Cl)F)Cl)OC2=C(N=CC(=C2)C3=CN(N=C3)C4CCNCC4)N	0.1395834833631322
LK2_LUNG	C[C@H](C1=C(C=CC(=C1Cl)F)Cl)OC2=C(N=CC(=C2)C3=CN(N=C3)C4CCNCC4)N	0.5321969687514801
LN18_CENTRAL_NERVOUS_SYSTEM	C[C@H](C1=C(C=CC(=C1Cl)F)Cl)OC2=C(N=CC(=C2)C3=CN(N=C3)C4CCNCC4)N	0.5284773614129944
LN229_CENTRAL_NERVOUS_SYSTEM	C[C@H](C1=C(C=CC(=C1Cl)F)Cl)OC2=C(N=CC(=C2)C3=CN(N=C3)C4CCNCC4)N	0.5760124015506456
LOUCY_HAEMATOPOIETIC_AND_LYMPHOID_TISSUE	C[C@H](C1=C(C=CC(=C1Cl)F)Cl)OC2=C(N=CC(=C2)C3=CN(N=C3)C4CCNCC4)N	0.9995926494758872
LP1_HAEMATOPOIETIC_AND_LYMPHOID_TISSUE	C[C@H](C1=C(C=CC(=C1Cl)F)Cl)OC2=C(N=CC(=C2)C3=CN(N=C3)C4CCNCC4)N	0.6509320835157945
LS1034_LARGE_INTESTINE	C[C@H](C1=C(C=CC(=C1Cl)F)Cl)OC2=C(N=CC(=C2)C3=CN(N=C3)C4CCNCC4)N	0.6771192216616804
LS180_LARGE_INTESTINE	C[C@H](C1=C(C=CC(=C1Cl)F)Cl)OC2=C(N=CC(=C2)C3=CN(N=C3)C4CCNCC4)N	0.4043197149899629
LS411N_LARGE_INTESTINE	C[C@H](C1=C(C=CC(=C1Cl)F)Cl)OC2=C(N=CC(=C2)C3=CN(N=C3)C4CCNCC4)N	0.47906473066446487
LS513_LARGE_INTESTINE	C[C@H](C1=C(C=CC(=C1Cl)F)Cl)OC2=C(N=CC(=C2)C3=CN(N=C3)C4CCNCC4)N	0.4600009254544884
LU134A_LUNG	C[C@H](C1=C(C=CC(=C1Cl)F)Cl)OC2=C(N=CC(=C2)C3=CN(N=C3)C4CCNCC4)N	0.8428322899019964
LU65_LUNG	C[C@H](C1=C(C=CC(=C1Cl)F)Cl)OC2=C(N=CC(=C2)C3=CN(N=C3)C4CCNCC4)N	0.5772067834943637
LU99_LUNG	C[C@H](C1=C(C=CC(=C1Cl)F)Cl)OC2=C(N=CC(=C2)C3=CN(N=C3)C4CCNCC4)N	0.1150936422315827
LXF289_LUNG	C[C@H](C1=C(C=CC(=C1Cl)F)Cl)OC2=C(N=CC(=C2)C3=CN(N=C3)C4CCNCC4)N	0.7145064434823096
M059J_CENTRAL_NERVOUS_SYSTEM	C[C@H](C1=C(C=CC(=C1Cl)F)Cl)OC2=C(N=CC(=C2)C3=CN(N=C3)C4CCNCC4)N	0.9351234036600464
M059K_CENTRAL_NERVOUS_SYSTEM	C[C@H](C1=C(C=CC(=C1Cl)F)Cl)OC2=C(N=CC(=C2)C3=CN(N=C3)C4CCNCC4)N	0.1824343299039364
M07E_HAEMATOPOIETIC_AND_LYMPHOID_TISSUE	C[C@H](C1=C(C=CC(=C1Cl)F)Cl)OC2=C(N=CC(=C2)C3=CN(N=C3)C4CCNCC4)N	0.0734159179066032
MALME3M_SKIN	C[C@H](C1=C(C=CC(=C1Cl)F)Cl)OC2=C(N=CC(=C2)C3=CN(N=C3)C4CCNCC4)N	0.2404108513136761
MC116_HAEMATOPOIETIC_AND_LYMPHOID_TISSUE	C[C@H](C1=C(C=CC(=C1Cl)F)Cl)OC2=C(N=CC(=C2)C3=CN(N=C3)C4CCNCC4)N	0.5077741967769912
MCAS_OVARY	C[C@H](C1=C(C=CC(=C1Cl)F)Cl)OC2=C(N=CC(=C2)C3=CN(N=C3)C4CCNCC4)N	0.1938155575926543
MCCAR_HAEMATOPOIETIC_AND_LYMPHOID_TISSUE	C[C@H](C1=C(C=CC(=C1Cl)F)Cl)OC2=C(N=CC(=C2)C3=CN(N=C3)C4CCNCC4)N	0.966962857930451
MCF7_BREAST	C[C@H](C1=C(C=CC(=C1Cl)F)Cl)OC2=C(N=CC(=C2)C3=CN(N=C3)C4CCNCC4)N	0.5622619935608082
MDAMB157_BREAST	C[C@H](C1=C(C=CC(=C1Cl)F)Cl)OC2=C(N=CC(=C2)C3=CN(N=C3)C4CCNCC4)N	0.736009141331129
MDAMB175VII_BREAST	C[C@H](C1=C(C=CC(=C1Cl)F)Cl)OC2=C(N=CC(=C2)C3=CN(N=C3)C4CCNCC4)N	0.92894976208377
MDAMB231_BREAST	C[C@H](C1=C(C=CC(=C1Cl)F)Cl)OC2=C(N=CC(=C2)C3=CN(N=C3)C4CCNCC4)N	0.4593207034707757
MDAMB330_BREAST	C[C@H](C1=C(C=CC(=C1Cl)F)Cl)OC2=C(N=CC(=C2)C3=CN(N=C3)C4CCNCC4)N	0.962085300028774
MDAMB361_BREAST	C[C@H](C1=C(C=CC(=C1Cl)F)Cl)OC2=C(N=CC(=C2)C3=CN(N=C3)C4CCNCC4)N	0.5569072752106601
MDAMB415_BREAST	C[C@H](C1=C(C=CC(=C1Cl)F)Cl)OC2=C(N=CC(=C2)C3=CN(N=C3)C4CCNCC4)N	0.9265185784068032
MDAMB453_BREAST	C[C@H](C1=C(C=CC(=C1Cl)F)Cl)OC2=C(N=CC(=C2)C3=CN(N=C3)C4CCNCC4)N	0.5315104481082032
MDAMB468_BREAST	C[C@H](C1=C(C=CC(=C1Cl)F)Cl)OC2=C(N=CC(=C2)C3=CN(N=C3)C4CCNCC4)N	0.291750042206405
ME1_HAEMATOPOIETIC_AND_LYMPHOID_TISSUE	C[C@H](C1=C(C=CC(=C1Cl)F)Cl)OC2=C(N=CC(=C2)C3=CN(N=C3)C4CCNCC4)N	0.7459182579325031
MEC1_HAEMATOPOIETIC_AND_LYMPHOID_TISSUE	C[C@H](C1=C(C=CC(=C1Cl)F)Cl)OC2=C(N=CC(=C2)C3=CN(N=C3)C4CCNCC4)N	0.1309949179520591
MEG01_HAEMATOPOIETIC_AND_LYMPHOID_TISSUE	C[C@H](C1=C(C=CC(=C1Cl)F)Cl)OC2=C(N=CC(=C2)C3=CN(N=C3)C4CCNCC4)N	0.6252650943941469
MESSA_SOFT_TISSUE	C[C@H](C1=C(C=CC(=C1Cl)F)Cl)OC2=C(N=CC(=C2)C3=CN(N=C3)C4CCNCC4)N	0.5744192775414958
MFE319_ENDOMETRIUM	C[C@H](C1=C(C=CC(=C1Cl)F)Cl)OC2=C(N=CC(=C2)C3=CN(N=C3)C4CCNCC4)N	0.5803431396021977
MFHINO_SOFT_TISSUE	C[C@H](C1=C(C=CC(=C1Cl)F)Cl)OC2=C(N=CC(=C2)C3=CN(N=C3)C4CCNCC4)N	0.8170271010482395
MFM223_BREAST	C[C@H](C1=C(C=CC(=C1Cl)F)Cl)OC2=C(N=CC(=C2)C3=CN(N=C3)C4CCNCC4)N	0.7993285466809055
MG63_BONE	C[C@H](C1=C(C=CC(=C1Cl)F)Cl)OC2=C(N=CC(=C2)C3=CN(N=C3)C4CCNCC4)N	0.5235958029695783
MHHCALL2_HAEMATOPOIETIC_AND_LYMPHOID_TISSUE	C[C@H](C1=C(C=CC(=C1Cl)F)Cl)OC2=C(N=CC(=C2)C3=CN(N=C3)C4CCNCC4)N	1.0735338279038833
MHHCALL3_HAEMATOPOIETIC_AND_LYMPHOID_TISSUE	C[C@H](C1=C(C=CC(=C1Cl)F)Cl)OC2=C(N=CC(=C2)C3=CN(N=C3)C4CCNCC4)N	0.3078712335222279
MHHCALL4_HAEMATOPOIETIC_AND_LYMPHOID_TISSUE	C[C@H](C1=C(C=CC(=C1Cl)F)Cl)OC2=C(N=CC(=C2)C3=CN(N=C3)C4CCNCC4)N	0.112573605488045
MHHNB11_AUTONOMIC_GANGLIA	C[C@H](C1=C(C=CC(=C1Cl)F)Cl)OC2=C(N=CC(=C2)C3=CN(N=C3)C4CCNCC4)N	0.5046196033265191
MIAPACA2_PANCREAS	C[C@H](C1=C(C=CC(=C1Cl)F)Cl)OC2=C(N=CC(=C2)C3=CN(N=C3)C4CCNCC4)N	0.5666286169507978
MINO_HAEMATOPOIETIC_AND_LYMPHOID_TISSUE	C[C@H](C1=C(C=CC(=C1Cl)F)Cl)OC2=C(N=CC(=C2)C3=CN(N=C3)C4CCNCC4)N	0.0843097571138519
MKN28_STOMACH	C[C@H](C1=C(C=CC(=C1Cl)F)Cl)OC2=C(N=CC(=C2)C3=CN(N=C3)C4CCNCC4)N	0.8746116457270057
MKN45_STOMACH	C[C@H](C1=C(C=CC(=C1Cl)F)Cl)OC2=C(N=CC(=C2)C3=CN(N=C3)C4CCNCC4)N	0.37910639123845746
MKN7_STOMACH	C[C@H](C1=C(C=CC(=C1Cl)F)Cl)OC2=C(N=CC(=C2)C3=CN(N=C3)C4CCNCC4)N	0.5841822827141039
ML1_THYROID	C[C@H](C1=C(C=CC(=C1Cl)F)Cl)OC2=C(N=CC(=C2)C3=CN(N=C3)C4CCNCC4)N	0.202538541243674
ML2_HAEMATOPOIETIC_AND_LYMPHOID_TISSUE	C[C@H](C1=C(C=CC(=C1Cl)F)Cl)OC2=C(N=CC(=C2)C3=CN(N=C3)C4CCNCC4)N	0.9892259523301568
MM1S_HAEMATOPOIETIC_AND_LYMPHOID_TISSUE	C[C@H](C1=C(C=CC(=C1Cl)F)Cl)OC2=C(N=CC(=C2)C3=CN(N=C3)C4CCNCC4)N	0.519515797132069
MMACSF_SKIN	C[C@H](C1=C(C=CC(=C1Cl)F)Cl)OC2=C(N=CC(=C2)C3=CN(N=C3)C4CCNCC4)N	0.9720534964717216
MN60_HAEMATOPOIETIC_AND_LYMPHOID_TISSUE	C[C@H](C1=C(C=CC(=C1Cl)F)Cl)OC2=C(N=CC(=C2)C3=CN(N=C3)C4CCNCC4)N	1.0117579816031452
MOLM6_HAEMATOPOIETIC_AND_LYMPHOID_TISSUE	C[C@H](C1=C(C=CC(=C1Cl)F)Cl)OC2=C(N=CC(=C2)C3=CN(N=C3)C4CCNCC4)N	0.025368383208582
MOLP2_HAEMATOPOIETIC_AND_LYMPHOID_TISSUE	C[C@H](C1=C(C=CC(=C1Cl)F)Cl)OC2=C(N=CC(=C2)C3=CN(N=C3)C4CCNCC4)N	0.2398712539773932
MOLP8_HAEMATOPOIETIC_AND_LYMPHOID_TISSUE	C[C@H](C1=C(C=CC(=C1Cl)F)Cl)OC2=C(N=CC(=C2)C3=CN(N=C3)C4CCNCC4)N	0.4917738483298402
MOLT13_HAEMATOPOIETIC_AND_LYMPHOID_TISSUE	C[C@H](C1=C(C=CC(=C1Cl)F)Cl)OC2=C(N=CC(=C2)C3=CN(N=C3)C4CCNCC4)N	0.4973094813807945
MOLT16_HAEMATOPOIETIC_AND_LYMPHOID_TISSUE	C[C@H](C1=C(C=CC(=C1Cl)F)Cl)OC2=C(N=CC(=C2)C3=CN(N=C3)C4CCNCC4)N	0.4756610363279249
MOLT4_HAEMATOPOIETIC_AND_LYMPHOID_TISSUE	C[C@H](C1=C(C=CC(=C1Cl)F)Cl)OC2=C(N=CC(=C2)C3=CN(N=C3)C4CCNCC4)N	0.8471135367390765
MONOMAC1_HAEMATOPOIETIC_AND_LYMPHOID_TISSUE	C[C@H](C1=C(C=CC(=C1Cl)F)Cl)OC2=C(N=CC(=C2)C3=CN(N=C3)C4CCNCC4)N	0.103806566032304
MONOMAC6_HAEMATOPOIETIC_AND_LYMPHOID_TISSUE	C[C@H](C1=C(C=CC(=C1Cl)F)Cl)OC2=C(N=CC(=C2)C3=CN(N=C3)C4CCNCC4)N	0.5181146650675295
MORCPR_LUNG	C[C@H](C1=C(C=CC(=C1Cl)F)Cl)OC2=C(N=CC(=C2)C3=CN(N=C3)C4CCNCC4)N	0.1173304750901542
MOTN1_HAEMATOPOIETIC_AND_LYMPHOID_TISSUE	C[C@H](C1=C(C=CC(=C1Cl)F)Cl)OC2=C(N=CC(=C2)C3=CN(N=C3)C4CCNCC4)N	0.1070673202218249
MOT_HAEMATOPOIETIC_AND_LYMPHOID_TISSUE	C[C@H](C1=C(C=CC(=C1Cl)F)Cl)OC2=C(N=CC(=C2)C3=CN(N=C3)C4CCNCC4)N	0.9028907830189781
MPP89_PLEURA	C[C@H](C1=C(C=CC(=C1Cl)F)Cl)OC2=C(N=CC(=C2)C3=CN(N=C3)C4CCNCC4)N	0.904740428150606
MRKNU1_BREAST	C[C@H](C1=C(C=CC(=C1Cl)F)Cl)OC2=C(N=CC(=C2)C3=CN(N=C3)C4CCNCC4)N	0.8541947579389051
MS1_LUNG	C[C@H](C1=C(C=CC(=C1Cl)F)Cl)OC2=C(N=CC(=C2)C3=CN(N=C3)C4CCNCC4)N	0.9368861621251785
MS751_CERVIX	C[C@H](C1=C(C=CC(=C1Cl)F)Cl)OC2=C(N=CC(=C2)C3=CN(N=C3)C4CCNCC4)N	1.019796482566247
MV411_HAEMATOPOIETIC_AND_LYMPHOID_TISSUE	C[C@H](C1=C(C=CC(=C1Cl)F)Cl)OC2=C(N=CC(=C2)C3=CN(N=C3)C4CCNCC4)N	0.5549051805580785
MYM12_HAEMATOPOIETIC_AND_LYMPHOID_TISSUE	C[C@H](C1=C(C=CC(=C1Cl)F)Cl)OC2=C(N=CC(=C2)C3=CN(N=C3)C4CCNCC4)N	0.614580645907003
NALM6_HAEMATOPOIETIC_AND_LYMPHOID_TISSUE	C[C@H](C1=C(C=CC(=C1Cl)F)Cl)OC2=C(N=CC(=C2)C3=CN(N=C3)C4CCNCC4)N	0.5075777968078286
NAMALWA_HAEMATOPOIETIC_AND_LYMPHOID_TISSUE	C[C@H](C1=C(C=CC(=C1Cl)F)Cl)OC2=C(N=CC(=C2)C3=CN(N=C3)C4CCNCC4)N	0.7846148369082844
NB10_AUTONOMIC_GANGLIA	C[C@H](C1=C(C=CC(=C1Cl)F)Cl)OC2=C(N=CC(=C2)C3=CN(N=C3)C4CCNCC4)N	0.9501062365834463
NB14_AUTONOMIC_GANGLIA	C[C@H](C1=C(C=CC(=C1Cl)F)Cl)OC2=C(N=CC(=C2)C3=CN(N=C3)C4CCNCC4)N	0.8405274214249024
NB17_AUTONOMIC_GANGLIA	C[C@H](C1=C(C=CC(=C1Cl)F)Cl)OC2=C(N=CC(=C2)C3=CN(N=C3)C4CCNCC4)N	0.8690558542109844
NB1_AUTONOMIC_GANGLIA	C[C@H](C1=C(C=CC(=C1Cl)F)Cl)OC2=C(N=CC(=C2)C3=CN(N=C3)C4CCNCC4)N	0.1286349451072581
NB5_AUTONOMIC_GANGLIA	C[C@H](C1=C(C=CC(=C1Cl)F)Cl)OC2=C(N=CC(=C2)C3=CN(N=C3)C4CCNCC4)N	0.9051519312444556
NB69_AUTONOMIC_GANGLIA	C[C@H](C1=C(C=CC(=C1Cl)F)Cl)OC2=C(N=CC(=C2)C3=CN(N=C3)C4CCNCC4)N	0.8850818508111602
NB6_AUTONOMIC_GANGLIA	C[C@H](C1=C(C=CC(=C1Cl)F)Cl)OC2=C(N=CC(=C2)C3=CN(N=C3)C4CCNCC4)N	0.9885716291380872
NB7_AUTONOMIC_GANGLIA	C[C@H](C1=C(C=CC(=C1Cl)F)Cl)OC2=C(N=CC(=C2)C3=CN(N=C3)C4CCNCC4)N	0.9660761595190656
NBTU110_AUTONOMIC_GANGLIA	C[C@H](C1=C(C=CC(=C1Cl)F)Cl)OC2=C(N=CC(=C2)C3=CN(N=C3)C4CCNCC4)N	0.8668976622691026
NCC010_KIDNEY	C[C@H](C1=C(C=CC(=C1Cl)F)Cl)OC2=C(N=CC(=C2)C3=CN(N=C3)C4CCNCC4)N	1.1101502700957753
NCIH1048_LUNG	C[C@H](C1=C(C=CC(=C1Cl)F)Cl)OC2=C(N=CC(=C2)C3=CN(N=C3)C4CCNCC4)N	0.9875505721094436
NCIH1105_LUNG	C[C@H](C1=C(C=CC(=C1Cl)F)Cl)OC2=C(N=CC(=C2)C3=CN(N=C3)C4CCNCC4)N	0.2647537413254947
NCIH1155_LUNG	C[C@H](C1=C(C=CC(=C1Cl)F)Cl)OC2=C(N=CC(=C2)C3=CN(N=C3)C4CCNCC4)N	0.6588575274277754
NCIH128_LUNG	C[C@H](C1=C(C=CC(=C1Cl)F)Cl)OC2=C(N=CC(=C2)C3=CN(N=C3)C4CCNCC4)N	0.8820086303222971
NCIH1299_LUNG	C[C@H](C1=C(C=CC(=C1Cl)F)Cl)OC2=C(N=CC(=C2)C3=CN(N=C3)C4CCNCC4)N	0.6711399549913778
NCIH1304_LUNG	C[C@H](C1=C(C=CC(=C1Cl)F)Cl)OC2=C(N=CC(=C2)C3=CN(N=C3)C4CCNCC4)N	0.9828749543650178
NCIH1339_LUNG	C[C@H](C1=C(C=CC(=C1Cl)F)Cl)OC2=C(N=CC(=C2)C3=CN(N=C3)C4CCNCC4)N	0.2508464438316312
NCIH1355_LUNG	C[C@H](C1=C(C=CC(=C1Cl)F)Cl)OC2=C(N=CC(=C2)C3=CN(N=C3)C4CCNCC4)N	0.7180133425920113
NCIH1373_LUNG	C[C@H](C1=C(C=CC(=C1Cl)F)Cl)OC2=C(N=CC(=C2)C3=CN(N=C3)C4CCNCC4)N	0.1749638671626412
NCIH1385_LUNG	C[C@H](C1=C(C=CC(=C1Cl)F)Cl)OC2=C(N=CC(=C2)C3=CN(N=C3)C4CCNCC4)N	0.2138010379102397
NCIH1417_LUNG	C[C@H](C1=C(C=CC(=C1Cl)F)Cl)OC2=C(N=CC(=C2)C3=CN(N=C3)C4CCNCC4)N	0.8833922288147581
NCIH1435_LUNG	C[C@H](C1=C(C=CC(=C1Cl)F)Cl)OC2=C(N=CC(=C2)C3=CN(N=C3)C4CCNCC4)N	0.6169429352211289
NCIH1563_LUNG	C[C@H](C1=C(C=CC(=C1Cl)F)Cl)OC2=C(N=CC(=C2)C3=CN(N=C3)C4CCNCC4)N	0.569556820616141
NCIH1568_LUNG	C[C@H](C1=C(C=CC(=C1Cl)F)Cl)OC2=C(N=CC(=C2)C3=CN(N=C3)C4CCNCC4)N	0.5779147641598655
NCIH1573_LUNG	C[C@H](C1=C(C=CC(=C1Cl)F)Cl)OC2=C(N=CC(=C2)C3=CN(N=C3)C4CCNCC4)N	0.1829704392557349
NCIH1581_LUNG	C[C@H](C1=C(C=CC(=C1Cl)F)Cl)OC2=C(N=CC(=C2)C3=CN(N=C3)C4CCNCC4)N	0.7449491779628822
NCIH1648_LUNG	C[C@H](C1=C(C=CC(=C1Cl)F)Cl)OC2=C(N=CC(=C2)C3=CN(N=C3)C4CCNCC4)N	0.893656163896094
NCIH1650_LUNG	C[C@H](C1=C(C=CC(=C1Cl)F)Cl)OC2=C(N=CC(=C2)C3=CN(N=C3)C4CCNCC4)N	0.5529608003611011
NCIH1651_LUNG	C[C@H](C1=C(C=CC(=C1Cl)F)Cl)OC2=C(N=CC(=C2)C3=CN(N=C3)C4CCNCC4)N	0.9674465864107568
NCIH1666_LUNG	C[C@H](C1=C(C=CC(=C1Cl)F)Cl)OC2=C(N=CC(=C2)C3=CN(N=C3)C4CCNCC4)N	0.7101202882467552
NCIH1694_LUNG	C[C@H](C1=C(C=CC(=C1Cl)F)Cl)OC2=C(N=CC(=C2)C3=CN(N=C3)C4CCNCC4)N	0.6251559835163272
NCIH1703_LUNG	C[C@H](C1=C(C=CC(=C1Cl)F)Cl)OC2=C(N=CC(=C2)C3=CN(N=C3)C4CCNCC4)N	0.4010237311352203
NCIH1734_LUNG	C[C@H](C1=C(C=CC(=C1Cl)F)Cl)OC2=C(N=CC(=C2)C3=CN(N=C3)C4CCNCC4)N	0.0828507251734901
NCIH1755_LUNG	C[C@H](C1=C(C=CC(=C1Cl)F)Cl)OC2=C(N=CC(=C2)C3=CN(N=C3)C4CCNCC4)N	0.5624524924603418
NCIH1792_LUNG	C[C@H](C1=C(C=CC(=C1Cl)F)Cl)OC2=C(N=CC(=C2)C3=CN(N=C3)C4CCNCC4)N	0.5908233445049572
NCIH1836_LUNG	C[C@H](C1=C(C=CC(=C1Cl)F)Cl)OC2=C(N=CC(=C2)C3=CN(N=C3)C4CCNCC4)N	1.0290759813846675
NCIH1838_LUNG	C[C@H](C1=C(C=CC(=C1Cl)F)Cl)OC2=C(N=CC(=C2)C3=CN(N=C3)C4CCNCC4)N	0.5306328243299449
NCIH1869_LUNG	C[C@H](C1=C(C=CC(=C1Cl)F)Cl)OC2=C(N=CC(=C2)C3=CN(N=C3)C4CCNCC4)N	0.7829849997215202
NCIH1876_LUNG	C[C@H](C1=C(C=CC(=C1Cl)F)Cl)OC2=C(N=CC(=C2)C3=CN(N=C3)C4CCNCC4)N	0.95031194629538
NCIH187_LUNG	C[C@H](C1=C(C=CC(=C1Cl)F)Cl)OC2=C(N=CC(=C2)C3=CN(N=C3)C4CCNCC4)N	0.8703743082056824
NCIH1944_LUNG	C[C@H](C1=C(C=CC(=C1Cl)F)Cl)OC2=C(N=CC(=C2)C3=CN(N=C3)C4CCNCC4)N	0.5850999103825067
NCIH1963_LUNG	C[C@H](C1=C(C=CC(=C1Cl)F)Cl)OC2=C(N=CC(=C2)C3=CN(N=C3)C4CCNCC4)N	0.8655415729448664
NCIH196_LUNG	C[C@H](C1=C(C=CC(=C1Cl)F)Cl)OC2=C(N=CC(=C2)C3=CN(N=C3)C4CCNCC4)N	0.6160248308014985
NCIH1975_LUNG	C[C@H](C1=C(C=CC(=C1Cl)F)Cl)OC2=C(N=CC(=C2)C3=CN(N=C3)C4CCNCC4)N	0.6830114959512743
NCIH2009_LUNG	C[C@H](C1=C(C=CC(=C1Cl)F)Cl)OC2=C(N=CC(=C2)C3=CN(N=C3)C4CCNCC4)N	0.0943348119639989
NCIH2029_LUNG	C[C@H](C1=C(C=CC(=C1Cl)F)Cl)OC2=C(N=CC(=C2)C3=CN(N=C3)C4CCNCC4)N	0.5456098552488904
NCIH2052_PLEURA	C[C@H](C1=C(C=CC(=C1Cl)F)Cl)OC2=C(N=CC(=C2)C3=CN(N=C3)C4CCNCC4)N	0.5953795639705804
NCIH2081_LUNG	C[C@H](C1=C(C=CC(=C1Cl)F)Cl)OC2=C(N=CC(=C2)C3=CN(N=C3)C4CCNCC4)N	0.5752398103651759
NCIH2085_LUNG	C[C@H](C1=C(C=CC(=C1Cl)F)Cl)OC2=C(N=CC(=C2)C3=CN(N=C3)C4CCNCC4)N	0.5287986536696883
NCIH209_LUNG	C[C@H](C1=C(C=CC(=C1Cl)F)Cl)OC2=C(N=CC(=C2)C3=CN(N=C3)C4CCNCC4)N	0.9061331939796259
NCIH2106_LUNG	C[C@H](C1=C(C=CC(=C1Cl)F)Cl)OC2=C(N=CC(=C2)C3=CN(N=C3)C4CCNCC4)N	0.1037293279341798
NCIH2110_LUNG	C[C@H](C1=C(C=CC(=C1Cl)F)Cl)OC2=C(N=CC(=C2)C3=CN(N=C3)C4CCNCC4)N	0.1803441990666383
NCIH211_LUNG	C[C@H](C1=C(C=CC(=C1Cl)F)Cl)OC2=C(N=CC(=C2)C3=CN(N=C3)C4CCNCC4)N	0.6022896039310452
NCIH2122_LUNG	C[C@H](C1=C(C=CC(=C1Cl)F)Cl)OC2=C(N=CC(=C2)C3=CN(N=C3)C4CCNCC4)N	0.5393499995167608
NCIH2126_LUNG	C[C@H](C1=C(C=CC(=C1Cl)F)Cl)OC2=C(N=CC(=C2)C3=CN(N=C3)C4CCNCC4)N	0.2571339190581533
NCIH2135_LUNG	C[C@H](C1=C(C=CC(=C1Cl)F)Cl)OC2=C(N=CC(=C2)C3=CN(N=C3)C4CCNCC4)N	0.9947852276517902
NCIH2170_LUNG	C[C@H](C1=C(C=CC(=C1Cl)F)Cl)OC2=C(N=CC(=C2)C3=CN(N=C3)C4CCNCC4)N	0.689375308291905
NCIH2171_LUNG	C[C@H](C1=C(C=CC(=C1Cl)F)Cl)OC2=C(N=CC(=C2)C3=CN(N=C3)C4CCNCC4)N	0.8785714500268637
NCIH2196_LUNG	C[C@H](C1=C(C=CC(=C1Cl)F)Cl)OC2=C(N=CC(=C2)C3=CN(N=C3)C4CCNCC4)N	0.6596802905328976
NCIH2227_LUNG	C[C@H](C1=C(C=CC(=C1Cl)F)Cl)OC2=C(N=CC(=C2)C3=CN(N=C3)C4CCNCC4)N	1.0524438273293537
NCIH226_LUNG	C[C@H](C1=C(C=CC(=C1Cl)F)Cl)OC2=C(N=CC(=C2)C3=CN(N=C3)C4CCNCC4)N	0.7135801306334972
NCIH2286_LUNG	C[C@H](C1=C(C=CC(=C1Cl)F)Cl)OC2=C(N=CC(=C2)C3=CN(N=C3)C4CCNCC4)N	0.1651557036576866
NCIH2342_LUNG	C[C@H](C1=C(C=CC(=C1Cl)F)Cl)OC2=C(N=CC(=C2)C3=CN(N=C3)C4CCNCC4)N	0.2336090316373223
NCIH2373_PLEURA	C[C@H](C1=C(C=CC(=C1Cl)F)Cl)OC2=C(N=CC(=C2)C3=CN(N=C3)C4CCNCC4)N	0.9460002676004546
NCIH23_LUNG	C[C@H](C1=C(C=CC(=C1Cl)F)Cl)OC2=C(N=CC(=C2)C3=CN(N=C3)C4CCNCC4)N	0.7150789221340962
NCIH2444_LUNG	C[C@H](C1=C(C=CC(=C1Cl)F)Cl)OC2=C(N=CC(=C2)C3=CN(N=C3)C4CCNCC4)N	0.5344951731923145
NCIH2461_PLEURA	C[C@H](C1=C(C=CC(=C1Cl)F)Cl)OC2=C(N=CC(=C2)C3=CN(N=C3)C4CCNCC4)N	0.7445252072883654
NCIH250_LUNG	C[C@H](C1=C(C=CC(=C1Cl)F)Cl)OC2=C(N=CC(=C2)C3=CN(N=C3)C4CCNCC4)N	1.1283015321621583
NCIH2591_PLEURA	C[C@H](C1=C(C=CC(=C1Cl)F)Cl)OC2=C(N=CC(=C2)C3=CN(N=C3)C4CCNCC4)N	1.0626365477259063
NCIH2595_PLEURA	C[C@H](C1=C(C=CC(=C1Cl)F)Cl)OC2=C(N=CC(=C2)C3=CN(N=C3)C4CCNCC4)N	0.884629076463787
NCIH2722_PLEURA	C[C@H](C1=C(C=CC(=C1Cl)F)Cl)OC2=C(N=CC(=C2)C3=CN(N=C3)C4CCNCC4)N	0.9362794349071164
NCIH2731_PLEURA	C[C@H](C1=C(C=CC(=C1Cl)F)Cl)OC2=C(N=CC(=C2)C3=CN(N=C3)C4CCNCC4)N	0.8209765265663347
NCIH2795_PLEURA	C[C@H](C1=C(C=CC(=C1Cl)F)Cl)OC2=C(N=CC(=C2)C3=CN(N=C3)C4CCNCC4)N	0.883720671704561
NCIH2803_PLEURA	C[C@H](C1=C(C=CC(=C1Cl)F)Cl)OC2=C(N=CC(=C2)C3=CN(N=C3)C4CCNCC4)N	0.9869310875714484
NCIH2804_PLEURA	C[C@H](C1=C(C=CC(=C1Cl)F)Cl)OC2=C(N=CC(=C2)C3=CN(N=C3)C4CCNCC4)N	0.9034012324630676
NCIH2810_PLEURA	C[C@H](C1=C(C=CC(=C1Cl)F)Cl)OC2=C(N=CC(=C2)C3=CN(N=C3)C4CCNCC4)N	0.9032299173708456
NCIH2869_PLEURA	C[C@H](C1=C(C=CC(=C1Cl)F)Cl)OC2=C(N=CC(=C2)C3=CN(N=C3)C4CCNCC4)N	0.8374964418280078
NCIH28_PLEURA	C[C@H](C1=C(C=CC(=C1Cl)F)Cl)OC2=C(N=CC(=C2)C3=CN(N=C3)C4CCNCC4)N	0.48169161027008195
NCIH292_LUNG	C[C@H](C1=C(C=CC(=C1Cl)F)Cl)OC2=C(N=CC(=C2)C3=CN(N=C3)C4CCNCC4)N	0.1251269784690445
NCIH322_LUNG	C[C@H](C1=C(C=CC(=C1Cl)F)Cl)OC2=C(N=CC(=C2)C3=CN(N=C3)C4CCNCC4)N	0.3575335055607745
NCIH3255_LUNG	C[C@H](C1=C(C=CC(=C1Cl)F)Cl)OC2=C(N=CC(=C2)C3=CN(N=C3)C4CCNCC4)N	1.0083330559369283
NCIH345_LUNG	C[C@H](C1=C(C=CC(=C1Cl)F)Cl)OC2=C(N=CC(=C2)C3=CN(N=C3)C4CCNCC4)N	1.0376852283070674
NCIH358_LUNG	C[C@H](C1=C(C=CC(=C1Cl)F)Cl)OC2=C(N=CC(=C2)C3=CN(N=C3)C4CCNCC4)N	0.5603614095593255
NCIH441_LUNG	C[C@H](C1=C(C=CC(=C1Cl)F)Cl)OC2=C(N=CC(=C2)C3=CN(N=C3)C4CCNCC4)N	0.5704022317961595
NCIH446_LUNG	C[C@H](C1=C(C=CC(=C1Cl)F)Cl)OC2=C(N=CC(=C2)C3=CN(N=C3)C4CCNCC4)N	0.5781716043465931
NCIH460_LUNG	C[C@H](C1=C(C=CC(=C1Cl)F)Cl)OC2=C(N=CC(=C2)C3=CN(N=C3)C4CCNCC4)N	0.2376341350116669
NCIH508_LARGE_INTESTINE	C[C@H](C1=C(C=CC(=C1Cl)F)Cl)OC2=C(N=CC(=C2)C3=CN(N=C3)C4CCNCC4)N	0.3301942942611763
NCIH520_LUNG	C[C@H](C1=C(C=CC(=C1Cl)F)Cl)OC2=C(N=CC(=C2)C3=CN(N=C3)C4CCNCC4)N	0.5657544895784379
NCIH522_LUNG	C[C@H](C1=C(C=CC(=C1Cl)F)Cl)OC2=C(N=CC(=C2)C3=CN(N=C3)C4CCNCC4)N	0.617351399188549
NCIH524_LUNG	C[C@H](C1=C(C=CC(=C1Cl)F)Cl)OC2=C(N=CC(=C2)C3=CN(N=C3)C4CCNCC4)N	0.8873861149833324
NCIH526_LUNG	C[C@H](C1=C(C=CC(=C1Cl)F)Cl)OC2=C(N=CC(=C2)C3=CN(N=C3)C4CCNCC4)N	0.6718866848855344
NCIH647_LUNG	C[C@H](C1=C(C=CC(=C1Cl)F)Cl)OC2=C(N=CC(=C2)C3=CN(N=C3)C4CCNCC4)N	0.1336725268947544
NCIH64_LUNG	C[C@H](C1=C(C=CC(=C1Cl)F)Cl)OC2=C(N=CC(=C2)C3=CN(N=C3)C4CCNCC4)N	0.9391296525624724
NCIH650_LUNG	C[C@H](C1=C(C=CC(=C1Cl)F)Cl)OC2=C(N=CC(=C2)C3=CN(N=C3)C4CCNCC4)N	0.5156894229446842
NCIH661_LUNG	C[C@H](C1=C(C=CC(=C1Cl)F)Cl)OC2=C(N=CC(=C2)C3=CN(N=C3)C4CCNCC4)N	0.5755528964679999
NCIH69_LUNG	C[C@H](C1=C(C=CC(=C1Cl)F)Cl)OC2=C(N=CC(=C2)C3=CN(N=C3)C4CCNCC4)N	0.5162976915773599
NCIH716_LARGE_INTESTINE	C[C@H](C1=C(C=CC(=C1Cl)F)Cl)OC2=C(N=CC(=C2)C3=CN(N=C3)C4CCNCC4)N	0.4936456876720932
NCIH727_LUNG	C[C@H](C1=C(C=CC(=C1Cl)F)Cl)OC2=C(N=CC(=C2)C3=CN(N=C3)C4CCNCC4)N	0.5235027442850846
NCIH747_LARGE_INTESTINE	C[C@H](C1=C(C=CC(=C1Cl)F)Cl)OC2=C(N=CC(=C2)C3=CN(N=C3)C4CCNCC4)N	0.5654801701669787
NCIH810_LUNG	C[C@H](C1=C(C=CC(=C1Cl)F)Cl)OC2=C(N=CC(=C2)C3=CN(N=C3)C4CCNCC4)N	0.5115155161144702
NCIH838_LUNG	C[C@H](C1=C(C=CC(=C1Cl)F)Cl)OC2=C(N=CC(=C2)C3=CN(N=C3)C4CCNCC4)N	0.4765930086671918
NCIH847_LUNG	C[C@H](C1=C(C=CC(=C1Cl)F)Cl)OC2=C(N=CC(=C2)C3=CN(N=C3)C4CCNCC4)N	0.8818539754145485
NCIH889_LUNG	C[C@H](C1=C(C=CC(=C1Cl)F)Cl)OC2=C(N=CC(=C2)C3=CN(N=C3)C4CCNCC4)N	0.2009439276190187
NCIN87_STOMACH	C[C@H](C1=C(C=CC(=C1Cl)F)Cl)OC2=C(N=CC(=C2)C3=CN(N=C3)C4CCNCC4)N	0.5724539319267843
NCO2_HAEMATOPOIETIC_AND_LYMPHOID_TISSUE	C[C@H](C1=C(C=CC(=C1Cl)F)Cl)OC2=C(N=CC(=C2)C3=CN(N=C3)C4CCNCC4)N	0.0224107402497045
NEC8_TESTIS	C[C@H](C1=C(C=CC(=C1Cl)F)Cl)OC2=C(N=CC(=C2)C3=CN(N=C3)C4CCNCC4)N	0.8650397940258714
NH12_AUTONOMIC_GANGLIA	C[C@H](C1=C(C=CC(=C1Cl)F)Cl)OC2=C(N=CC(=C2)C3=CN(N=C3)C4CCNCC4)N	0.9531150900111782
NH6_AUTONOMIC_GANGLIA	C[C@H](C1=C(C=CC(=C1Cl)F)Cl)OC2=C(N=CC(=C2)C3=CN(N=C3)C4CCNCC4)N	0.0975229385114249
NIHOVCAR3_OVARY	C[C@H](C1=C(C=CC(=C1Cl)F)Cl)OC2=C(N=CC(=C2)C3=CN(N=C3)C4CCNCC4)N	0.9960990401940976
NK92MI_HAEMATOPOIETIC_AND_LYMPHOID_TISSUE	C[C@H](C1=C(C=CC(=C1Cl)F)Cl)OC2=C(N=CC(=C2)C3=CN(N=C3)C4CCNCC4)N	0.7350210653478799
NMCG1_CENTRAL_NERVOUS_SYSTEM	C[C@H](C1=C(C=CC(=C1Cl)F)Cl)OC2=C(N=CC(=C2)C3=CN(N=C3)C4CCNCC4)N	0.5848808286712646
NO10_CENTRAL_NERVOUS_SYSTEM	C[C@H](C1=C(C=CC(=C1Cl)F)Cl)OC2=C(N=CC(=C2)C3=CN(N=C3)C4CCNCC4)N	1.2021922478048457
NO11_CENTRAL_NERVOUS_SYSTEM	C[C@H](C1=C(C=CC(=C1Cl)F)Cl)OC2=C(N=CC(=C2)C3=CN(N=C3)C4CCNCC4)N	0.954872608778432
NOMO1_HAEMATOPOIETIC_AND_LYMPHOID_TISSUE	C[C@H](C1=C(C=CC(=C1Cl)F)Cl)OC2=C(N=CC(=C2)C3=CN(N=C3)C4CCNCC4)N	0.6741437446608952
NOS1_BONE	C[C@H](C1=C(C=CC(=C1Cl)F)Cl)OC2=C(N=CC(=C2)C3=CN(N=C3)C4CCNCC4)N	0.9523956952915982
NTERA2CLD1_TESTIS	C[C@H](C1=C(C=CC(=C1Cl)F)Cl)OC2=C(N=CC(=C2)C3=CN(N=C3)C4CCNCC4)N	0.8793029476891283
NUDUL1_HAEMATOPOIETIC_AND_LYMPHOID_TISSUE	C[C@H](C1=C(C=CC(=C1Cl)F)Cl)OC2=C(N=CC(=C2)C3=CN(N=C3)C4CCNCC4)N	0.46565780651122435
NUGC3_STOMACH	C[C@H](C1=C(C=CC(=C1Cl)F)Cl)OC2=C(N=CC(=C2)C3=CN(N=C3)C4CCNCC4)N	0.6895396461027058
NUGC4_STOMACH	C[C@H](C1=C(C=CC(=C1Cl)F)Cl)OC2=C(N=CC(=C2)C3=CN(N=C3)C4CCNCC4)N	0.452940099316801
NY_BONE	C[C@H](C1=C(C=CC(=C1Cl)F)Cl)OC2=C(N=CC(=C2)C3=CN(N=C3)C4CCNCC4)N	0.980720495252134
OACM51_OESOPHAGUS	C[C@H](C1=C(C=CC(=C1Cl)F)Cl)OC2=C(N=CC(=C2)C3=CN(N=C3)C4CCNCC4)N	0.9869599841208484
OACP4C_OESOPHAGUS	C[C@H](C1=C(C=CC(=C1Cl)F)Cl)OC2=C(N=CC(=C2)C3=CN(N=C3)C4CCNCC4)N	1.115400003800337
OAW28_OVARY	C[C@H](C1=C(C=CC(=C1Cl)F)Cl)OC2=C(N=CC(=C2)C3=CN(N=C3)C4CCNCC4)N	0.5757774626621963
OAW42_OVARY	C[C@H](C1=C(C=CC(=C1Cl)F)Cl)OC2=C(N=CC(=C2)C3=CN(N=C3)C4CCNCC4)N	0.6767433249808058
OCIAML2_HAEMATOPOIETIC_AND_LYMPHOID_TISSUE	C[C@H](C1=C(C=CC(=C1Cl)F)Cl)OC2=C(N=CC(=C2)C3=CN(N=C3)C4CCNCC4)N	0.6150119759809204
OCIAML3_HAEMATOPOIETIC_AND_LYMPHOID_TISSUE	C[C@H](C1=C(C=CC(=C1Cl)F)Cl)OC2=C(N=CC(=C2)C3=CN(N=C3)C4CCNCC4)N	0.6424812089442503
OCIAML5_HAEMATOPOIETIC_AND_LYMPHOID_TISSUE	C[C@H](C1=C(C=CC(=C1Cl)F)Cl)OC2=C(N=CC(=C2)C3=CN(N=C3)C4CCNCC4)N	0.5824034344867245
OCILY19_HAEMATOPOIETIC_AND_LYMPHOID_TISSUE	C[C@H](C1=C(C=CC(=C1Cl)F)Cl)OC2=C(N=CC(=C2)C3=CN(N=C3)C4CCNCC4)N	0.4861722004626162
OCILY3_HAEMATOPOIETIC_AND_LYMPHOID_TISSUE	C[C@H](C1=C(C=CC(=C1Cl)F)Cl)OC2=C(N=CC(=C2)C3=CN(N=C3)C4CCNCC4)N	0.2996724090123943
OCUBM_BREAST	C[C@H](C1=C(C=CC(=C1Cl)F)Cl)OC2=C(N=CC(=C2)C3=CN(N=C3)C4CCNCC4)N	0.8589452846288697
OCUM1_STOMACH	C[C@H](C1=C(C=CC(=C1Cl)F)Cl)OC2=C(N=CC(=C2)C3=CN(N=C3)C4CCNCC4)N	0.9937455137268322
OE19_OESOPHAGUS	C[C@H](C1=C(C=CC(=C1Cl)F)Cl)OC2=C(N=CC(=C2)C3=CN(N=C3)C4CCNCC4)N	0.6465450593760075
OE33_OESOPHAGUS	C[C@H](C1=C(C=CC(=C1Cl)F)Cl)OC2=C(N=CC(=C2)C3=CN(N=C3)C4CCNCC4)N	0.46251129338803254
OMC1_CERVIX	C[C@H](C1=C(C=CC(=C1Cl)F)Cl)OC2=C(N=CC(=C2)C3=CN(N=C3)C4CCNCC4)N	1.053801804158385
ONCODG1_OVARY	C[C@H](C1=C(C=CC(=C1Cl)F)Cl)OC2=C(N=CC(=C2)C3=CN(N=C3)C4CCNCC4)N	0.2003329515288342
ONS76_CENTRAL_NERVOUS_SYSTEM	C[C@H](C1=C(C=CC(=C1Cl)F)Cl)OC2=C(N=CC(=C2)C3=CN(N=C3)C4CCNCC4)N	0.6336577222922652
OSC20_UPPER_AERODIGESTIVE_TRACT	C[C@H](C1=C(C=CC(=C1Cl)F)Cl)OC2=C(N=CC(=C2)C3=CN(N=C3)C4CCNCC4)N	0.9733476630977722
OSRC2_KIDNEY	C[C@H](C1=C(C=CC(=C1Cl)F)Cl)OC2=C(N=CC(=C2)C3=CN(N=C3)C4CCNCC4)N	0.6747271993955462
OUMS23_LARGE_INTESTINE	C[C@H](C1=C(C=CC(=C1Cl)F)Cl)OC2=C(N=CC(=C2)C3=CN(N=C3)C4CCNCC4)N	0.1450246718839964
OV56_OVARY	C[C@H](C1=C(C=CC(=C1Cl)F)Cl)OC2=C(N=CC(=C2)C3=CN(N=C3)C4CCNCC4)N	0.675754788160067
OV7_OVARY	C[C@H](C1=C(C=CC(=C1Cl)F)Cl)OC2=C(N=CC(=C2)C3=CN(N=C3)C4CCNCC4)N	0.1405594921058214
OV90_OVARY	C[C@H](C1=C(C=CC(=C1Cl)F)Cl)OC2=C(N=CC(=C2)C3=CN(N=C3)C4CCNCC4)N	0.5945740641767497
OVCAR4_OVARY	C[C@H](C1=C(C=CC(=C1Cl)F)Cl)OC2=C(N=CC(=C2)C3=CN(N=C3)C4CCNCC4)N	0.7674343417580607
OVCAR5_OVARY	C[C@H](C1=C(C=CC(=C1Cl)F)Cl)OC2=C(N=CC(=C2)C3=CN(N=C3)C4CCNCC4)N	0.5066026353704841
OVCAR8_OVARY	C[C@H](C1=C(C=CC(=C1Cl)F)Cl)OC2=C(N=CC(=C2)C3=CN(N=C3)C4CCNCC4)N	0.6356184138581035
OVISE_OVARY	C[C@H](C1=C(C=CC(=C1Cl)F)Cl)OC2=C(N=CC(=C2)C3=CN(N=C3)C4CCNCC4)N	0.6251234439675497
OVK18_OVARY	C[C@H](C1=C(C=CC(=C1Cl)F)Cl)OC2=C(N=CC(=C2)C3=CN(N=C3)C4CCNCC4)N	0.5509423689306273
OVMIU_OVARY	C[C@H](C1=C(C=CC(=C1Cl)F)Cl)OC2=C(N=CC(=C2)C3=CN(N=C3)C4CCNCC4)N	0.9120846443285489
OVSAHO_OVARY	C[C@H](C1=C(C=CC(=C1Cl)F)Cl)OC2=C(N=CC(=C2)C3=CN(N=C3)C4CCNCC4)N	0.2027186918542986
P12ICHIKAWA_HAEMATOPOIETIC_AND_LYMPHOID_TISSUE	C[C@H](C1=C(C=CC(=C1Cl)F)Cl)OC2=C(N=CC(=C2)C3=CN(N=C3)C4CCNCC4)N	0.44987068363552474
P30OHK_HAEMATOPOIETIC_AND_LYMPHOID_TISSUE	C[C@H](C1=C(C=CC(=C1Cl)F)Cl)OC2=C(N=CC(=C2)C3=CN(N=C3)C4CCNCC4)N	0.9191386497920395
P31FUJ_HAEMATOPOIETIC_AND_LYMPHOID_TISSUE	C[C@H](C1=C(C=CC(=C1Cl)F)Cl)OC2=C(N=CC(=C2)C3=CN(N=C3)C4CCNCC4)N	0.5109015523036415
P32ISH_HAEMATOPOIETIC_AND_LYMPHOID_TISSUE	C[C@H](C1=C(C=CC(=C1Cl)F)Cl)OC2=C(N=CC(=C2)C3=CN(N=C3)C4CCNCC4)N	0.8154735852957591
P3HR1_HAEMATOPOIETIC_AND_LYMPHOID_TISSUE	C[C@H](C1=C(C=CC(=C1Cl)F)Cl)OC2=C(N=CC(=C2)C3=CN(N=C3)C4CCNCC4)N	0.3557835570774871
PANC0327_PANCREAS	C[C@H](C1=C(C=CC(=C1Cl)F)Cl)OC2=C(N=CC(=C2)C3=CN(N=C3)C4CCNCC4)N	0.131358257068396
PANC0403_PANCREAS	C[C@H](C1=C(C=CC(=C1Cl)F)Cl)OC2=C(N=CC(=C2)C3=CN(N=C3)C4CCNCC4)N	0.2163849824237098
PANC0504_PANCREAS	C[C@H](C1=C(C=CC(=C1Cl)F)Cl)OC2=C(N=CC(=C2)C3=CN(N=C3)C4CCNCC4)N	0.2820037504166792
PANC1005_PANCREAS	C[C@H](C1=C(C=CC(=C1Cl)F)Cl)OC2=C(N=CC(=C2)C3=CN(N=C3)C4CCNCC4)N	0.5237485524576713
PATU8902_PANCREAS	C[C@H](C1=C(C=CC(=C1Cl)F)Cl)OC2=C(N=CC(=C2)C3=CN(N=C3)C4CCNCC4)N	0.5261810099659571
PATU8988S_PANCREAS	C[C@H](C1=C(C=CC(=C1Cl)F)Cl)OC2=C(N=CC(=C2)C3=CN(N=C3)C4CCNCC4)N	0.1586489166338374
PC14_LUNG	C[C@H](C1=C(C=CC(=C1Cl)F)Cl)OC2=C(N=CC(=C2)C3=CN(N=C3)C4CCNCC4)N	0.5255878768238796
PCI4B_UPPER_AERODIGESTIVE_TRACT	C[C@H](C1=C(C=CC(=C1Cl)F)Cl)OC2=C(N=CC(=C2)C3=CN(N=C3)C4CCNCC4)N	0.9787663506989868
PECAPJ34CLONEC12_UPPER_AERODIGESTIVE_TRACT	C[C@H](C1=C(C=CC(=C1Cl)F)Cl)OC2=C(N=CC(=C2)C3=CN(N=C3)C4CCNCC4)N	0.2693054357707809
PECAPJ49_UPPER_AERODIGESTIVE_TRACT	C[C@H](C1=C(C=CC(=C1Cl)F)Cl)OC2=C(N=CC(=C2)C3=CN(N=C3)C4CCNCC4)N	0.1233392792205824
PEER_HAEMATOPOIETIC_AND_LYMPHOID_TISSUE	C[C@H](C1=C(C=CC(=C1Cl)F)Cl)OC2=C(N=CC(=C2)C3=CN(N=C3)C4CCNCC4)N	0.0422468529349374
PF382_HAEMATOPOIETIC_AND_LYMPHOID_TISSUE	C[C@H](C1=C(C=CC(=C1Cl)F)Cl)OC2=C(N=CC(=C2)C3=CN(N=C3)C4CCNCC4)N	0.6345571517957768
PFEIFFER_HAEMATOPOIETIC_AND_LYMPHOID_TISSUE	C[C@H](C1=C(C=CC(=C1Cl)F)Cl)OC2=C(N=CC(=C2)C3=CN(N=C3)C4CCNCC4)N	0.1033659688172368
PFSK1_CENTRAL_NERVOUS_SYSTEM	C[C@H](C1=C(C=CC(=C1Cl)F)Cl)OC2=C(N=CC(=C2)C3=CN(N=C3)C4CCNCC4)N	0.8358338675337275
PK1_PANCREAS	C[C@H](C1=C(C=CC(=C1Cl)F)Cl)OC2=C(N=CC(=C2)C3=CN(N=C3)C4CCNCC4)N	0.5137828280501848
PK45H_PANCREAS	C[C@H](C1=C(C=CC(=C1Cl)F)Cl)OC2=C(N=CC(=C2)C3=CN(N=C3)C4CCNCC4)N	0.3946678495666403
PK59_PANCREAS	C[C@H](C1=C(C=CC(=C1Cl)F)Cl)OC2=C(N=CC(=C2)C3=CN(N=C3)C4CCNCC4)N	0.1466682538107215
PL21_HAEMATOPOIETIC_AND_LYMPHOID_TISSUE	C[C@H](C1=C(C=CC(=C1Cl)F)Cl)OC2=C(N=CC(=C2)C3=CN(N=C3)C4CCNCC4)N	0.4143695600262796
PLCPRF5_LIVER	C[C@H](C1=C(C=CC(=C1Cl)F)Cl)OC2=C(N=CC(=C2)C3=CN(N=C3)C4CCNCC4)N	0.3540367708112367
PWR1E_PROSTATE	C[C@H](C1=C(C=CC(=C1Cl)F)Cl)OC2=C(N=CC(=C2)C3=CN(N=C3)C4CCNCC4)N	1.139335375814903
QIMRWIL_HAEMATOPOIETIC_AND_LYMPHOID_TISSUE	C[C@H](C1=C(C=CC(=C1Cl)F)Cl)OC2=C(N=CC(=C2)C3=CN(N=C3)C4CCNCC4)N	0.9600179210850044
RAJI_HAEMATOPOIETIC_AND_LYMPHOID_TISSUE	C[C@H](C1=C(C=CC(=C1Cl)F)Cl)OC2=C(N=CC(=C2)C3=CN(N=C3)C4CCNCC4)N	0.7087557272538784
RCCJW_KIDNEY	C[C@H](C1=C(C=CC(=C1Cl)F)Cl)OC2=C(N=CC(=C2)C3=CN(N=C3)C4CCNCC4)N	0.9346283393785156
RCHACV_HAEMATOPOIETIC_AND_LYMPHOID_TISSUE	C[C@H](C1=C(C=CC(=C1Cl)F)Cl)OC2=C(N=CC(=C2)C3=CN(N=C3)C4CCNCC4)N	0.0892292501287917
RCM1_LARGE_INTESTINE	C[C@H](C1=C(C=CC(=C1Cl)F)Cl)OC2=C(N=CC(=C2)C3=CN(N=C3)C4CCNCC4)N	0.4531806607181405
RD_SOFT_TISSUE	C[C@H](C1=C(C=CC(=C1Cl)F)Cl)OC2=C(N=CC(=C2)C3=CN(N=C3)C4CCNCC4)N	0.5563246526423985
REC1_HAEMATOPOIETIC_AND_LYMPHOID_TISSUE	C[C@H](C1=C(C=CC(=C1Cl)F)Cl)OC2=C(N=CC(=C2)C3=CN(N=C3)C4CCNCC4)N	0.3994802074305281
REH_HAEMATOPOIETIC_AND_LYMPHOID_TISSUE	C[C@H](C1=C(C=CC(=C1Cl)F)Cl)OC2=C(N=CC(=C2)C3=CN(N=C3)C4CCNCC4)N	0.6708559667845764
RERFGC1B_STOMACH	C[C@H](C1=C(C=CC(=C1Cl)F)Cl)OC2=C(N=CC(=C2)C3=CN(N=C3)C4CCNCC4)N	1.117780918846164
RERFLCAD1_LUNG	C[C@H](C1=C(C=CC(=C1Cl)F)Cl)OC2=C(N=CC(=C2)C3=CN(N=C3)C4CCNCC4)N	0.2296494611200339
RERFLCAD2_LUNG	C[C@H](C1=C(C=CC(=C1Cl)F)Cl)OC2=C(N=CC(=C2)C3=CN(N=C3)C4CCNCC4)N	0.3776246522516515
RERFLCAI_LUNG	C[C@H](C1=C(C=CC(=C1Cl)F)Cl)OC2=C(N=CC(=C2)C3=CN(N=C3)C4CCNCC4)N	0.1691138483741931
RERFLCKJ_LUNG	C[C@H](C1=C(C=CC(=C1Cl)F)Cl)OC2=C(N=CC(=C2)C3=CN(N=C3)C4CCNCC4)N	0.9873432129326372
RERFLCMS_LUNG	C[C@H](C1=C(C=CC(=C1Cl)F)Cl)OC2=C(N=CC(=C2)C3=CN(N=C3)C4CCNCC4)N	0.1981422805236522
RF48_HAEMATOPOIETIC_AND_LYMPHOID_TISSUE	C[C@H](C1=C(C=CC(=C1Cl)F)Cl)OC2=C(N=CC(=C2)C3=CN(N=C3)C4CCNCC4)N	0.9164125127048119
RH30_SOFT_TISSUE	C[C@H](C1=C(C=CC(=C1Cl)F)Cl)OC2=C(N=CC(=C2)C3=CN(N=C3)C4CCNCC4)N	0.0657504854692566
RH41_SOFT_TISSUE	C[C@H](C1=C(C=CC(=C1Cl)F)Cl)OC2=C(N=CC(=C2)C3=CN(N=C3)C4CCNCC4)N	0.49495497882985384
RI1_HAEMATOPOIETIC_AND_LYMPHOID_TISSUE	C[C@H](C1=C(C=CC(=C1Cl)F)Cl)OC2=C(N=CC(=C2)C3=CN(N=C3)C4CCNCC4)N	0.1576603527379617
RKN_SOFT_TISSUE	C[C@H](C1=C(C=CC(=C1Cl)F)Cl)OC2=C(N=CC(=C2)C3=CN(N=C3)C4CCNCC4)N	0.5833908050891998
RL952_ENDOMETRIUM	C[C@H](C1=C(C=CC(=C1Cl)F)Cl)OC2=C(N=CC(=C2)C3=CN(N=C3)C4CCNCC4)N	0.6395590666461212
RO82W1_THYROID	C[C@H](C1=C(C=CC(=C1Cl)F)Cl)OC2=C(N=CC(=C2)C3=CN(N=C3)C4CCNCC4)N	0.8948648693050756
ROS50_HAEMATOPOIETIC_AND_LYMPHOID_TISSUE	C[C@H](C1=C(C=CC(=C1Cl)F)Cl)OC2=C(N=CC(=C2)C3=CN(N=C3)C4CCNCC4)N	0.8917512422858087
RPMI6666_HAEMATOPOIETIC_AND_LYMPHOID_TISSUE	C[C@H](C1=C(C=CC(=C1Cl)F)Cl)OC2=C(N=CC(=C2)C3=CN(N=C3)C4CCNCC4)N	0.6250198531304485
RPMI7951_SKIN	C[C@H](C1=C(C=CC(=C1Cl)F)Cl)OC2=C(N=CC(=C2)C3=CN(N=C3)C4CCNCC4)N	0.91832487852097
RPMI8866_HAEMATOPOIETIC_AND_LYMPHOID_TISSUE	C[C@H](C1=C(C=CC(=C1Cl)F)Cl)OC2=C(N=CC(=C2)C3=CN(N=C3)C4CCNCC4)N	0.8758857349093936
RT112_URINARY_TRACT	C[C@H](C1=C(C=CC(=C1Cl)F)Cl)OC2=C(N=CC(=C2)C3=CN(N=C3)C4CCNCC4)N	0.5367244531980827
RT4_URINARY_TRACT	C[C@H](C1=C(C=CC(=C1Cl)F)Cl)OC2=C(N=CC(=C2)C3=CN(N=C3)C4CCNCC4)N	0.6224698290145507
RVH421_SKIN	C[C@H](C1=C(C=CC(=C1Cl)F)Cl)OC2=C(N=CC(=C2)C3=CN(N=C3)C4CCNCC4)N	0.1402531444892269
RXF393_KIDNEY	C[C@H](C1=C(C=CC(=C1Cl)F)Cl)OC2=C(N=CC(=C2)C3=CN(N=C3)C4CCNCC4)N	0.951793099313051
SAOS2_BONE	C[C@H](C1=C(C=CC(=C1Cl)F)Cl)OC2=C(N=CC(=C2)C3=CN(N=C3)C4CCNCC4)N	0.5278692656325786
SAS_UPPER_AERODIGESTIVE_TRACT	C[C@H](C1=C(C=CC(=C1Cl)F)Cl)OC2=C(N=CC(=C2)C3=CN(N=C3)C4CCNCC4)N	0.9156767784481404
SAT_UPPER_AERODIGESTIVE_TRACT	C[C@H](C1=C(C=CC(=C1Cl)F)Cl)OC2=C(N=CC(=C2)C3=CN(N=C3)C4CCNCC4)N	0.9667946014410476
SBC1_LUNG	C[C@H](C1=C(C=CC(=C1Cl)F)Cl)OC2=C(N=CC(=C2)C3=CN(N=C3)C4CCNCC4)N	0.8034588867906428
SBC3_LUNG	C[C@H](C1=C(C=CC(=C1Cl)F)Cl)OC2=C(N=CC(=C2)C3=CN(N=C3)C4CCNCC4)N	0.8641483460509557
SBC5_LUNG	C[C@H](C1=C(C=CC(=C1Cl)F)Cl)OC2=C(N=CC(=C2)C3=CN(N=C3)C4CCNCC4)N	0.5853274393369023
SCABER_URINARY_TRACT	C[C@H](C1=C(C=CC(=C1Cl)F)Cl)OC2=C(N=CC(=C2)C3=CN(N=C3)C4CCNCC4)N	0.2500967274008303
SCC25_UPPER_AERODIGESTIVE_TRACT	C[C@H](C1=C(C=CC(=C1Cl)F)Cl)OC2=C(N=CC(=C2)C3=CN(N=C3)C4CCNCC4)N	0.1319783794205885
SCC3_HAEMATOPOIETIC_AND_LYMPHOID_TISSUE	C[C@H](C1=C(C=CC(=C1Cl)F)Cl)OC2=C(N=CC(=C2)C3=CN(N=C3)C4CCNCC4)N	0.45306722661294885
SCC4_UPPER_AERODIGESTIVE_TRACT	C[C@H](C1=C(C=CC(=C1Cl)F)Cl)OC2=C(N=CC(=C2)C3=CN(N=C3)C4CCNCC4)N	1.0432210869175895
SCC9_UPPER_AERODIGESTIVE_TRACT	C[C@H](C1=C(C=CC(=C1Cl)F)Cl)OC2=C(N=CC(=C2)C3=CN(N=C3)C4CCNCC4)N	0.6110403645040552
SEM_HAEMATOPOIETIC_AND_LYMPHOID_TISSUE	C[C@H](C1=C(C=CC(=C1Cl)F)Cl)OC2=C(N=CC(=C2)C3=CN(N=C3)C4CCNCC4)N	0.0329819190733052
SET2_HAEMATOPOIETIC_AND_LYMPHOID_TISSUE	C[C@H](C1=C(C=CC(=C1Cl)F)Cl)OC2=C(N=CC(=C2)C3=CN(N=C3)C4CCNCC4)N	0.0503156065335313
SF126_CENTRAL_NERVOUS_SYSTEM	C[C@H](C1=C(C=CC(=C1Cl)F)Cl)OC2=C(N=CC(=C2)C3=CN(N=C3)C4CCNCC4)N	0.5906099704768399
SF268_CENTRAL_NERVOUS_SYSTEM	C[C@H](C1=C(C=CC(=C1Cl)F)Cl)OC2=C(N=CC(=C2)C3=CN(N=C3)C4CCNCC4)N	0.7084290544578081
SF539_CENTRAL_NERVOUS_SYSTEM	C[C@H](C1=C(C=CC(=C1Cl)F)Cl)OC2=C(N=CC(=C2)C3=CN(N=C3)C4CCNCC4)N	0.42057351904917173
SHP77_LUNG	C[C@H](C1=C(C=CC(=C1Cl)F)Cl)OC2=C(N=CC(=C2)C3=CN(N=C3)C4CCNCC4)N	0.6218379510386645
SIGM5_HAEMATOPOIETIC_AND_LYMPHOID_TISSUE	C[C@H](C1=C(C=CC(=C1Cl)F)Cl)OC2=C(N=CC(=C2)C3=CN(N=C3)C4CCNCC4)N	0.49725657469913975
SIHA_CERVIX	C[C@H](C1=C(C=CC(=C1Cl)F)Cl)OC2=C(N=CC(=C2)C3=CN(N=C3)C4CCNCC4)N	0.987453155155874
SISO_CERVIX	C[C@H](C1=C(C=CC(=C1Cl)F)Cl)OC2=C(N=CC(=C2)C3=CN(N=C3)C4CCNCC4)N	0.9205542844531036
SJSA1_BONE	C[C@H](C1=C(C=CC(=C1Cl)F)Cl)OC2=C(N=CC(=C2)C3=CN(N=C3)C4CCNCC4)N	0.6034527989229845
SKGT2_STOMACH	C[C@H](C1=C(C=CC(=C1Cl)F)Cl)OC2=C(N=CC(=C2)C3=CN(N=C3)C4CCNCC4)N	0.9446271358436934
SKGT4_OESOPHAGUS	C[C@H](C1=C(C=CC(=C1Cl)F)Cl)OC2=C(N=CC(=C2)C3=CN(N=C3)C4CCNCC4)N	1.0151478509476557
SKHEP1_LIVER	C[C@H](C1=C(C=CC(=C1Cl)F)Cl)OC2=C(N=CC(=C2)C3=CN(N=C3)C4CCNCC4)N	0.6302210957337068
SKLMS1_SOFT_TISSUE	C[C@H](C1=C(C=CC(=C1Cl)F)Cl)OC2=C(N=CC(=C2)C3=CN(N=C3)C4CCNCC4)N	0.6089373010035694
SKLU1_LUNG	C[C@H](C1=C(C=CC(=C1Cl)F)Cl)OC2=C(N=CC(=C2)C3=CN(N=C3)C4CCNCC4)N	0.5276966315149445
SKMEL1_SKIN	C[C@H](C1=C(C=CC(=C1Cl)F)Cl)OC2=C(N=CC(=C2)C3=CN(N=C3)C4CCNCC4)N	0.5142036415810218
SKMEL24_SKIN	C[C@H](C1=C(C=CC(=C1Cl)F)Cl)OC2=C(N=CC(=C2)C3=CN(N=C3)C4CCNCC4)N	0.9222481347833424
SKMEL28_SKIN	C[C@H](C1=C(C=CC(=C1Cl)F)Cl)OC2=C(N=CC(=C2)C3=CN(N=C3)C4CCNCC4)N	0.2084487783720719
SKMEL2_SKIN	C[C@H](C1=C(C=CC(=C1Cl)F)Cl)OC2=C(N=CC(=C2)C3=CN(N=C3)C4CCNCC4)N	0.7885232871951176
SKMEL30_SKIN	C[C@H](C1=C(C=CC(=C1Cl)F)Cl)OC2=C(N=CC(=C2)C3=CN(N=C3)C4CCNCC4)N	0.1851635718506621
SKMEL31_SKIN	C[C@H](C1=C(C=CC(=C1Cl)F)Cl)OC2=C(N=CC(=C2)C3=CN(N=C3)C4CCNCC4)N	0.2398129719839995
SKMEL3_SKIN	C[C@H](C1=C(C=CC(=C1Cl)F)Cl)OC2=C(N=CC(=C2)C3=CN(N=C3)C4CCNCC4)N	0.1211417679323615
SKMEL5_SKIN	C[C@H](C1=C(C=CC(=C1Cl)F)Cl)OC2=C(N=CC(=C2)C3=CN(N=C3)C4CCNCC4)N	0.6242920901992752
SKMES1_LUNG	C[C@H](C1=C(C=CC(=C1Cl)F)Cl)OC2=C(N=CC(=C2)C3=CN(N=C3)C4CCNCC4)N	0.949021046905534
SKMG1_CENTRAL_NERVOUS_SYSTEM	C[C@H](C1=C(C=CC(=C1Cl)F)Cl)OC2=C(N=CC(=C2)C3=CN(N=C3)C4CCNCC4)N	1.021229859802372
SKN3_UPPER_AERODIGESTIVE_TRACT	C[C@H](C1=C(C=CC(=C1Cl)F)Cl)OC2=C(N=CC(=C2)C3=CN(N=C3)C4CCNCC4)N	0.9164796208505612
SKNAS_AUTONOMIC_GANGLIA	C[C@H](C1=C(C=CC(=C1Cl)F)Cl)OC2=C(N=CC(=C2)C3=CN(N=C3)C4CCNCC4)N	0.8393400200413413
SKNBE2_AUTONOMIC_GANGLIA	C[C@H](C1=C(C=CC(=C1Cl)F)Cl)OC2=C(N=CC(=C2)C3=CN(N=C3)C4CCNCC4)N	0.2123674195430164
SKNFI_AUTONOMIC_GANGLIA	C[C@H](C1=C(C=CC(=C1Cl)F)Cl)OC2=C(N=CC(=C2)C3=CN(N=C3)C4CCNCC4)N	0.4803526947078291
SKNMC_BONE	C[C@H](C1=C(C=CC(=C1Cl)F)Cl)OC2=C(N=CC(=C2)C3=CN(N=C3)C4CCNCC4)N	0.0829014174671959
SKNSH_AUTONOMIC_GANGLIA	C[C@H](C1=C(C=CC(=C1Cl)F)Cl)OC2=C(N=CC(=C2)C3=CN(N=C3)C4CCNCC4)N	0.0684793289190581
SKN_ENDOMETRIUM	C[C@H](C1=C(C=CC(=C1Cl)F)Cl)OC2=C(N=CC(=C2)C3=CN(N=C3)C4CCNCC4)N	0.9172223540493272
SKOV3_OVARY	C[C@H](C1=C(C=CC(=C1Cl)F)Cl)OC2=C(N=CC(=C2)C3=CN(N=C3)C4CCNCC4)N	0.6706892496118476
SKPNDW_BONE	C[C@H](C1=C(C=CC(=C1Cl)F)Cl)OC2=C(N=CC(=C2)C3=CN(N=C3)C4CCNCC4)N	0.827952651519481
SN12C_KIDNEY	C[C@H](C1=C(C=CC(=C1Cl)F)Cl)OC2=C(N=CC(=C2)C3=CN(N=C3)C4CCNCC4)N	0.9505936810430444
SNB75_CENTRAL_NERVOUS_SYSTEM	C[C@H](C1=C(C=CC(=C1Cl)F)Cl)OC2=C(N=CC(=C2)C3=CN(N=C3)C4CCNCC4)N	0.6935590292370982
SNGM_ENDOMETRIUM	C[C@H](C1=C(C=CC(=C1Cl)F)Cl)OC2=C(N=CC(=C2)C3=CN(N=C3)C4CCNCC4)N	0.5567993728030262
SNU1040_LARGE_INTESTINE	C[C@H](C1=C(C=CC(=C1Cl)F)Cl)OC2=C(N=CC(=C2)C3=CN(N=C3)C4CCNCC4)N	0.6343546413638169
SNU1041_UPPER_AERODIGESTIVE_TRACT	C[C@H](C1=C(C=CC(=C1Cl)F)Cl)OC2=C(N=CC(=C2)C3=CN(N=C3)C4CCNCC4)N	0.2143196203672838
SNU1066_UPPER_AERODIGESTIVE_TRACT	C[C@H](C1=C(C=CC(=C1Cl)F)Cl)OC2=C(N=CC(=C2)C3=CN(N=C3)C4CCNCC4)N	0.2023198027212945
SNU1077_ENDOMETRIUM	C[C@H](C1=C(C=CC(=C1Cl)F)Cl)OC2=C(N=CC(=C2)C3=CN(N=C3)C4CCNCC4)N	0.2059798946937786
SNU1079_BILIARY_TRACT	C[C@H](C1=C(C=CC(=C1Cl)F)Cl)OC2=C(N=CC(=C2)C3=CN(N=C3)C4CCNCC4)N	0.0949042536137458
SNU1105_CENTRAL_NERVOUS_SYSTEM	C[C@H](C1=C(C=CC(=C1Cl)F)Cl)OC2=C(N=CC(=C2)C3=CN(N=C3)C4CCNCC4)N	0.1756427005363798
SNU119_OVARY	C[C@H](C1=C(C=CC(=C1Cl)F)Cl)OC2=C(N=CC(=C2)C3=CN(N=C3)C4CCNCC4)N	0.108412777659929
SNU1214_UPPER_AERODIGESTIVE_TRACT	C[C@H](C1=C(C=CC(=C1Cl)F)Cl)OC2=C(N=CC(=C2)C3=CN(N=C3)C4CCNCC4)N	0.1050749696960513
SNU1272_KIDNEY	C[C@H](C1=C(C=CC(=C1Cl)F)Cl)OC2=C(N=CC(=C2)C3=CN(N=C3)C4CCNCC4)N	0.2187691157307797
SNU16_STOMACH	C[C@H](C1=C(C=CC(=C1Cl)F)Cl)OC2=C(N=CC(=C2)C3=CN(N=C3)C4CCNCC4)N	0.47925552271278893
SNU175_LARGE_INTESTINE	C[C@H](C1=C(C=CC(=C1Cl)F)Cl)OC2=C(N=CC(=C2)C3=CN(N=C3)C4CCNCC4)N	0.3149466479374593
SNU182_LIVER	C[C@H](C1=C(C=CC(=C1Cl)F)Cl)OC2=C(N=CC(=C2)C3=CN(N=C3)C4CCNCC4)N	0.5021057457965565
SNU1_STOMACH	C[C@H](C1=C(C=CC(=C1Cl)F)Cl)OC2=C(N=CC(=C2)C3=CN(N=C3)C4CCNCC4)N	0.6440396085018875
SNU213_PANCREAS	C[C@H](C1=C(C=CC(=C1Cl)F)Cl)OC2=C(N=CC(=C2)C3=CN(N=C3)C4CCNCC4)N	0.1031358993454346
SNU216_STOMACH	C[C@H](C1=C(C=CC(=C1Cl)F)Cl)OC2=C(N=CC(=C2)C3=CN(N=C3)C4CCNCC4)N	0.1739974155277432
SNU387_LIVER	C[C@H](C1=C(C=CC(=C1Cl)F)Cl)OC2=C(N=CC(=C2)C3=CN(N=C3)C4CCNCC4)N	0.6341669979596258
SNU398_LIVER	C[C@H](C1=C(C=CC(=C1Cl)F)Cl)OC2=C(N=CC(=C2)C3=CN(N=C3)C4CCNCC4)N	0.6639040595911847
SNU410_PANCREAS	C[C@H](C1=C(C=CC(=C1Cl)F)Cl)OC2=C(N=CC(=C2)C3=CN(N=C3)C4CCNCC4)N	0.29819557191127
SNU423_LIVER	C[C@H](C1=C(C=CC(=C1Cl)F)Cl)OC2=C(N=CC(=C2)C3=CN(N=C3)C4CCNCC4)N	0.5653358637714017
SNU449_LIVER	C[C@H](C1=C(C=CC(=C1Cl)F)Cl)OC2=C(N=CC(=C2)C3=CN(N=C3)C4CCNCC4)N	0.7080475859979112
SNU466_CENTRAL_NERVOUS_SYSTEM	C[C@H](C1=C(C=CC(=C1Cl)F)Cl)OC2=C(N=CC(=C2)C3=CN(N=C3)C4CCNCC4)N	0.1917941112609472
SNU475_LIVER	C[C@H](C1=C(C=CC(=C1Cl)F)Cl)OC2=C(N=CC(=C2)C3=CN(N=C3)C4CCNCC4)N	0.4559798075699264
SNU478_BILIARY_TRACT	C[C@H](C1=C(C=CC(=C1Cl)F)Cl)OC2=C(N=CC(=C2)C3=CN(N=C3)C4CCNCC4)N	0.1496742008091154
SNU503_LARGE_INTESTINE	C[C@H](C1=C(C=CC(=C1Cl)F)Cl)OC2=C(N=CC(=C2)C3=CN(N=C3)C4CCNCC4)N	0.4620042160368495
SNU5_STOMACH	C[C@H](C1=C(C=CC(=C1Cl)F)Cl)OC2=C(N=CC(=C2)C3=CN(N=C3)C4CCNCC4)N	0.18434333346585405
SNU601_STOMACH	C[C@H](C1=C(C=CC(=C1Cl)F)Cl)OC2=C(N=CC(=C2)C3=CN(N=C3)C4CCNCC4)N	0.2578369397557501
SNU668_STOMACH	C[C@H](C1=C(C=CC(=C1Cl)F)Cl)OC2=C(N=CC(=C2)C3=CN(N=C3)C4CCNCC4)N	0.1403462600381829
SNU719_STOMACH	C[C@H](C1=C(C=CC(=C1Cl)F)Cl)OC2=C(N=CC(=C2)C3=CN(N=C3)C4CCNCC4)N	0.2111723530258492
SNU761_LIVER	C[C@H](C1=C(C=CC(=C1Cl)F)Cl)OC2=C(N=CC(=C2)C3=CN(N=C3)C4CCNCC4)N	0.2364843507182253
SNU840_OVARY	C[C@H](C1=C(C=CC(=C1Cl)F)Cl)OC2=C(N=CC(=C2)C3=CN(N=C3)C4CCNCC4)N	0.2942098615867147
SNU869_BILIARY_TRACT	C[C@H](C1=C(C=CC(=C1Cl)F)Cl)OC2=C(N=CC(=C2)C3=CN(N=C3)C4CCNCC4)N	0.3580058609612703
SNU878_LIVER	C[C@H](C1=C(C=CC(=C1Cl)F)Cl)OC2=C(N=CC(=C2)C3=CN(N=C3)C4CCNCC4)N	0.1918479413012515
SNU899_UPPER_AERODIGESTIVE_TRACT	C[C@H](C1=C(C=CC(=C1Cl)F)Cl)OC2=C(N=CC(=C2)C3=CN(N=C3)C4CCNCC4)N	0.1743749577259916
SNU8_OVARY	C[C@H](C1=C(C=CC(=C1Cl)F)Cl)OC2=C(N=CC(=C2)C3=CN(N=C3)C4CCNCC4)N	0.1824695593048274
SNUC1_LARGE_INTESTINE	C[C@H](C1=C(C=CC(=C1Cl)F)Cl)OC2=C(N=CC(=C2)C3=CN(N=C3)C4CCNCC4)N	0.46644313088889494
SNUC2B_LARGE_INTESTINE	C[C@H](C1=C(C=CC(=C1Cl)F)Cl)OC2=C(N=CC(=C2)C3=CN(N=C3)C4CCNCC4)N	0.8104060193866205
SNUC4_LARGE_INTESTINE	C[C@H](C1=C(C=CC(=C1Cl)F)Cl)OC2=C(N=CC(=C2)C3=CN(N=C3)C4CCNCC4)N	0.3780715069396043
SNUC5_LARGE_INTESTINE	C[C@H](C1=C(C=CC(=C1Cl)F)Cl)OC2=C(N=CC(=C2)C3=CN(N=C3)C4CCNCC4)N	0.3721549954581541
SQ1_LUNG	C[C@H](C1=C(C=CC(=C1Cl)F)Cl)OC2=C(N=CC(=C2)C3=CN(N=C3)C4CCNCC4)N	0.2134819449074214
SR786_HAEMATOPOIETIC_AND_LYMPHOID_TISSUE	C[C@H](C1=C(C=CC(=C1Cl)F)Cl)OC2=C(N=CC(=C2)C3=CN(N=C3)C4CCNCC4)N	0.17125752459411006
ST486_HAEMATOPOIETIC_AND_LYMPHOID_TISSUE	C[C@H](C1=C(C=CC(=C1Cl)F)Cl)OC2=C(N=CC(=C2)C3=CN(N=C3)C4CCNCC4)N	0.5709782881326602
SU8686_PANCREAS	C[C@H](C1=C(C=CC(=C1Cl)F)Cl)OC2=C(N=CC(=C2)C3=CN(N=C3)C4CCNCC4)N	0.6761273603341851
SUDHL10_HAEMATOPOIETIC_AND_LYMPHOID_TISSUE	C[C@H](C1=C(C=CC(=C1Cl)F)Cl)OC2=C(N=CC(=C2)C3=CN(N=C3)C4CCNCC4)N	0.5106556209437929
SUDHL16_HAEMATOPOIETIC_AND_LYMPHOID_TISSUE	C[C@H](C1=C(C=CC(=C1Cl)F)Cl)OC2=C(N=CC(=C2)C3=CN(N=C3)C4CCNCC4)N	0.8749512511706907
SUDHL1_HAEMATOPOIETIC_AND_LYMPHOID_TISSUE	C[C@H](C1=C(C=CC(=C1Cl)F)Cl)OC2=C(N=CC(=C2)C3=CN(N=C3)C4CCNCC4)N	0.09037415767477504
SUDHL5_HAEMATOPOIETIC_AND_LYMPHOID_TISSUE	C[C@H](C1=C(C=CC(=C1Cl)F)Cl)OC2=C(N=CC(=C2)C3=CN(N=C3)C4CCNCC4)N	1.104045456611784
SUDHL6_HAEMATOPOIETIC_AND_LYMPHOID_TISSUE	C[C@H](C1=C(C=CC(=C1Cl)F)Cl)OC2=C(N=CC(=C2)C3=CN(N=C3)C4CCNCC4)N	0.6825938745739196
SUPB15_HAEMATOPOIETIC_AND_LYMPHOID_TISSUE	C[C@H](C1=C(C=CC(=C1Cl)F)Cl)OC2=C(N=CC(=C2)C3=CN(N=C3)C4CCNCC4)N	0.5564944031704149
SUPM2_HAEMATOPOIETIC_AND_LYMPHOID_TISSUE	C[C@H](C1=C(C=CC(=C1Cl)F)Cl)OC2=C(N=CC(=C2)C3=CN(N=C3)C4CCNCC4)N	0.4549308878183578
SUPT11_HAEMATOPOIETIC_AND_LYMPHOID_TISSUE	C[C@H](C1=C(C=CC(=C1Cl)F)Cl)OC2=C(N=CC(=C2)C3=CN(N=C3)C4CCNCC4)N	0.1380318480105457
SW1088_CENTRAL_NERVOUS_SYSTEM	C[C@H](C1=C(C=CC(=C1Cl)F)Cl)OC2=C(N=CC(=C2)C3=CN(N=C3)C4CCNCC4)N	0.5691440651770544
SW1116_LARGE_INTESTINE	C[C@H](C1=C(C=CC(=C1Cl)F)Cl)OC2=C(N=CC(=C2)C3=CN(N=C3)C4CCNCC4)N	0.7401880088435544
SW13_ADRENAL_CORTEX	C[C@H](C1=C(C=CC(=C1Cl)F)Cl)OC2=C(N=CC(=C2)C3=CN(N=C3)C4CCNCC4)N	0.9588968488234522
SW1417_LARGE_INTESTINE	C[C@H](C1=C(C=CC(=C1Cl)F)Cl)OC2=C(N=CC(=C2)C3=CN(N=C3)C4CCNCC4)N	0.4462582750028428
SW1463_LARGE_INTESTINE	C[C@H](C1=C(C=CC(=C1Cl)F)Cl)OC2=C(N=CC(=C2)C3=CN(N=C3)C4CCNCC4)N	0.7605295653239756
SW1573_LUNG	C[C@H](C1=C(C=CC(=C1Cl)F)Cl)OC2=C(N=CC(=C2)C3=CN(N=C3)C4CCNCC4)N	0.6127446667718943
SW1783_CENTRAL_NERVOUS_SYSTEM	C[C@H](C1=C(C=CC(=C1Cl)F)Cl)OC2=C(N=CC(=C2)C3=CN(N=C3)C4CCNCC4)N	0.343131036546562
SW1990_PANCREAS	C[C@H](C1=C(C=CC(=C1Cl)F)Cl)OC2=C(N=CC(=C2)C3=CN(N=C3)C4CCNCC4)N	0.1982804355435013
SW48_LARGE_INTESTINE	C[C@H](C1=C(C=CC(=C1Cl)F)Cl)OC2=C(N=CC(=C2)C3=CN(N=C3)C4CCNCC4)N	0.16755411282558935
SW579_THYROID	C[C@H](C1=C(C=CC(=C1Cl)F)Cl)OC2=C(N=CC(=C2)C3=CN(N=C3)C4CCNCC4)N	0.0883780826691717
SW626_LARGE_INTESTINE	C[C@H](C1=C(C=CC(=C1Cl)F)Cl)OC2=C(N=CC(=C2)C3=CN(N=C3)C4CCNCC4)N	0.9233627664947568
SW684_SOFT_TISSUE	C[C@H](C1=C(C=CC(=C1Cl)F)Cl)OC2=C(N=CC(=C2)C3=CN(N=C3)C4CCNCC4)N	1.029961583334414
SW756_CERVIX	C[C@H](C1=C(C=CC(=C1Cl)F)Cl)OC2=C(N=CC(=C2)C3=CN(N=C3)C4CCNCC4)N	0.9886787049448832
SW780_URINARY_TRACT	C[C@H](C1=C(C=CC(=C1Cl)F)Cl)OC2=C(N=CC(=C2)C3=CN(N=C3)C4CCNCC4)N	0.9723684437512709
SW837_LARGE_INTESTINE	C[C@H](C1=C(C=CC(=C1Cl)F)Cl)OC2=C(N=CC(=C2)C3=CN(N=C3)C4CCNCC4)N	0.7585039509033356
SW872_SOFT_TISSUE	C[C@H](C1=C(C=CC(=C1Cl)F)Cl)OC2=C(N=CC(=C2)C3=CN(N=C3)C4CCNCC4)N	0.8896093511304968
SW948_LARGE_INTESTINE	C[C@H](C1=C(C=CC(=C1Cl)F)Cl)OC2=C(N=CC(=C2)C3=CN(N=C3)C4CCNCC4)N	0.28748232564646886
SW962_VULVA	C[C@H](C1=C(C=CC(=C1Cl)F)Cl)OC2=C(N=CC(=C2)C3=CN(N=C3)C4CCNCC4)N	0.855157128275198
SW982_SOFT_TISSUE	C[C@H](C1=C(C=CC(=C1Cl)F)Cl)OC2=C(N=CC(=C2)C3=CN(N=C3)C4CCNCC4)N	0.7053949531782173
T24_URINARY_TRACT	C[C@H](C1=C(C=CC(=C1Cl)F)Cl)OC2=C(N=CC(=C2)C3=CN(N=C3)C4CCNCC4)N	0.4142518868753597
T3M10_LUNG	C[C@H](C1=C(C=CC(=C1Cl)F)Cl)OC2=C(N=CC(=C2)C3=CN(N=C3)C4CCNCC4)N	0.2315041675505318
T47D_BREAST	C[C@H](C1=C(C=CC(=C1Cl)F)Cl)OC2=C(N=CC(=C2)C3=CN(N=C3)C4CCNCC4)N	0.5189343660071037
T84_LARGE_INTESTINE	C[C@H](C1=C(C=CC(=C1Cl)F)Cl)OC2=C(N=CC(=C2)C3=CN(N=C3)C4CCNCC4)N	0.4149188351528583
T98G_CENTRAL_NERVOUS_SYSTEM	C[C@H](C1=C(C=CC(=C1Cl)F)Cl)OC2=C(N=CC(=C2)C3=CN(N=C3)C4CCNCC4)N	0.6769534225366934
TALL1_HAEMATOPOIETIC_AND_LYMPHOID_TISSUE	C[C@H](C1=C(C=CC(=C1Cl)F)Cl)OC2=C(N=CC(=C2)C3=CN(N=C3)C4CCNCC4)N	0.45479561300283483
TC71_BONE	C[C@H](C1=C(C=CC(=C1Cl)F)Cl)OC2=C(N=CC(=C2)C3=CN(N=C3)C4CCNCC4)N	0.6911171247989986
TCCPAN2_PANCREAS	C[C@H](C1=C(C=CC(=C1Cl)F)Cl)OC2=C(N=CC(=C2)C3=CN(N=C3)C4CCNCC4)N	0.187733014106488
TCCSUP_URINARY_TRACT	C[C@H](C1=C(C=CC(=C1Cl)F)Cl)OC2=C(N=CC(=C2)C3=CN(N=C3)C4CCNCC4)N	0.543912473785779
TCYIK_CERVIX	C[C@H](C1=C(C=CC(=C1Cl)F)Cl)OC2=C(N=CC(=C2)C3=CN(N=C3)C4CCNCC4)N	0.9913803782295205
TE10_OESOPHAGUS	C[C@H](C1=C(C=CC(=C1Cl)F)Cl)OC2=C(N=CC(=C2)C3=CN(N=C3)C4CCNCC4)N	0.5398744999482102
TE11_OESOPHAGUS	C[C@H](C1=C(C=CC(=C1Cl)F)Cl)OC2=C(N=CC(=C2)C3=CN(N=C3)C4CCNCC4)N	0.6570457269258451
TE12_OESOPHAGUS	C[C@H](C1=C(C=CC(=C1Cl)F)Cl)OC2=C(N=CC(=C2)C3=CN(N=C3)C4CCNCC4)N	0.9365585035177302
TE14_OESOPHAGUS	C[C@H](C1=C(C=CC(=C1Cl)F)Cl)OC2=C(N=CC(=C2)C3=CN(N=C3)C4CCNCC4)N	0.2576038411012454
TE15_OESOPHAGUS	C[C@H](C1=C(C=CC(=C1Cl)F)Cl)OC2=C(N=CC(=C2)C3=CN(N=C3)C4CCNCC4)N	0.723602196436623
TE441T_SOFT_TISSUE	C[C@H](C1=C(C=CC(=C1Cl)F)Cl)OC2=C(N=CC(=C2)C3=CN(N=C3)C4CCNCC4)N	0.9295636933594205
TE4_OESOPHAGUS	C[C@H](C1=C(C=CC(=C1Cl)F)Cl)OC2=C(N=CC(=C2)C3=CN(N=C3)C4CCNCC4)N	0.5715252911266164
TE5_OESOPHAGUS	C[C@H](C1=C(C=CC(=C1Cl)F)Cl)OC2=C(N=CC(=C2)C3=CN(N=C3)C4CCNCC4)N	0.6982120570936988
TE617T_SOFT_TISSUE	C[C@H](C1=C(C=CC(=C1Cl)F)Cl)OC2=C(N=CC(=C2)C3=CN(N=C3)C4CCNCC4)N	0.1509462758719961
TE6_OESOPHAGUS	C[C@H](C1=C(C=CC(=C1Cl)F)Cl)OC2=C(N=CC(=C2)C3=CN(N=C3)C4CCNCC4)N	0.7918267569463575
TE8_OESOPHAGUS	C[C@H](C1=C(C=CC(=C1Cl)F)Cl)OC2=C(N=CC(=C2)C3=CN(N=C3)C4CCNCC4)N	0.7504050851953884
TE9_OESOPHAGUS	C[C@H](C1=C(C=CC(=C1Cl)F)Cl)OC2=C(N=CC(=C2)C3=CN(N=C3)C4CCNCC4)N	0.7122100131961738
TGBC11TKB_STOMACH	C[C@H](C1=C(C=CC(=C1Cl)F)Cl)OC2=C(N=CC(=C2)C3=CN(N=C3)C4CCNCC4)N	0.993100551657743
TGW_AUTONOMIC_GANGLIA	C[C@H](C1=C(C=CC(=C1Cl)F)Cl)OC2=C(N=CC(=C2)C3=CN(N=C3)C4CCNCC4)N	0.9438232951954011
THP1_HAEMATOPOIETIC_AND_LYMPHOID_TISSUE	C[C@H](C1=C(C=CC(=C1Cl)F)Cl)OC2=C(N=CC(=C2)C3=CN(N=C3)C4CCNCC4)N	0.547802607603764
TK_HAEMATOPOIETIC_AND_LYMPHOID_TISSUE	C[C@H](C1=C(C=CC(=C1Cl)F)Cl)OC2=C(N=CC(=C2)C3=CN(N=C3)C4CCNCC4)N	1.0039781008007236
TM31_CENTRAL_NERVOUS_SYSTEM	C[C@H](C1=C(C=CC(=C1Cl)F)Cl)OC2=C(N=CC(=C2)C3=CN(N=C3)C4CCNCC4)N	0.2242216631564593
TOV112D_OVARY	C[C@H](C1=C(C=CC(=C1Cl)F)Cl)OC2=C(N=CC(=C2)C3=CN(N=C3)C4CCNCC4)N	0.6454660096786892
TOV21G_OVARY	C[C@H](C1=C(C=CC(=C1Cl)F)Cl)OC2=C(N=CC(=C2)C3=CN(N=C3)C4CCNCC4)N	0.5688466580645672
TTC709_SOFT_TISSUE	C[C@H](C1=C(C=CC(=C1Cl)F)Cl)OC2=C(N=CC(=C2)C3=CN(N=C3)C4CCNCC4)N	0.1338503003121307
TT_THYROID	C[C@H](C1=C(C=CC(=C1Cl)F)Cl)OC2=C(N=CC(=C2)C3=CN(N=C3)C4CCNCC4)N	0.0915447029455438
TUHR10TKB_KIDNEY	C[C@H](C1=C(C=CC(=C1Cl)F)Cl)OC2=C(N=CC(=C2)C3=CN(N=C3)C4CCNCC4)N	0.1526552183399497
TUHR14TKB_KIDNEY	C[C@H](C1=C(C=CC(=C1Cl)F)Cl)OC2=C(N=CC(=C2)C3=CN(N=C3)C4CCNCC4)N	0.2612437080024435
TUHR4TKB_KIDNEY	C[C@H](C1=C(C=CC(=C1Cl)F)Cl)OC2=C(N=CC(=C2)C3=CN(N=C3)C4CCNCC4)N	0.1507566973999211
TUR_HAEMATOPOIETIC_AND_LYMPHOID_TISSUE	C[C@H](C1=C(C=CC(=C1Cl)F)Cl)OC2=C(N=CC(=C2)C3=CN(N=C3)C4CCNCC4)N	0.839039795492291
TYKNU_OVARY	C[C@H](C1=C(C=CC(=C1Cl)F)Cl)OC2=C(N=CC(=C2)C3=CN(N=C3)C4CCNCC4)N	0.5715160833083262
U118MG_CENTRAL_NERVOUS_SYSTEM	C[C@H](C1=C(C=CC(=C1Cl)F)Cl)OC2=C(N=CC(=C2)C3=CN(N=C3)C4CCNCC4)N	0.5388345115531187
U251MG_CENTRAL_NERVOUS_SYSTEM	C[C@H](C1=C(C=CC(=C1Cl)F)Cl)OC2=C(N=CC(=C2)C3=CN(N=C3)C4CCNCC4)N	0.6208853739525948
U266B1_HAEMATOPOIETIC_AND_LYMPHOID_TISSUE	C[C@H](C1=C(C=CC(=C1Cl)F)Cl)OC2=C(N=CC(=C2)C3=CN(N=C3)C4CCNCC4)N	0.565501226027052
U2OS_BONE	C[C@H](C1=C(C=CC(=C1Cl)F)Cl)OC2=C(N=CC(=C2)C3=CN(N=C3)C4CCNCC4)N	0.533584514394735
U698M_HAEMATOPOIETIC_AND_LYMPHOID_TISSUE	C[C@H](C1=C(C=CC(=C1Cl)F)Cl)OC2=C(N=CC(=C2)C3=CN(N=C3)C4CCNCC4)N	0.8862620689255815
U87MG_CENTRAL_NERVOUS_SYSTEM	C[C@H](C1=C(C=CC(=C1Cl)F)Cl)OC2=C(N=CC(=C2)C3=CN(N=C3)C4CCNCC4)N	0.6925262620963167
U937_HAEMATOPOIETIC_AND_LYMPHOID_TISSUE	C[C@H](C1=C(C=CC(=C1Cl)F)Cl)OC2=C(N=CC(=C2)C3=CN(N=C3)C4CCNCC4)N	0.1356581819146034
UACC257_SKIN	C[C@H](C1=C(C=CC(=C1Cl)F)Cl)OC2=C(N=CC(=C2)C3=CN(N=C3)C4CCNCC4)N	0.6901746974715876
UACC62_SKIN	C[C@H](C1=C(C=CC(=C1Cl)F)Cl)OC2=C(N=CC(=C2)C3=CN(N=C3)C4CCNCC4)N	0.638199357034254
UACC893_BREAST	C[C@H](C1=C(C=CC(=C1Cl)F)Cl)OC2=C(N=CC(=C2)C3=CN(N=C3)C4CCNCC4)N	1.0189085065038472
UBLC1_URINARY_TRACT	C[C@H](C1=C(C=CC(=C1Cl)F)Cl)OC2=C(N=CC(=C2)C3=CN(N=C3)C4CCNCC4)N	0.1131816842177035
UMC11_LUNG	C[C@H](C1=C(C=CC(=C1Cl)F)Cl)OC2=C(N=CC(=C2)C3=CN(N=C3)C4CCNCC4)N	0.9325158896065758
UMUC1_URINARY_TRACT	C[C@H](C1=C(C=CC(=C1Cl)F)Cl)OC2=C(N=CC(=C2)C3=CN(N=C3)C4CCNCC4)N	0.1471182634322252
UMUC3_URINARY_TRACT	C[C@H](C1=C(C=CC(=C1Cl)F)Cl)OC2=C(N=CC(=C2)C3=CN(N=C3)C4CCNCC4)N	0.252983456922937
UO31_KIDNEY	C[C@H](C1=C(C=CC(=C1Cl)F)Cl)OC2=C(N=CC(=C2)C3=CN(N=C3)C4CCNCC4)N	0.116132099609079
VAESBJ_SOFT_TISSUE	C[C@H](C1=C(C=CC(=C1Cl)F)Cl)OC2=C(N=CC(=C2)C3=CN(N=C3)C4CCNCC4)N	0.8954991840648825
VCAP_PROSTATE	C[C@H](C1=C(C=CC(=C1Cl)F)Cl)OC2=C(N=CC(=C2)C3=CN(N=C3)C4CCNCC4)N	0.6826422821991308
VMRCLCD_LUNG	C[C@H](C1=C(C=CC(=C1Cl)F)Cl)OC2=C(N=CC(=C2)C3=CN(N=C3)C4CCNCC4)N	0.5718011219666945
VMRCRCW_KIDNEY	C[C@H](C1=C(C=CC(=C1Cl)F)Cl)OC2=C(N=CC(=C2)C3=CN(N=C3)C4CCNCC4)N	0.2016105291069426
VMRCRCZ_KIDNEY	C[C@H](C1=C(C=CC(=C1Cl)F)Cl)OC2=C(N=CC(=C2)C3=CN(N=C3)C4CCNCC4)N	0.7209868367975437
WIL2NS_HAEMATOPOIETIC_AND_LYMPHOID_TISSUE	C[C@H](C1=C(C=CC(=C1Cl)F)Cl)OC2=C(N=CC(=C2)C3=CN(N=C3)C4CCNCC4)N	0.8697146910465713
WM115_SKIN	C[C@H](C1=C(C=CC(=C1Cl)F)Cl)OC2=C(N=CC(=C2)C3=CN(N=C3)C4CCNCC4)N	0.5266956230211339
WM2664_SKIN	C[C@H](C1=C(C=CC(=C1Cl)F)Cl)OC2=C(N=CC(=C2)C3=CN(N=C3)C4CCNCC4)N	0.1213499599230279
WM278_SKIN	C[C@H](C1=C(C=CC(=C1Cl)F)Cl)OC2=C(N=CC(=C2)C3=CN(N=C3)C4CCNCC4)N	1.0093490889455798
WM793_SKIN	C[C@H](C1=C(C=CC(=C1Cl)F)Cl)OC2=C(N=CC(=C2)C3=CN(N=C3)C4CCNCC4)N	0.6167639225949403
WM88_SKIN	C[C@H](C1=C(C=CC(=C1Cl)F)Cl)OC2=C(N=CC(=C2)C3=CN(N=C3)C4CCNCC4)N	0.3719438422376435
WSUDLCL2_HAEMATOPOIETIC_AND_LYMPHOID_TISSUE	C[C@H](C1=C(C=CC(=C1Cl)F)Cl)OC2=C(N=CC(=C2)C3=CN(N=C3)C4CCNCC4)N	0.5447456190519824
YAMATO_SOFT_TISSUE	C[C@H](C1=C(C=CC(=C1Cl)F)Cl)OC2=C(N=CC(=C2)C3=CN(N=C3)C4CCNCC4)N	0.0917769181641867
YD10B_UPPER_AERODIGESTIVE_TRACT	C[C@H](C1=C(C=CC(=C1Cl)F)Cl)OC2=C(N=CC(=C2)C3=CN(N=C3)C4CCNCC4)N	0.0544671462014
YD8_UPPER_AERODIGESTIVE_TRACT	C[C@H](C1=C(C=CC(=C1Cl)F)Cl)OC2=C(N=CC(=C2)C3=CN(N=C3)C4CCNCC4)N	0.1103421013515561
YH13_CENTRAL_NERVOUS_SYSTEM	C[C@H](C1=C(C=CC(=C1Cl)F)Cl)OC2=C(N=CC(=C2)C3=CN(N=C3)C4CCNCC4)N	0.5341578151809007
YT_HAEMATOPOIETIC_AND_LYMPHOID_TISSUE	C[C@H](C1=C(C=CC(=C1Cl)F)Cl)OC2=C(N=CC(=C2)C3=CN(N=C3)C4CCNCC4)N	0.936101050305536
ZR7530_BREAST	C[C@H](C1=C(C=CC(=C1Cl)F)Cl)OC2=C(N=CC(=C2)C3=CN(N=C3)C4CCNCC4)N	0.7543939176524284
