2313287_STOMACH	COCCOC1=C(C=C2C(=C1)C(=NC=N2)NC3=CC=CC(=C3)C#C)OCCOC	0.697440711104215
253JBV_URINARY_TRACT	COCCOC1=C(C=C2C(=C1)C(=NC=N2)NC3=CC=CC(=C3)C#C)OCCOC	0.4770702903118275
253J_URINARY_TRACT	COCCOC1=C(C=C2C(=C1)C(=NC=N2)NC3=CC=CC(=C3)C#C)OCCOC	0.3002553548592381
42MGBA_CENTRAL_NERVOUS_SYSTEM	COCCOC1=C(C=C2C(=C1)C(=NC=N2)NC3=CC=CC(=C3)C#C)OCCOC	0.8495248175244265
5637_URINARY_TRACT	COCCOC1=C(C=C2C(=C1)C(=NC=N2)NC3=CC=CC(=C3)C#C)OCCOC	0.4267416412921597
639V_URINARY_TRACT	COCCOC1=C(C=C2C(=C1)C(=NC=N2)NC3=CC=CC(=C3)C#C)OCCOC	0.8596906273642657
647V_URINARY_TRACT	COCCOC1=C(C=C2C(=C1)C(=NC=N2)NC3=CC=CC(=C3)C#C)OCCOC	0.80216777114487
697_HAEMATOPOIETIC_AND_LYMPHOID_TISSUE	COCCOC1=C(C=C2C(=C1)C(=NC=N2)NC3=CC=CC(=C3)C#C)OCCOC	0.5469086982378041
769P_KIDNEY	COCCOC1=C(C=C2C(=C1)C(=NC=N2)NC3=CC=CC(=C3)C#C)OCCOC	0.6606257644997238
786O_KIDNEY	COCCOC1=C(C=C2C(=C1)C(=NC=N2)NC3=CC=CC(=C3)C#C)OCCOC	0.7801891846627231
8505C_THYROID	COCCOC1=C(C=C2C(=C1)C(=NC=N2)NC3=CC=CC(=C3)C#C)OCCOC	0.8423832903250563
8MGBA_CENTRAL_NERVOUS_SYSTEM	COCCOC1=C(C=C2C(=C1)C(=NC=N2)NC3=CC=CC(=C3)C#C)OCCOC	0.8698322705562687
A101D_SKIN	COCCOC1=C(C=C2C(=C1)C(=NC=N2)NC3=CC=CC(=C3)C#C)OCCOC	0.8254503060309167
A204_SOFT_TISSUE	COCCOC1=C(C=C2C(=C1)C(=NC=N2)NC3=CC=CC(=C3)C#C)OCCOC	0.6904134263093344
A253_SALIVARY_GLAND	COCCOC1=C(C=C2C(=C1)C(=NC=N2)NC3=CC=CC(=C3)C#C)OCCOC	0.7544084072504863
A2780_OVARY	COCCOC1=C(C=C2C(=C1)C(=NC=N2)NC3=CC=CC(=C3)C#C)OCCOC	0.6993952801617824
A375_SKIN	COCCOC1=C(C=C2C(=C1)C(=NC=N2)NC3=CC=CC(=C3)C#C)OCCOC	0.8715986248222871
A3KAW_HAEMATOPOIETIC_AND_LYMPHOID_TISSUE	COCCOC1=C(C=C2C(=C1)C(=NC=N2)NC3=CC=CC(=C3)C#C)OCCOC	0.6674699413937928
A4FUK_HAEMATOPOIETIC_AND_LYMPHOID_TISSUE	COCCOC1=C(C=C2C(=C1)C(=NC=N2)NC3=CC=CC(=C3)C#C)OCCOC	0.7255656787909236
A549_LUNG	COCCOC1=C(C=C2C(=C1)C(=NC=N2)NC3=CC=CC(=C3)C#C)OCCOC	0.754373935437221
A673_BONE	COCCOC1=C(C=C2C(=C1)C(=NC=N2)NC3=CC=CC(=C3)C#C)OCCOC	0.8097876340983241
A704_KIDNEY	COCCOC1=C(C=C2C(=C1)C(=NC=N2)NC3=CC=CC(=C3)C#C)OCCOC	0.8370420104131503
ACCMESO1_PLEURA	COCCOC1=C(C=C2C(=C1)C(=NC=N2)NC3=CC=CC(=C3)C#C)OCCOC	0.7998815004242552
AGS_STOMACH	COCCOC1=C(C=C2C(=C1)C(=NC=N2)NC3=CC=CC(=C3)C#C)OCCOC	0.8574466722887926
ALLPO_HAEMATOPOIETIC_AND_LYMPHOID_TISSUE	COCCOC1=C(C=C2C(=C1)C(=NC=N2)NC3=CC=CC(=C3)C#C)OCCOC	0.8150638826091251
ALLSIL_HAEMATOPOIETIC_AND_LYMPHOID_TISSUE	COCCOC1=C(C=C2C(=C1)C(=NC=N2)NC3=CC=CC(=C3)C#C)OCCOC	0.5743823821097052
AML193_HAEMATOPOIETIC_AND_LYMPHOID_TISSUE	COCCOC1=C(C=C2C(=C1)C(=NC=N2)NC3=CC=CC(=C3)C#C)OCCOC	0.6955223937846601
AMO1_HAEMATOPOIETIC_AND_LYMPHOID_TISSUE	COCCOC1=C(C=C2C(=C1)C(=NC=N2)NC3=CC=CC(=C3)C#C)OCCOC	0.9330312793533974
AN3CA_ENDOMETRIUM	COCCOC1=C(C=C2C(=C1)C(=NC=N2)NC3=CC=CC(=C3)C#C)OCCOC	0.728925812445654
ASPC1_PANCREAS	COCCOC1=C(C=C2C(=C1)C(=NC=N2)NC3=CC=CC(=C3)C#C)OCCOC	0.8049308852302928
ATN1_HAEMATOPOIETIC_AND_LYMPHOID_TISSUE	COCCOC1=C(C=C2C(=C1)C(=NC=N2)NC3=CC=CC(=C3)C#C)OCCOC	0.9273010804491995
BALL1_HAEMATOPOIETIC_AND_LYMPHOID_TISSUE	COCCOC1=C(C=C2C(=C1)C(=NC=N2)NC3=CC=CC(=C3)C#C)OCCOC	0.8688570521480302
BB49HNC_UPPER_AERODIGESTIVE_TRACT	COCCOC1=C(C=C2C(=C1)C(=NC=N2)NC3=CC=CC(=C3)C#C)OCCOC	0.9830968868093665
BB65RCC_KIDNEY	COCCOC1=C(C=C2C(=C1)C(=NC=N2)NC3=CC=CC(=C3)C#C)OCCOC	0.7279686063083688
BC1_HAEMATOPOIETIC_AND_LYMPHOID_TISSUE	COCCOC1=C(C=C2C(=C1)C(=NC=N2)NC3=CC=CC(=C3)C#C)OCCOC	0.9893523082341077
BC3C_URINARY_TRACT	COCCOC1=C(C=C2C(=C1)C(=NC=N2)NC3=CC=CC(=C3)C#C)OCCOC	0.6276267361132155
BC3_PLEURA	COCCOC1=C(C=C2C(=C1)C(=NC=N2)NC3=CC=CC(=C3)C#C)OCCOC	0.9415345120594338
BCPAP_THYROID	COCCOC1=C(C=C2C(=C1)C(=NC=N2)NC3=CC=CC(=C3)C#C)OCCOC	0.7071703792636818
BE13_HAEMATOPOIETIC_AND_LYMPHOID_TISSUE	COCCOC1=C(C=C2C(=C1)C(=NC=N2)NC3=CC=CC(=C3)C#C)OCCOC	0.8706028869154134
BE2M17_AUTONOMIC_GANGLIA	COCCOC1=C(C=C2C(=C1)C(=NC=N2)NC3=CC=CC(=C3)C#C)OCCOC	0.8772135538373289
BECKER_CENTRAL_NERVOUS_SYSTEM	COCCOC1=C(C=C2C(=C1)C(=NC=N2)NC3=CC=CC(=C3)C#C)OCCOC	0.8233129769923719
BFTC909_KIDNEY	COCCOC1=C(C=C2C(=C1)C(=NC=N2)NC3=CC=CC(=C3)C#C)OCCOC	0.808041188099901
BHT101_THYROID	COCCOC1=C(C=C2C(=C1)C(=NC=N2)NC3=CC=CC(=C3)C#C)OCCOC	0.8278700248240041
BHY_UPPER_AERODIGESTIVE_TRACT	COCCOC1=C(C=C2C(=C1)C(=NC=N2)NC3=CC=CC(=C3)C#C)OCCOC	0.1730225619715749
BICR10_UPPER_AERODIGESTIVE_TRACT	COCCOC1=C(C=C2C(=C1)C(=NC=N2)NC3=CC=CC(=C3)C#C)OCCOC	0.9130346234100556
BICR16_UPPER_AERODIGESTIVE_TRACT	COCCOC1=C(C=C2C(=C1)C(=NC=N2)NC3=CC=CC(=C3)C#C)OCCOC	0.5846349219673324
BICR22_UPPER_AERODIGESTIVE_TRACT	COCCOC1=C(C=C2C(=C1)C(=NC=N2)NC3=CC=CC(=C3)C#C)OCCOC	0.7192808377623473
BICR31_UPPER_AERODIGESTIVE_TRACT	COCCOC1=C(C=C2C(=C1)C(=NC=N2)NC3=CC=CC(=C3)C#C)OCCOC	0.5086678800872753
BICR56_UPPER_AERODIGESTIVE_TRACT	COCCOC1=C(C=C2C(=C1)C(=NC=N2)NC3=CC=CC(=C3)C#C)OCCOC	0.3283227728870572
BICR6_UPPER_AERODIGESTIVE_TRACT	COCCOC1=C(C=C2C(=C1)C(=NC=N2)NC3=CC=CC(=C3)C#C)OCCOC	0.580337402724325
BL70_HAEMATOPOIETIC_AND_LYMPHOID_TISSUE	COCCOC1=C(C=C2C(=C1)C(=NC=N2)NC3=CC=CC(=C3)C#C)OCCOC	1.5711382238855722
BPH1_PROSTATE	COCCOC1=C(C=C2C(=C1)C(=NC=N2)NC3=CC=CC(=C3)C#C)OCCOC	0.5711463426848243
BT12_SOFT_TISSUE	COCCOC1=C(C=C2C(=C1)C(=NC=N2)NC3=CC=CC(=C3)C#C)OCCOC	0.9250257691142156
BT16_SOFT_TISSUE	COCCOC1=C(C=C2C(=C1)C(=NC=N2)NC3=CC=CC(=C3)C#C)OCCOC	0.4975995965029243
BT20_BREAST	COCCOC1=C(C=C2C(=C1)C(=NC=N2)NC3=CC=CC(=C3)C#C)OCCOC	0.8347432636534171
BT549_BREAST	COCCOC1=C(C=C2C(=C1)C(=NC=N2)NC3=CC=CC(=C3)C#C)OCCOC	0.9876863557975109
BV173_HAEMATOPOIETIC_AND_LYMPHOID_TISSUE	COCCOC1=C(C=C2C(=C1)C(=NC=N2)NC3=CC=CC(=C3)C#C)OCCOC	0.6358813072918305
C32_SKIN	COCCOC1=C(C=C2C(=C1)C(=NC=N2)NC3=CC=CC(=C3)C#C)OCCOC	0.9114180750075056
C3A_LIVER	COCCOC1=C(C=C2C(=C1)C(=NC=N2)NC3=CC=CC(=C3)C#C)OCCOC	0.9830092295409822
C4I_CERVIX	COCCOC1=C(C=C2C(=C1)C(=NC=N2)NC3=CC=CC(=C3)C#C)OCCOC	0.8389230501939563
CA46_HAEMATOPOIETIC_AND_LYMPHOID_TISSUE	COCCOC1=C(C=C2C(=C1)C(=NC=N2)NC3=CC=CC(=C3)C#C)OCCOC	0.8039595761590643
CA922_UPPER_AERODIGESTIVE_TRACT	COCCOC1=C(C=C2C(=C1)C(=NC=N2)NC3=CC=CC(=C3)C#C)OCCOC	0.5255313740193163
CADOES1_BONE	COCCOC1=C(C=C2C(=C1)C(=NC=N2)NC3=CC=CC(=C3)C#C)OCCOC	0.7000153131202721
CAKI1_KIDNEY	COCCOC1=C(C=C2C(=C1)C(=NC=N2)NC3=CC=CC(=C3)C#C)OCCOC	0.6665653012970089
CAKI2_KIDNEY	COCCOC1=C(C=C2C(=C1)C(=NC=N2)NC3=CC=CC(=C3)C#C)OCCOC	0.5892978862995848
CAL12T_LUNG	COCCOC1=C(C=C2C(=C1)C(=NC=N2)NC3=CC=CC(=C3)C#C)OCCOC	0.47335143867996
CAL148_BREAST	COCCOC1=C(C=C2C(=C1)C(=NC=N2)NC3=CC=CC(=C3)C#C)OCCOC	0.8331977453939107
CAL27_UPPER_AERODIGESTIVE_TRACT	COCCOC1=C(C=C2C(=C1)C(=NC=N2)NC3=CC=CC(=C3)C#C)OCCOC	0.4759495507975643
CAL33_UPPER_AERODIGESTIVE_TRACT	COCCOC1=C(C=C2C(=C1)C(=NC=N2)NC3=CC=CC(=C3)C#C)OCCOC	0.5592943111045764
CAL39_VULVA	COCCOC1=C(C=C2C(=C1)C(=NC=N2)NC3=CC=CC(=C3)C#C)OCCOC	0.4004621399843152
CAL51_BREAST	COCCOC1=C(C=C2C(=C1)C(=NC=N2)NC3=CC=CC(=C3)C#C)OCCOC	0.6944081841584147
CAL78_BONE	COCCOC1=C(C=C2C(=C1)C(=NC=N2)NC3=CC=CC(=C3)C#C)OCCOC	0.8154216823412328
CAL851_BREAST	COCCOC1=C(C=C2C(=C1)C(=NC=N2)NC3=CC=CC(=C3)C#C)OCCOC	0.7079366242147086
CALU1_LUNG	COCCOC1=C(C=C2C(=C1)C(=NC=N2)NC3=CC=CC(=C3)C#C)OCCOC	0.6500684913179187
CAMA1_BREAST	COCCOC1=C(C=C2C(=C1)C(=NC=N2)NC3=CC=CC(=C3)C#C)OCCOC	0.9177072399437763
CAOV3_OVARY	COCCOC1=C(C=C2C(=C1)C(=NC=N2)NC3=CC=CC(=C3)C#C)OCCOC	0.6364126329585744
CAPAN1_PANCREAS	COCCOC1=C(C=C2C(=C1)C(=NC=N2)NC3=CC=CC(=C3)C#C)OCCOC	0.7434695539580632
CAPAN2_PANCREAS	COCCOC1=C(C=C2C(=C1)C(=NC=N2)NC3=CC=CC(=C3)C#C)OCCOC	0.7574345926454886
CAR1_LARGE_INTESTINE	COCCOC1=C(C=C2C(=C1)C(=NC=N2)NC3=CC=CC(=C3)C#C)OCCOC	0.8442281955092384
CAS1_CENTRAL_NERVOUS_SYSTEM	COCCOC1=C(C=C2C(=C1)C(=NC=N2)NC3=CC=CC(=C3)C#C)OCCOC	0.9398749003849155
CASKI_CERVIX	COCCOC1=C(C=C2C(=C1)C(=NC=N2)NC3=CC=CC(=C3)C#C)OCCOC	0.7501838887808536
CCFSTTG1_CENTRAL_NERVOUS_SYSTEM	COCCOC1=C(C=C2C(=C1)C(=NC=N2)NC3=CC=CC(=C3)C#C)OCCOC	1.0394591298221156
CCK81_LARGE_INTESTINE	COCCOC1=C(C=C2C(=C1)C(=NC=N2)NC3=CC=CC(=C3)C#C)OCCOC	0.4298508982042697
CCRFCEM_HAEMATOPOIETIC_AND_LYMPHOID_TISSUE	COCCOC1=C(C=C2C(=C1)C(=NC=N2)NC3=CC=CC(=C3)C#C)OCCOC	0.9105359180909166
CESS_HAEMATOPOIETIC_AND_LYMPHOID_TISSUE	COCCOC1=C(C=C2C(=C1)C(=NC=N2)NC3=CC=CC(=C3)C#C)OCCOC	0.8561331323800682
CFPAC1_PANCREAS	COCCOC1=C(C=C2C(=C1)C(=NC=N2)NC3=CC=CC(=C3)C#C)OCCOC	0.7046384619485027
CGTHW1_THYROID	COCCOC1=C(C=C2C(=C1)C(=NC=N2)NC3=CC=CC(=C3)C#C)OCCOC	0.9145182778546458
CHAGOK1_LUNG	COCCOC1=C(C=C2C(=C1)C(=NC=N2)NC3=CC=CC(=C3)C#C)OCCOC	0.8855633617685384
CHL1_SKIN	COCCOC1=C(C=C2C(=C1)C(=NC=N2)NC3=CC=CC(=C3)C#C)OCCOC	0.8205254683669987
CHP134_AUTONOMIC_GANGLIA	COCCOC1=C(C=C2C(=C1)C(=NC=N2)NC3=CC=CC(=C3)C#C)OCCOC	0.858519010038137
CHP212_AUTONOMIC_GANGLIA	COCCOC1=C(C=C2C(=C1)C(=NC=N2)NC3=CC=CC(=C3)C#C)OCCOC	0.7894407620064703
CHSA8926_BONE	COCCOC1=C(C=C2C(=C1)C(=NC=N2)NC3=CC=CC(=C3)C#C)OCCOC	0.8225769304229334
CJM_SKIN	COCCOC1=C(C=C2C(=C1)C(=NC=N2)NC3=CC=CC(=C3)C#C)OCCOC	0.8515586555653201
CL11_LARGE_INTESTINE	COCCOC1=C(C=C2C(=C1)C(=NC=N2)NC3=CC=CC(=C3)C#C)OCCOC	0.8695991902460426
CMK_HAEMATOPOIETIC_AND_LYMPHOID_TISSUE	COCCOC1=C(C=C2C(=C1)C(=NC=N2)NC3=CC=CC(=C3)C#C)OCCOC	0.7415392345357936
CMLT1_HAEMATOPOIETIC_AND_LYMPHOID_TISSUE	COCCOC1=C(C=C2C(=C1)C(=NC=N2)NC3=CC=CC(=C3)C#C)OCCOC	0.6011540513375995
COLO201_LARGE_INTESTINE	COCCOC1=C(C=C2C(=C1)C(=NC=N2)NC3=CC=CC(=C3)C#C)OCCOC	0.7141379619976967
COLO679_SKIN	COCCOC1=C(C=C2C(=C1)C(=NC=N2)NC3=CC=CC(=C3)C#C)OCCOC	0.9625920675436848
COLO680N_OESOPHAGUS	COCCOC1=C(C=C2C(=C1)C(=NC=N2)NC3=CC=CC(=C3)C#C)OCCOC	0.697532927898413
COLO684_ENDOMETRIUM	COCCOC1=C(C=C2C(=C1)C(=NC=N2)NC3=CC=CC(=C3)C#C)OCCOC	0.9485678392146317
COLO699_LUNG	COCCOC1=C(C=C2C(=C1)C(=NC=N2)NC3=CC=CC(=C3)C#C)OCCOC	0.6913769818782387
COLO792_SKIN	COCCOC1=C(C=C2C(=C1)C(=NC=N2)NC3=CC=CC(=C3)C#C)OCCOC	0.7808533715140538
COLO824_BREAST	COCCOC1=C(C=C2C(=C1)C(=NC=N2)NC3=CC=CC(=C3)C#C)OCCOC	0.8475630838334423
COLO829_SKIN	COCCOC1=C(C=C2C(=C1)C(=NC=N2)NC3=CC=CC(=C3)C#C)OCCOC	0.8419876482895208
CORL23_LUNG	COCCOC1=C(C=C2C(=C1)C(=NC=N2)NC3=CC=CC(=C3)C#C)OCCOC	0.8593896130164814
CORL279_LUNG	COCCOC1=C(C=C2C(=C1)C(=NC=N2)NC3=CC=CC(=C3)C#C)OCCOC	0.890328111779223
CORL311_LUNG	COCCOC1=C(C=C2C(=C1)C(=NC=N2)NC3=CC=CC(=C3)C#C)OCCOC	1.001423824042843
CORL47_LUNG	COCCOC1=C(C=C2C(=C1)C(=NC=N2)NC3=CC=CC(=C3)C#C)OCCOC	0.7364131335798054
CORL95_LUNG	COCCOC1=C(C=C2C(=C1)C(=NC=N2)NC3=CC=CC(=C3)C#C)OCCOC	0.9375400002357688
COV362_OVARY	COCCOC1=C(C=C2C(=C1)C(=NC=N2)NC3=CC=CC(=C3)C#C)OCCOC	0.8618028273584047
COV434_OVARY	COCCOC1=C(C=C2C(=C1)C(=NC=N2)NC3=CC=CC(=C3)C#C)OCCOC	0.475697074835601
CP66MEL_SKIN	COCCOC1=C(C=C2C(=C1)C(=NC=N2)NC3=CC=CC(=C3)C#C)OCCOC	0.8142094114610221
CS1_BONE	COCCOC1=C(C=C2C(=C1)C(=NC=N2)NC3=CC=CC(=C3)C#C)OCCOC	0.9054387729457852
CTB1_HAEMATOPOIETIC_AND_LYMPHOID_TISSUE	COCCOC1=C(C=C2C(=C1)C(=NC=N2)NC3=CC=CC(=C3)C#C)OCCOC	0.8330835274861188
CTV1_HAEMATOPOIETIC_AND_LYMPHOID_TISSUE	COCCOC1=C(C=C2C(=C1)C(=NC=N2)NC3=CC=CC(=C3)C#C)OCCOC	0.9263289374020425
CW2_LARGE_INTESTINE	COCCOC1=C(C=C2C(=C1)C(=NC=N2)NC3=CC=CC(=C3)C#C)OCCOC	0.7519656025053242
D283MED_CENTRAL_NERVOUS_SYSTEM	COCCOC1=C(C=C2C(=C1)C(=NC=N2)NC3=CC=CC(=C3)C#C)OCCOC	0.8031009529524056
D336MG_CENTRAL_NERVOUS_SYSTEM	COCCOC1=C(C=C2C(=C1)C(=NC=N2)NC3=CC=CC(=C3)C#C)OCCOC	0.897521028958194
D392MG_CENTRAL_NERVOUS_SYSTEM	COCCOC1=C(C=C2C(=C1)C(=NC=N2)NC3=CC=CC(=C3)C#C)OCCOC	0.892321141729044
D542MG_CENTRAL_NERVOUS_SYSTEM	COCCOC1=C(C=C2C(=C1)C(=NC=N2)NC3=CC=CC(=C3)C#C)OCCOC	0.7953771621446092
DAOY_CENTRAL_NERVOUS_SYSTEM	COCCOC1=C(C=C2C(=C1)C(=NC=N2)NC3=CC=CC(=C3)C#C)OCCOC	0.7863009140065795
DAUDI_HAEMATOPOIETIC_AND_LYMPHOID_TISSUE	COCCOC1=C(C=C2C(=C1)C(=NC=N2)NC3=CC=CC(=C3)C#C)OCCOC	0.6911919402576592
DB_HAEMATOPOIETIC_AND_LYMPHOID_TISSUE	COCCOC1=C(C=C2C(=C1)C(=NC=N2)NC3=CC=CC(=C3)C#C)OCCOC	0.6858565720041723
DEL_HAEMATOPOIETIC_AND_LYMPHOID_TISSUE	COCCOC1=C(C=C2C(=C1)C(=NC=N2)NC3=CC=CC(=C3)C#C)OCCOC	0.6840355122661009
DETROIT562_UPPER_AERODIGESTIVE_TRACT	COCCOC1=C(C=C2C(=C1)C(=NC=N2)NC3=CC=CC(=C3)C#C)OCCOC	0.6407496534728465
DG75_HAEMATOPOIETIC_AND_LYMPHOID_TISSUE	COCCOC1=C(C=C2C(=C1)C(=NC=N2)NC3=CC=CC(=C3)C#C)OCCOC	1.0116080274020205
DKMG_CENTRAL_NERVOUS_SYSTEM	COCCOC1=C(C=C2C(=C1)C(=NC=N2)NC3=CC=CC(=C3)C#C)OCCOC	0.8066299109121264
DLD1_LARGE_INTESTINE	COCCOC1=C(C=C2C(=C1)C(=NC=N2)NC3=CC=CC(=C3)C#C)OCCOC	0.7187046626412922
DMS273_LUNG	COCCOC1=C(C=C2C(=C1)C(=NC=N2)NC3=CC=CC(=C3)C#C)OCCOC	0.8738844472013888
DMS53_LUNG	COCCOC1=C(C=C2C(=C1)C(=NC=N2)NC3=CC=CC(=C3)C#C)OCCOC	0.7019156326648464
DND41_HAEMATOPOIETIC_AND_LYMPHOID_TISSUE	COCCOC1=C(C=C2C(=C1)C(=NC=N2)NC3=CC=CC(=C3)C#C)OCCOC	0.9014346555280355
DOHH2_HAEMATOPOIETIC_AND_LYMPHOID_TISSUE	COCCOC1=C(C=C2C(=C1)C(=NC=N2)NC3=CC=CC(=C3)C#C)OCCOC	0.7732375857499729
DOK_UPPER_AERODIGESTIVE_TRACT	COCCOC1=C(C=C2C(=C1)C(=NC=N2)NC3=CC=CC(=C3)C#C)OCCOC	0.37577608726052
DOTC24510_CERVIX	COCCOC1=C(C=C2C(=C1)C(=NC=N2)NC3=CC=CC(=C3)C#C)OCCOC	0.8003197864561569
DU145_PROSTATE	COCCOC1=C(C=C2C(=C1)C(=NC=N2)NC3=CC=CC(=C3)C#C)OCCOC	0.8244060439742242
DV90_LUNG	COCCOC1=C(C=C2C(=C1)C(=NC=N2)NC3=CC=CC(=C3)C#C)OCCOC	0.4259324502257643
EB2_HAEMATOPOIETIC_AND_LYMPHOID_TISSUE	COCCOC1=C(C=C2C(=C1)C(=NC=N2)NC3=CC=CC(=C3)C#C)OCCOC	0.8958615331280295
EB3_HAEMATOPOIETIC_AND_LYMPHOID_TISSUE	COCCOC1=C(C=C2C(=C1)C(=NC=N2)NC3=CC=CC(=C3)C#C)OCCOC	0.9356343678787851
EBC1_LUNG	COCCOC1=C(C=C2C(=C1)C(=NC=N2)NC3=CC=CC(=C3)C#C)OCCOC	0.7683536932976157
ECC10_STOMACH	COCCOC1=C(C=C2C(=C1)C(=NC=N2)NC3=CC=CC(=C3)C#C)OCCOC	0.5920851673667915
ECC12_STOMACH	COCCOC1=C(C=C2C(=C1)C(=NC=N2)NC3=CC=CC(=C3)C#C)OCCOC	0.5616660684981929
EFE184_ENDOMETRIUM	COCCOC1=C(C=C2C(=C1)C(=NC=N2)NC3=CC=CC(=C3)C#C)OCCOC	0.723039124367405
EFM19_BREAST	COCCOC1=C(C=C2C(=C1)C(=NC=N2)NC3=CC=CC(=C3)C#C)OCCOC	0.9832646082939076
EFO27_OVARY	COCCOC1=C(C=C2C(=C1)C(=NC=N2)NC3=CC=CC(=C3)C#C)OCCOC	0.6230045840783053
EGI1_BILIARY_TRACT	COCCOC1=C(C=C2C(=C1)C(=NC=N2)NC3=CC=CC(=C3)C#C)OCCOC	0.9160458598318268
EJM_HAEMATOPOIETIC_AND_LYMPHOID_TISSUE	COCCOC1=C(C=C2C(=C1)C(=NC=N2)NC3=CC=CC(=C3)C#C)OCCOC	0.9317953313243285
EKVX_LUNG	COCCOC1=C(C=C2C(=C1)C(=NC=N2)NC3=CC=CC(=C3)C#C)OCCOC	0.4852725537795509
EM2_HAEMATOPOIETIC_AND_LYMPHOID_TISSUE	COCCOC1=C(C=C2C(=C1)C(=NC=N2)NC3=CC=CC(=C3)C#C)OCCOC	0.6759305793521094
EMCBAC2_LUNG	COCCOC1=C(C=C2C(=C1)C(=NC=N2)NC3=CC=CC(=C3)C#C)OCCOC	0.7258060975152203
EN_ENDOMETRIUM	COCCOC1=C(C=C2C(=C1)C(=NC=N2)NC3=CC=CC(=C3)C#C)OCCOC	0.9719857055529448
ES2_OVARY	COCCOC1=C(C=C2C(=C1)C(=NC=N2)NC3=CC=CC(=C3)C#C)OCCOC	0.8720794491912751
ES4_BONE	COCCOC1=C(C=C2C(=C1)C(=NC=N2)NC3=CC=CC(=C3)C#C)OCCOC	0.8601486413927558
ES5_BONE	COCCOC1=C(C=C2C(=C1)C(=NC=N2)NC3=CC=CC(=C3)C#C)OCCOC	0.9688102097699374
ES6_BONE	COCCOC1=C(C=C2C(=C1)C(=NC=N2)NC3=CC=CC(=C3)C#C)OCCOC	0.8315261380540473
ES7_BONE	COCCOC1=C(C=C2C(=C1)C(=NC=N2)NC3=CC=CC(=C3)C#C)OCCOC	0.9194981450197774
ES8_BONE	COCCOC1=C(C=C2C(=C1)C(=NC=N2)NC3=CC=CC(=C3)C#C)OCCOC	0.9152493487449311
ESO26_OESOPHAGUS	COCCOC1=C(C=C2C(=C1)C(=NC=N2)NC3=CC=CC(=C3)C#C)OCCOC	0.875821983954265
ESO51_OESOPHAGUS	COCCOC1=C(C=C2C(=C1)C(=NC=N2)NC3=CC=CC(=C3)C#C)OCCOC	0.9533322925938226
EVSAT_BREAST	COCCOC1=C(C=C2C(=C1)C(=NC=N2)NC3=CC=CC(=C3)C#C)OCCOC	0.8939032699522709
EW11_BONE	COCCOC1=C(C=C2C(=C1)C(=NC=N2)NC3=CC=CC(=C3)C#C)OCCOC	0.8871384947734682
EW13_BONE	COCCOC1=C(C=C2C(=C1)C(=NC=N2)NC3=CC=CC(=C3)C#C)OCCOC	0.9393716992937529
EW16_BONE	COCCOC1=C(C=C2C(=C1)C(=NC=N2)NC3=CC=CC(=C3)C#C)OCCOC	0.8274097677092151
EW1_BONE	COCCOC1=C(C=C2C(=C1)C(=NC=N2)NC3=CC=CC(=C3)C#C)OCCOC	0.8573001022123368
EW24_BONE	COCCOC1=C(C=C2C(=C1)C(=NC=N2)NC3=CC=CC(=C3)C#C)OCCOC	0.7331672277933181
EW7_BONE	COCCOC1=C(C=C2C(=C1)C(=NC=N2)NC3=CC=CC(=C3)C#C)OCCOC	0.8013655658620139
F36P_HAEMATOPOIETIC_AND_LYMPHOID_TISSUE	COCCOC1=C(C=C2C(=C1)C(=NC=N2)NC3=CC=CC(=C3)C#C)OCCOC	0.5186476985666232
FADU_UPPER_AERODIGESTIVE_TRACT	COCCOC1=C(C=C2C(=C1)C(=NC=N2)NC3=CC=CC(=C3)C#C)OCCOC	0.6208103759344688
FLO1_OESOPHAGUS	COCCOC1=C(C=C2C(=C1)C(=NC=N2)NC3=CC=CC(=C3)C#C)OCCOC	0.8968801395902493
FTC133_THYROID	COCCOC1=C(C=C2C(=C1)C(=NC=N2)NC3=CC=CC(=C3)C#C)OCCOC	0.8824861171387672
FTC238_THYROID	COCCOC1=C(C=C2C(=C1)C(=NC=N2)NC3=CC=CC(=C3)C#C)OCCOC	0.7624039334525289
FU97_STOMACH	COCCOC1=C(C=C2C(=C1)C(=NC=N2)NC3=CC=CC(=C3)C#C)OCCOC	0.8520935170909825
G292CLONEA141B1_BONE	COCCOC1=C(C=C2C(=C1)C(=NC=N2)NC3=CC=CC(=C3)C#C)OCCOC	0.8381991314010946
GA10_HAEMATOPOIETIC_AND_LYMPHOID_TISSUE	COCCOC1=C(C=C2C(=C1)C(=NC=N2)NC3=CC=CC(=C3)C#C)OCCOC	0.5749586139175253
GAK_SKIN	COCCOC1=C(C=C2C(=C1)C(=NC=N2)NC3=CC=CC(=C3)C#C)OCCOC	0.9099902819850392
GB1_CENTRAL_NERVOUS_SYSTEM	COCCOC1=C(C=C2C(=C1)C(=NC=N2)NC3=CC=CC(=C3)C#C)OCCOC	0.835048794059051
GCIY_STOMACH	COCCOC1=C(C=C2C(=C1)C(=NC=N2)NC3=CC=CC(=C3)C#C)OCCOC	0.7198571222751731
GCT_SOFT_TISSUE	COCCOC1=C(C=C2C(=C1)C(=NC=N2)NC3=CC=CC(=C3)C#C)OCCOC	0.7815507643563748
GDM1_HAEMATOPOIETIC_AND_LYMPHOID_TISSUE	COCCOC1=C(C=C2C(=C1)C(=NC=N2)NC3=CC=CC(=C3)C#C)OCCOC	0.8004628914268626
GI1_CENTRAL_NERVOUS_SYSTEM	COCCOC1=C(C=C2C(=C1)C(=NC=N2)NC3=CC=CC(=C3)C#C)OCCOC	0.9830196729548902
GIMEN_AUTONOMIC_GANGLIA	COCCOC1=C(C=C2C(=C1)C(=NC=N2)NC3=CC=CC(=C3)C#C)OCCOC	0.9045806454403089
GOTO_AUTONOMIC_GANGLIA	COCCOC1=C(C=C2C(=C1)C(=NC=N2)NC3=CC=CC(=C3)C#C)OCCOC	0.9136940511223479
GP5D_LARGE_INTESTINE	COCCOC1=C(C=C2C(=C1)C(=NC=N2)NC3=CC=CC(=C3)C#C)OCCOC	0.870257944027447
GRANTA519_HAEMATOPOIETIC_AND_LYMPHOID_TISSUE	COCCOC1=C(C=C2C(=C1)C(=NC=N2)NC3=CC=CC(=C3)C#C)OCCOC	0.9744911474260641
GSS_STOMACH	COCCOC1=C(C=C2C(=C1)C(=NC=N2)NC3=CC=CC(=C3)C#C)OCCOC	0.4119716983847995
GSU_STOMACH	COCCOC1=C(C=C2C(=C1)C(=NC=N2)NC3=CC=CC(=C3)C#C)OCCOC	0.7563217436134427
H2369_PLEURA	COCCOC1=C(C=C2C(=C1)C(=NC=N2)NC3=CC=CC(=C3)C#C)OCCOC	0.8582453376564311
H3118_UPPER_AERODIGESTIVE_TRACT	COCCOC1=C(C=C2C(=C1)C(=NC=N2)NC3=CC=CC(=C3)C#C)OCCOC	0.5844338979760718
H4_CENTRAL_NERVOUS_SYSTEM	COCCOC1=C(C=C2C(=C1)C(=NC=N2)NC3=CC=CC(=C3)C#C)OCCOC	0.8645151637405709
HA7RCC_KIDNEY	COCCOC1=C(C=C2C(=C1)C(=NC=N2)NC3=CC=CC(=C3)C#C)OCCOC	1.0344669724382602
HAL01_HAEMATOPOIETIC_AND_LYMPHOID_TISSUE	COCCOC1=C(C=C2C(=C1)C(=NC=N2)NC3=CC=CC(=C3)C#C)OCCOC	0.9364899443243664
HARA_LUNG	COCCOC1=C(C=C2C(=C1)C(=NC=N2)NC3=CC=CC(=C3)C#C)OCCOC	0.6825181731227532
HC1_HAEMATOPOIETIC_AND_LYMPHOID_TISSUE	COCCOC1=C(C=C2C(=C1)C(=NC=N2)NC3=CC=CC(=C3)C#C)OCCOC	0.8761915641101821
HCC1143_BREAST	COCCOC1=C(C=C2C(=C1)C(=NC=N2)NC3=CC=CC(=C3)C#C)OCCOC	0.7108187065792009
HCC1171_LUNG	COCCOC1=C(C=C2C(=C1)C(=NC=N2)NC3=CC=CC(=C3)C#C)OCCOC	0.5751188710263946
HCC1195_LUNG	COCCOC1=C(C=C2C(=C1)C(=NC=N2)NC3=CC=CC(=C3)C#C)OCCOC	0.8318812077638716
HCC1395_BREAST	COCCOC1=C(C=C2C(=C1)C(=NC=N2)NC3=CC=CC(=C3)C#C)OCCOC	0.7879647074218504
HCC1428_BREAST	COCCOC1=C(C=C2C(=C1)C(=NC=N2)NC3=CC=CC(=C3)C#C)OCCOC	0.8640039307105929
HCC1500_BREAST	COCCOC1=C(C=C2C(=C1)C(=NC=N2)NC3=CC=CC(=C3)C#C)OCCOC	0.8120234047707576
HCC1599_BREAST	COCCOC1=C(C=C2C(=C1)C(=NC=N2)NC3=CC=CC(=C3)C#C)OCCOC	0.8663971047777718
HCC15_LUNG	COCCOC1=C(C=C2C(=C1)C(=NC=N2)NC3=CC=CC(=C3)C#C)OCCOC	0.707877685331304
HCC1833_LUNG	COCCOC1=C(C=C2C(=C1)C(=NC=N2)NC3=CC=CC(=C3)C#C)OCCOC	0.8216041978544805
HCC2108_LUNG	COCCOC1=C(C=C2C(=C1)C(=NC=N2)NC3=CC=CC(=C3)C#C)OCCOC	0.607352137943574
HCC2157_BREAST	COCCOC1=C(C=C2C(=C1)C(=NC=N2)NC3=CC=CC(=C3)C#C)OCCOC	0.8453220890788788
HCC2218_BREAST	COCCOC1=C(C=C2C(=C1)C(=NC=N2)NC3=CC=CC(=C3)C#C)OCCOC	0.6575116054953545
HCC2279_LUNG	COCCOC1=C(C=C2C(=C1)C(=NC=N2)NC3=CC=CC(=C3)C#C)OCCOC	0.7081653367526287
HCC2998_LARGE_INTESTINE	COCCOC1=C(C=C2C(=C1)C(=NC=N2)NC3=CC=CC(=C3)C#C)OCCOC	0.964998246807705
HCC33_LUNG	COCCOC1=C(C=C2C(=C1)C(=NC=N2)NC3=CC=CC(=C3)C#C)OCCOC	0.96690538354359
HCC366_LUNG	COCCOC1=C(C=C2C(=C1)C(=NC=N2)NC3=CC=CC(=C3)C#C)OCCOC	0.735734801812176
HCC38_BREAST	COCCOC1=C(C=C2C(=C1)C(=NC=N2)NC3=CC=CC(=C3)C#C)OCCOC	0.9950439404629996
HCC4006_LUNG	COCCOC1=C(C=C2C(=C1)C(=NC=N2)NC3=CC=CC(=C3)C#C)OCCOC	0.1526954390284554
HCC56_LARGE_INTESTINE	COCCOC1=C(C=C2C(=C1)C(=NC=N2)NC3=CC=CC(=C3)C#C)OCCOC	0.8305260665474712
HCC78_LUNG	COCCOC1=C(C=C2C(=C1)C(=NC=N2)NC3=CC=CC(=C3)C#C)OCCOC	0.9063066564053424
HCC827_LUNG	COCCOC1=C(C=C2C(=C1)C(=NC=N2)NC3=CC=CC(=C3)C#C)OCCOC	0.2525067039596278
HCT116_LARGE_INTESTINE	COCCOC1=C(C=C2C(=C1)C(=NC=N2)NC3=CC=CC(=C3)C#C)OCCOC	0.9577859127623238
HDLM2_HAEMATOPOIETIC_AND_LYMPHOID_TISSUE	COCCOC1=C(C=C2C(=C1)C(=NC=N2)NC3=CC=CC(=C3)C#C)OCCOC	0.6940721280158022
HDMYZ_HAEMATOPOIETIC_AND_LYMPHOID_TISSUE	COCCOC1=C(C=C2C(=C1)C(=NC=N2)NC3=CC=CC(=C3)C#C)OCCOC	0.8715559919788572
HDQP1_BREAST	COCCOC1=C(C=C2C(=C1)C(=NC=N2)NC3=CC=CC(=C3)C#C)OCCOC	0.5797137725879212
HEC108_ENDOMETRIUM	COCCOC1=C(C=C2C(=C1)C(=NC=N2)NC3=CC=CC(=C3)C#C)OCCOC	0.723957579623625
HEC1_ENDOMETRIUM	COCCOC1=C(C=C2C(=C1)C(=NC=N2)NC3=CC=CC(=C3)C#C)OCCOC	0.9259775162970778
HEC265_ENDOMETRIUM	COCCOC1=C(C=C2C(=C1)C(=NC=N2)NC3=CC=CC(=C3)C#C)OCCOC	0.8259416140640624
HEC50B_ENDOMETRIUM	COCCOC1=C(C=C2C(=C1)C(=NC=N2)NC3=CC=CC(=C3)C#C)OCCOC	0.6924988567835388
HEC59_ENDOMETRIUM	COCCOC1=C(C=C2C(=C1)C(=NC=N2)NC3=CC=CC(=C3)C#C)OCCOC	0.6220445154398618
HEC6_ENDOMETRIUM	COCCOC1=C(C=C2C(=C1)C(=NC=N2)NC3=CC=CC(=C3)C#C)OCCOC	0.7099723211309433
HEL9217_HAEMATOPOIETIC_AND_LYMPHOID_TISSUE	COCCOC1=C(C=C2C(=C1)C(=NC=N2)NC3=CC=CC(=C3)C#C)OCCOC	0.7269477044758932
HEMCSS_BONE	COCCOC1=C(C=C2C(=C1)C(=NC=N2)NC3=CC=CC(=C3)C#C)OCCOC	0.9778684502760406
HEP3B217_LIVER	COCCOC1=C(C=C2C(=C1)C(=NC=N2)NC3=CC=CC(=C3)C#C)OCCOC	0.7307095036970817
HEPG2_LIVER	COCCOC1=C(C=C2C(=C1)C(=NC=N2)NC3=CC=CC(=C3)C#C)OCCOC	0.6792136108248984
HL60_HAEMATOPOIETIC_AND_LYMPHOID_TISSUE	COCCOC1=C(C=C2C(=C1)C(=NC=N2)NC3=CC=CC(=C3)C#C)OCCOC	0.910199839094214
HLE_LIVER	COCCOC1=C(C=C2C(=C1)C(=NC=N2)NC3=CC=CC(=C3)C#C)OCCOC	0.8677646616973902
HLF_LIVER	COCCOC1=C(C=C2C(=C1)C(=NC=N2)NC3=CC=CC(=C3)C#C)OCCOC	0.8555770682444921
HMCB_SKIN	COCCOC1=C(C=C2C(=C1)C(=NC=N2)NC3=CC=CC(=C3)C#C)OCCOC	0.7009687976908391
HMVII_SKIN	COCCOC1=C(C=C2C(=C1)C(=NC=N2)NC3=CC=CC(=C3)C#C)OCCOC	0.9454981971086284
HO1N1_UPPER_AERODIGESTIVE_TRACT	COCCOC1=C(C=C2C(=C1)C(=NC=N2)NC3=CC=CC(=C3)C#C)OCCOC	0.7314403757770549
HO1U1_UPPER_AERODIGESTIVE_TRACT	COCCOC1=C(C=C2C(=C1)C(=NC=N2)NC3=CC=CC(=C3)C#C)OCCOC	0.6286864828805833
HOP92_LUNG	COCCOC1=C(C=C2C(=C1)C(=NC=N2)NC3=CC=CC(=C3)C#C)OCCOC	0.708214093509854
HS294T_SKIN	COCCOC1=C(C=C2C(=C1)C(=NC=N2)NC3=CC=CC(=C3)C#C)OCCOC	0.6961815764114063
HS445_HAEMATOPOIETIC_AND_LYMPHOID_TISSUE	COCCOC1=C(C=C2C(=C1)C(=NC=N2)NC3=CC=CC(=C3)C#C)OCCOC	0.8047156261291724
HS578T_BREAST	COCCOC1=C(C=C2C(=C1)C(=NC=N2)NC3=CC=CC(=C3)C#C)OCCOC	0.8719197711037479
HS611T_HAEMATOPOIETIC_AND_LYMPHOID_TISSUE	COCCOC1=C(C=C2C(=C1)C(=NC=N2)NC3=CC=CC(=C3)C#C)OCCOC	0.568234430967605
HS633T_SOFT_TISSUE	COCCOC1=C(C=C2C(=C1)C(=NC=N2)NC3=CC=CC(=C3)C#C)OCCOC	0.9090505236380186
HS683_CENTRAL_NERVOUS_SYSTEM	COCCOC1=C(C=C2C(=C1)C(=NC=N2)NC3=CC=CC(=C3)C#C)OCCOC	0.8886251636413225
HS729_SOFT_TISSUE	COCCOC1=C(C=C2C(=C1)C(=NC=N2)NC3=CC=CC(=C3)C#C)OCCOC	0.7899382057032031
HS746T_STOMACH	COCCOC1=C(C=C2C(=C1)C(=NC=N2)NC3=CC=CC(=C3)C#C)OCCOC	0.8265123161780479
HS766T_PANCREAS	COCCOC1=C(C=C2C(=C1)C(=NC=N2)NC3=CC=CC(=C3)C#C)OCCOC	0.7019216538637016
HS839T_FIBROBLAST	COCCOC1=C(C=C2C(=C1)C(=NC=N2)NC3=CC=CC(=C3)C#C)OCCOC	0.7903841484590441
HS852T_SKIN	COCCOC1=C(C=C2C(=C1)C(=NC=N2)NC3=CC=CC(=C3)C#C)OCCOC	0.8135011399587866
HS888T_FIBROBLAST	COCCOC1=C(C=C2C(=C1)C(=NC=N2)NC3=CC=CC(=C3)C#C)OCCOC	0.4125622732507045
HS895T_FIBROBLAST	COCCOC1=C(C=C2C(=C1)C(=NC=N2)NC3=CC=CC(=C3)C#C)OCCOC	0.7983780796387768
HS936T_SKIN	COCCOC1=C(C=C2C(=C1)C(=NC=N2)NC3=CC=CC(=C3)C#C)OCCOC	0.9006157648716627
HS944T_SKIN	COCCOC1=C(C=C2C(=C1)C(=NC=N2)NC3=CC=CC(=C3)C#C)OCCOC	0.7161462362495833
HSC2_UPPER_AERODIGESTIVE_TRACT	COCCOC1=C(C=C2C(=C1)C(=NC=N2)NC3=CC=CC(=C3)C#C)OCCOC	0.4920432453464466
HSC39_STOMACH	COCCOC1=C(C=C2C(=C1)C(=NC=N2)NC3=CC=CC(=C3)C#C)OCCOC	0.9381100848986859
HSC3_UPPER_AERODIGESTIVE_TRACT	COCCOC1=C(C=C2C(=C1)C(=NC=N2)NC3=CC=CC(=C3)C#C)OCCOC	0.5161907509987067
HSC4_UPPER_AERODIGESTIVE_TRACT	COCCOC1=C(C=C2C(=C1)C(=NC=N2)NC3=CC=CC(=C3)C#C)OCCOC	0.5658731386687197
HT1080_SOFT_TISSUE	COCCOC1=C(C=C2C(=C1)C(=NC=N2)NC3=CC=CC(=C3)C#C)OCCOC	0.8254912399745715
HT115_LARGE_INTESTINE	COCCOC1=C(C=C2C(=C1)C(=NC=N2)NC3=CC=CC(=C3)C#C)OCCOC	0.2059094272553714
HT1197_URINARY_TRACT	COCCOC1=C(C=C2C(=C1)C(=NC=N2)NC3=CC=CC(=C3)C#C)OCCOC	0.8496027381649218
HT1376_URINARY_TRACT	COCCOC1=C(C=C2C(=C1)C(=NC=N2)NC3=CC=CC(=C3)C#C)OCCOC	0.6161347372552848
HT3_CERVIX	COCCOC1=C(C=C2C(=C1)C(=NC=N2)NC3=CC=CC(=C3)C#C)OCCOC	0.8341989211573273
HTCC3_THYROID	COCCOC1=C(C=C2C(=C1)C(=NC=N2)NC3=CC=CC(=C3)C#C)OCCOC	0.8910100972850414
HT_HAEMATOPOIETIC_AND_LYMPHOID_TISSUE	COCCOC1=C(C=C2C(=C1)C(=NC=N2)NC3=CC=CC(=C3)C#C)OCCOC	0.9599620987033957
HUCCT1_BILIARY_TRACT	COCCOC1=C(C=C2C(=C1)C(=NC=N2)NC3=CC=CC(=C3)C#C)OCCOC	0.5948288175444817
HUH28_BILIARY_TRACT	COCCOC1=C(C=C2C(=C1)C(=NC=N2)NC3=CC=CC(=C3)C#C)OCCOC	0.6798625251522772
HUNS1_HAEMATOPOIETIC_AND_LYMPHOID_TISSUE	COCCOC1=C(C=C2C(=C1)C(=NC=N2)NC3=CC=CC(=C3)C#C)OCCOC	0.7501776318979363
HUO3N1_BONE	COCCOC1=C(C=C2C(=C1)C(=NC=N2)NC3=CC=CC(=C3)C#C)OCCOC	0.96896639115506
HUO9_BONE	COCCOC1=C(C=C2C(=C1)C(=NC=N2)NC3=CC=CC(=C3)C#C)OCCOC	0.9456327689684308
HUPT3_PANCREAS	COCCOC1=C(C=C2C(=C1)C(=NC=N2)NC3=CC=CC(=C3)C#C)OCCOC	0.9196954421213996
HUTU80_SMALL_INTESTINE	COCCOC1=C(C=C2C(=C1)C(=NC=N2)NC3=CC=CC(=C3)C#C)OCCOC	0.9699043477070302
IGR1_SKIN	COCCOC1=C(C=C2C(=C1)C(=NC=N2)NC3=CC=CC(=C3)C#C)OCCOC	0.7930677528359378
IGR37_SKIN	COCCOC1=C(C=C2C(=C1)C(=NC=N2)NC3=CC=CC(=C3)C#C)OCCOC	0.8869964428862187
IGR39_SKIN	COCCOC1=C(C=C2C(=C1)C(=NC=N2)NC3=CC=CC(=C3)C#C)OCCOC	0.7664991416406557
IGROV1_OVARY	COCCOC1=C(C=C2C(=C1)C(=NC=N2)NC3=CC=CC(=C3)C#C)OCCOC	0.4755953290864756
IHH4_THYROID	COCCOC1=C(C=C2C(=C1)C(=NC=N2)NC3=CC=CC(=C3)C#C)OCCOC	0.9469850170828488
IM95_STOMACH	COCCOC1=C(C=C2C(=C1)C(=NC=N2)NC3=CC=CC(=C3)C#C)OCCOC	0.7881131818585742
IM9_HAEMATOPOIETIC_AND_LYMPHOID_TISSUE	COCCOC1=C(C=C2C(=C1)C(=NC=N2)NC3=CC=CC(=C3)C#C)OCCOC	1.0373512968799319
IMR5_AUTONOMIC_GANGLIA	COCCOC1=C(C=C2C(=C1)C(=NC=N2)NC3=CC=CC(=C3)C#C)OCCOC	0.92020017221494
IPC298_SKIN	COCCOC1=C(C=C2C(=C1)C(=NC=N2)NC3=CC=CC(=C3)C#C)OCCOC	0.6134438047365073
ISHIKAWAHERAKLIO02ER_ENDOMETRIUM	COCCOC1=C(C=C2C(=C1)C(=NC=N2)NC3=CC=CC(=C3)C#C)OCCOC	0.6429282168399042
ISTMEL1_SKIN	COCCOC1=C(C=C2C(=C1)C(=NC=N2)NC3=CC=CC(=C3)C#C)OCCOC	0.947204300588542
ISTMES1_PLEURA	COCCOC1=C(C=C2C(=C1)C(=NC=N2)NC3=CC=CC(=C3)C#C)OCCOC	0.896760539804952
ISTSL1_LUNG	COCCOC1=C(C=C2C(=C1)C(=NC=N2)NC3=CC=CC(=C3)C#C)OCCOC	0.8487429980693927
ISTSL2_LUNG	COCCOC1=C(C=C2C(=C1)C(=NC=N2)NC3=CC=CC(=C3)C#C)OCCOC	0.8857689349011952
J82_URINARY_TRACT	COCCOC1=C(C=C2C(=C1)C(=NC=N2)NC3=CC=CC(=C3)C#C)OCCOC	0.8382931380743388
JAR_PLACENTA	COCCOC1=C(C=C2C(=C1)C(=NC=N2)NC3=CC=CC(=C3)C#C)OCCOC	0.8500629862513049
JEKO1_HAEMATOPOIETIC_AND_LYMPHOID_TISSUE	COCCOC1=C(C=C2C(=C1)C(=NC=N2)NC3=CC=CC(=C3)C#C)OCCOC	0.7143254947119609
JHH1_LIVER	COCCOC1=C(C=C2C(=C1)C(=NC=N2)NC3=CC=CC(=C3)C#C)OCCOC	0.6786722764342702
JHH2_LIVER	COCCOC1=C(C=C2C(=C1)C(=NC=N2)NC3=CC=CC(=C3)C#C)OCCOC	0.8275444264856608
JHH4_LIVER	COCCOC1=C(C=C2C(=C1)C(=NC=N2)NC3=CC=CC(=C3)C#C)OCCOC	0.7279242567488879
JHH6_LIVER	COCCOC1=C(C=C2C(=C1)C(=NC=N2)NC3=CC=CC(=C3)C#C)OCCOC	1.0187684261675611
JHH7_LIVER	COCCOC1=C(C=C2C(=C1)C(=NC=N2)NC3=CC=CC(=C3)C#C)OCCOC	0.907460022463335
JHOC5_OVARY	COCCOC1=C(C=C2C(=C1)C(=NC=N2)NC3=CC=CC(=C3)C#C)OCCOC	0.4590227465226218
JHOM1_OVARY	COCCOC1=C(C=C2C(=C1)C(=NC=N2)NC3=CC=CC(=C3)C#C)OCCOC	0.883025515848965
JHOS2_OVARY	COCCOC1=C(C=C2C(=C1)C(=NC=N2)NC3=CC=CC(=C3)C#C)OCCOC	0.7760739158762388
JHU022_UPPER_AERODIGESTIVE_TRACT	COCCOC1=C(C=C2C(=C1)C(=NC=N2)NC3=CC=CC(=C3)C#C)OCCOC	0.6218505214878182
JHUEM1_ENDOMETRIUM	COCCOC1=C(C=C2C(=C1)C(=NC=N2)NC3=CC=CC(=C3)C#C)OCCOC	0.5508839723173429
JHUEM2_ENDOMETRIUM	COCCOC1=C(C=C2C(=C1)C(=NC=N2)NC3=CC=CC(=C3)C#C)OCCOC	0.2423086002606139
JHUEM3_ENDOMETRIUM	COCCOC1=C(C=C2C(=C1)C(=NC=N2)NC3=CC=CC(=C3)C#C)OCCOC	0.3460479666050486
JHUEM7_ENDOMETRIUM	COCCOC1=C(C=C2C(=C1)C(=NC=N2)NC3=CC=CC(=C3)C#C)OCCOC	0.4376245568047516
JIYOYEP2003_HAEMATOPOIETIC_AND_LYMPHOID_TISSUE	COCCOC1=C(C=C2C(=C1)C(=NC=N2)NC3=CC=CC(=C3)C#C)OCCOC	0.7699399123717263
JJN3_HAEMATOPOIETIC_AND_LYMPHOID_TISSUE	COCCOC1=C(C=C2C(=C1)C(=NC=N2)NC3=CC=CC(=C3)C#C)OCCOC	0.8334667698821501
JK1_HAEMATOPOIETIC_AND_LYMPHOID_TISSUE	COCCOC1=C(C=C2C(=C1)C(=NC=N2)NC3=CC=CC(=C3)C#C)OCCOC	0.1678004542561895
JL1_PLEURA	COCCOC1=C(C=C2C(=C1)C(=NC=N2)NC3=CC=CC(=C3)C#C)OCCOC	0.6096003927391739
JM1_HAEMATOPOIETIC_AND_LYMPHOID_TISSUE	COCCOC1=C(C=C2C(=C1)C(=NC=N2)NC3=CC=CC(=C3)C#C)OCCOC	0.7752932806580677
JMSU1_URINARY_TRACT	COCCOC1=C(C=C2C(=C1)C(=NC=N2)NC3=CC=CC(=C3)C#C)OCCOC	0.4021137958726021
JSC1_HAEMATOPOIETIC_AND_LYMPHOID_TISSUE	COCCOC1=C(C=C2C(=C1)C(=NC=N2)NC3=CC=CC(=C3)C#C)OCCOC	0.8421411380655501
JURKAT_HAEMATOPOIETIC_AND_LYMPHOID_TISSUE	COCCOC1=C(C=C2C(=C1)C(=NC=N2)NC3=CC=CC(=C3)C#C)OCCOC	0.5904940911888156
JVM2_HAEMATOPOIETIC_AND_LYMPHOID_TISSUE	COCCOC1=C(C=C2C(=C1)C(=NC=N2)NC3=CC=CC(=C3)C#C)OCCOC	0.8800411737488748
JVM3_HAEMATOPOIETIC_AND_LYMPHOID_TISSUE	COCCOC1=C(C=C2C(=C1)C(=NC=N2)NC3=CC=CC(=C3)C#C)OCCOC	0.7226589986278734
K562_HAEMATOPOIETIC_AND_LYMPHOID_TISSUE	COCCOC1=C(C=C2C(=C1)C(=NC=N2)NC3=CC=CC(=C3)C#C)OCCOC	0.8161250277741517
K5_THYROID	COCCOC1=C(C=C2C(=C1)C(=NC=N2)NC3=CC=CC(=C3)C#C)OCCOC	0.9651010575868275
KARPAS231_HAEMATOPOIETIC_AND_LYMPHOID_TISSUE	COCCOC1=C(C=C2C(=C1)C(=NC=N2)NC3=CC=CC(=C3)C#C)OCCOC	0.8126133022542988
KARPAS299_HAEMATOPOIETIC_AND_LYMPHOID_TISSUE	COCCOC1=C(C=C2C(=C1)C(=NC=N2)NC3=CC=CC(=C3)C#C)OCCOC	0.787598232887771
KARPAS422_HAEMATOPOIETIC_AND_LYMPHOID_TISSUE	COCCOC1=C(C=C2C(=C1)C(=NC=N2)NC3=CC=CC(=C3)C#C)OCCOC	0.9346798625938493
KARPAS620_HAEMATOPOIETIC_AND_LYMPHOID_TISSUE	COCCOC1=C(C=C2C(=C1)C(=NC=N2)NC3=CC=CC(=C3)C#C)OCCOC	1.0502770737083016
KASUMI1_HAEMATOPOIETIC_AND_LYMPHOID_TISSUE	COCCOC1=C(C=C2C(=C1)C(=NC=N2)NC3=CC=CC(=C3)C#C)OCCOC	0.7745299384900018
KASUMI2_HAEMATOPOIETIC_AND_LYMPHOID_TISSUE	COCCOC1=C(C=C2C(=C1)C(=NC=N2)NC3=CC=CC(=C3)C#C)OCCOC	0.3667990420921845
KATOIII_STOMACH	COCCOC1=C(C=C2C(=C1)C(=NC=N2)NC3=CC=CC(=C3)C#C)OCCOC	0.6577062765294963
KE37_HAEMATOPOIETIC_AND_LYMPHOID_TISSUE	COCCOC1=C(C=C2C(=C1)C(=NC=N2)NC3=CC=CC(=C3)C#C)OCCOC	0.6224935813399667
KE39_STOMACH	COCCOC1=C(C=C2C(=C1)C(=NC=N2)NC3=CC=CC(=C3)C#C)OCCOC	0.5095883270326373
KE97_STOMACH	COCCOC1=C(C=C2C(=C1)C(=NC=N2)NC3=CC=CC(=C3)C#C)OCCOC	0.4101513750416679
KELLY_AUTONOMIC_GANGLIA	COCCOC1=C(C=C2C(=C1)C(=NC=N2)NC3=CC=CC(=C3)C#C)OCCOC	0.8094471591669244
KG1C_CENTRAL_NERVOUS_SYSTEM	COCCOC1=C(C=C2C(=C1)C(=NC=N2)NC3=CC=CC(=C3)C#C)OCCOC	0.6064072327949331
KG1_HAEMATOPOIETIC_AND_LYMPHOID_TISSUE	COCCOC1=C(C=C2C(=C1)C(=NC=N2)NC3=CC=CC(=C3)C#C)OCCOC	0.9314987314342547
KGN_OVARY	COCCOC1=C(C=C2C(=C1)C(=NC=N2)NC3=CC=CC(=C3)C#C)OCCOC	0.8846203525623775
KIJK_HAEMATOPOIETIC_AND_LYMPHOID_TISSUE	COCCOC1=C(C=C2C(=C1)C(=NC=N2)NC3=CC=CC(=C3)C#C)OCCOC	0.3015654981969151
KLE_ENDOMETRIUM	COCCOC1=C(C=C2C(=C1)C(=NC=N2)NC3=CC=CC(=C3)C#C)OCCOC	0.8025955089008663
KMH2_HAEMATOPOIETIC_AND_LYMPHOID_TISSUE	COCCOC1=C(C=C2C(=C1)C(=NC=N2)NC3=CC=CC(=C3)C#C)OCCOC	0.8197608760073347
KMOE2_HAEMATOPOIETIC_AND_LYMPHOID_TISSUE	COCCOC1=C(C=C2C(=C1)C(=NC=N2)NC3=CC=CC(=C3)C#C)OCCOC	0.9146827084357729
KMRC1_KIDNEY	COCCOC1=C(C=C2C(=C1)C(=NC=N2)NC3=CC=CC(=C3)C#C)OCCOC	0.8347484596540586
KMRC20_KIDNEY	COCCOC1=C(C=C2C(=C1)C(=NC=N2)NC3=CC=CC(=C3)C#C)OCCOC	0.7804278674470544
KMRC2_KIDNEY	COCCOC1=C(C=C2C(=C1)C(=NC=N2)NC3=CC=CC(=C3)C#C)OCCOC	0.8038696093063424
KMS11_HAEMATOPOIETIC_AND_LYMPHOID_TISSUE	COCCOC1=C(C=C2C(=C1)C(=NC=N2)NC3=CC=CC(=C3)C#C)OCCOC	0.6269628291766416
KMS12BM_HAEMATOPOIETIC_AND_LYMPHOID_TISSUE	COCCOC1=C(C=C2C(=C1)C(=NC=N2)NC3=CC=CC(=C3)C#C)OCCOC	0.628151937625785
KMS20_HAEMATOPOIETIC_AND_LYMPHOID_TISSUE	COCCOC1=C(C=C2C(=C1)C(=NC=N2)NC3=CC=CC(=C3)C#C)OCCOC	0.4208810909421497
KMS21BM_HAEMATOPOIETIC_AND_LYMPHOID_TISSUE	COCCOC1=C(C=C2C(=C1)C(=NC=N2)NC3=CC=CC(=C3)C#C)OCCOC	0.7240554244068002
KMS27_HAEMATOPOIETIC_AND_LYMPHOID_TISSUE	COCCOC1=C(C=C2C(=C1)C(=NC=N2)NC3=CC=CC(=C3)C#C)OCCOC	0.979190492893724
KMS28BM_HAEMATOPOIETIC_AND_LYMPHOID_TISSUE	COCCOC1=C(C=C2C(=C1)C(=NC=N2)NC3=CC=CC(=C3)C#C)OCCOC	0.8377437717809629
KMS34_HAEMATOPOIETIC_AND_LYMPHOID_TISSUE	COCCOC1=C(C=C2C(=C1)C(=NC=N2)NC3=CC=CC(=C3)C#C)OCCOC	0.4948895837752659
KNS60_CENTRAL_NERVOUS_SYSTEM	COCCOC1=C(C=C2C(=C1)C(=NC=N2)NC3=CC=CC(=C3)C#C)OCCOC	0.8898434702566743
KNS62_LUNG	COCCOC1=C(C=C2C(=C1)C(=NC=N2)NC3=CC=CC(=C3)C#C)OCCOC	0.7975040786278995
KNS81FD_CENTRAL_NERVOUS_SYSTEM	COCCOC1=C(C=C2C(=C1)C(=NC=N2)NC3=CC=CC(=C3)C#C)OCCOC	0.8857169136682184
KO52_HAEMATOPOIETIC_AND_LYMPHOID_TISSUE	COCCOC1=C(C=C2C(=C1)C(=NC=N2)NC3=CC=CC(=C3)C#C)OCCOC	0.7138818653595563
KOPN8_HAEMATOPOIETIC_AND_LYMPHOID_TISSUE	COCCOC1=C(C=C2C(=C1)C(=NC=N2)NC3=CC=CC(=C3)C#C)OCCOC	0.7989902438737992
KP1N_PANCREAS	COCCOC1=C(C=C2C(=C1)C(=NC=N2)NC3=CC=CC(=C3)C#C)OCCOC	0.9061755230360587
KP2_PANCREAS	COCCOC1=C(C=C2C(=C1)C(=NC=N2)NC3=CC=CC(=C3)C#C)OCCOC	0.9392413602477252
KP3_PANCREAS	COCCOC1=C(C=C2C(=C1)C(=NC=N2)NC3=CC=CC(=C3)C#C)OCCOC	0.7462199478834346
KP4_PANCREAS	COCCOC1=C(C=C2C(=C1)C(=NC=N2)NC3=CC=CC(=C3)C#C)OCCOC	0.8662898782525801
KPL1_BREAST	COCCOC1=C(C=C2C(=C1)C(=NC=N2)NC3=CC=CC(=C3)C#C)OCCOC	0.922177076578078
KPNYN_AUTONOMIC_GANGLIA	COCCOC1=C(C=C2C(=C1)C(=NC=N2)NC3=CC=CC(=C3)C#C)OCCOC	1.0236689638828353
KU1919_URINARY_TRACT	COCCOC1=C(C=C2C(=C1)C(=NC=N2)NC3=CC=CC(=C3)C#C)OCCOC	0.7592956616361479
KY821_HAEMATOPOIETIC_AND_LYMPHOID_TISSUE	COCCOC1=C(C=C2C(=C1)C(=NC=N2)NC3=CC=CC(=C3)C#C)OCCOC	1.0028718928130331
KYAE1_OESOPHAGUS	COCCOC1=C(C=C2C(=C1)C(=NC=N2)NC3=CC=CC(=C3)C#C)OCCOC	0.7651453556804348
KYO1_HAEMATOPOIETIC_AND_LYMPHOID_TISSUE	COCCOC1=C(C=C2C(=C1)C(=NC=N2)NC3=CC=CC(=C3)C#C)OCCOC	0.196722050668202
KYSE140_OESOPHAGUS	COCCOC1=C(C=C2C(=C1)C(=NC=N2)NC3=CC=CC(=C3)C#C)OCCOC	0.526358355487915
KYSE150_OESOPHAGUS	COCCOC1=C(C=C2C(=C1)C(=NC=N2)NC3=CC=CC(=C3)C#C)OCCOC	0.6494906074671949
KYSE220_OESOPHAGUS	COCCOC1=C(C=C2C(=C1)C(=NC=N2)NC3=CC=CC(=C3)C#C)OCCOC	0.6926009930684895
KYSE270_OESOPHAGUS	COCCOC1=C(C=C2C(=C1)C(=NC=N2)NC3=CC=CC(=C3)C#C)OCCOC	0.7291893873315526
KYSE30_OESOPHAGUS	COCCOC1=C(C=C2C(=C1)C(=NC=N2)NC3=CC=CC(=C3)C#C)OCCOC	0.723525454634989
KYSE410_OESOPHAGUS	COCCOC1=C(C=C2C(=C1)C(=NC=N2)NC3=CC=CC(=C3)C#C)OCCOC	0.560938068445763
KYSE450_OESOPHAGUS	COCCOC1=C(C=C2C(=C1)C(=NC=N2)NC3=CC=CC(=C3)C#C)OCCOC	0.6203172850539375
KYSE50_OESOPHAGUS	COCCOC1=C(C=C2C(=C1)C(=NC=N2)NC3=CC=CC(=C3)C#C)OCCOC	0.7876632665775041
KYSE510_OESOPHAGUS	COCCOC1=C(C=C2C(=C1)C(=NC=N2)NC3=CC=CC(=C3)C#C)OCCOC	0.7427778703142519
KYSE520_OESOPHAGUS	COCCOC1=C(C=C2C(=C1)C(=NC=N2)NC3=CC=CC(=C3)C#C)OCCOC	0.5851390961059368
KYSE70_OESOPHAGUS	COCCOC1=C(C=C2C(=C1)C(=NC=N2)NC3=CC=CC(=C3)C#C)OCCOC	0.7321797231880801
L1236_HAEMATOPOIETIC_AND_LYMPHOID_TISSUE	COCCOC1=C(C=C2C(=C1)C(=NC=N2)NC3=CC=CC(=C3)C#C)OCCOC	0.9773752855021254
L363_HAEMATOPOIETIC_AND_LYMPHOID_TISSUE	COCCOC1=C(C=C2C(=C1)C(=NC=N2)NC3=CC=CC(=C3)C#C)OCCOC	0.8769922346721001
LAMA84_HAEMATOPOIETIC_AND_LYMPHOID_TISSUE	COCCOC1=C(C=C2C(=C1)C(=NC=N2)NC3=CC=CC(=C3)C#C)OCCOC	0.6404100642211991
LAN6_AUTONOMIC_GANGLIA	COCCOC1=C(C=C2C(=C1)C(=NC=N2)NC3=CC=CC(=C3)C#C)OCCOC	0.9136172713522536
LB1047RCC_KIDNEY	COCCOC1=C(C=C2C(=C1)C(=NC=N2)NC3=CC=CC(=C3)C#C)OCCOC	0.7286546613804674
LB2241RCC_KIDNEY	COCCOC1=C(C=C2C(=C1)C(=NC=N2)NC3=CC=CC(=C3)C#C)OCCOC	0.6017608250879735
LB771HNC_UPPER_AERODIGESTIVE_TRACT	COCCOC1=C(C=C2C(=C1)C(=NC=N2)NC3=CC=CC(=C3)C#C)OCCOC	0.7866397153392676
LB996RCC_KIDNEY	COCCOC1=C(C=C2C(=C1)C(=NC=N2)NC3=CC=CC(=C3)C#C)OCCOC	0.5643651796370117
LC1SQ_LUNG	COCCOC1=C(C=C2C(=C1)C(=NC=N2)NC3=CC=CC(=C3)C#C)OCCOC	0.6697152996508992
LC2AD_LUNG	COCCOC1=C(C=C2C(=C1)C(=NC=N2)NC3=CC=CC(=C3)C#C)OCCOC	0.7526704572954888
LCLC103H_LUNG	COCCOC1=C(C=C2C(=C1)C(=NC=N2)NC3=CC=CC(=C3)C#C)OCCOC	0.9422797194918644
LCLC97TM1_LUNG	COCCOC1=C(C=C2C(=C1)C(=NC=N2)NC3=CC=CC(=C3)C#C)OCCOC	0.7133897410317531
LMSU_STOMACH	COCCOC1=C(C=C2C(=C1)C(=NC=N2)NC3=CC=CC(=C3)C#C)OCCOC	0.8168115844419528
LN229_CENTRAL_NERVOUS_SYSTEM	COCCOC1=C(C=C2C(=C1)C(=NC=N2)NC3=CC=CC(=C3)C#C)OCCOC	0.7134435239108428
LN405_CENTRAL_NERVOUS_SYSTEM	COCCOC1=C(C=C2C(=C1)C(=NC=N2)NC3=CC=CC(=C3)C#C)OCCOC	0.9226528767932938
LNCAPCLONEFGC_PROSTATE	COCCOC1=C(C=C2C(=C1)C(=NC=N2)NC3=CC=CC(=C3)C#C)OCCOC	0.8400382479384705
LOUCY_HAEMATOPOIETIC_AND_LYMPHOID_TISSUE	COCCOC1=C(C=C2C(=C1)C(=NC=N2)NC3=CC=CC(=C3)C#C)OCCOC	0.7730083550639375
LOUNH91_LUNG	COCCOC1=C(C=C2C(=C1)C(=NC=N2)NC3=CC=CC(=C3)C#C)OCCOC	0.6378028014798907
LOVO_LARGE_INTESTINE	COCCOC1=C(C=C2C(=C1)C(=NC=N2)NC3=CC=CC(=C3)C#C)OCCOC	0.4725997850604531
LOXIMVI_SKIN	COCCOC1=C(C=C2C(=C1)C(=NC=N2)NC3=CC=CC(=C3)C#C)OCCOC	0.8476927995939177
LP1_HAEMATOPOIETIC_AND_LYMPHOID_TISSUE	COCCOC1=C(C=C2C(=C1)C(=NC=N2)NC3=CC=CC(=C3)C#C)OCCOC	0.8751323106746041
LS1034_LARGE_INTESTINE	COCCOC1=C(C=C2C(=C1)C(=NC=N2)NC3=CC=CC(=C3)C#C)OCCOC	0.9834836047871867
LS123_LARGE_INTESTINE	COCCOC1=C(C=C2C(=C1)C(=NC=N2)NC3=CC=CC(=C3)C#C)OCCOC	0.8079357678091926
LS180_LARGE_INTESTINE	COCCOC1=C(C=C2C(=C1)C(=NC=N2)NC3=CC=CC(=C3)C#C)OCCOC	0.6431636418925789
LS411N_LARGE_INTESTINE	COCCOC1=C(C=C2C(=C1)C(=NC=N2)NC3=CC=CC(=C3)C#C)OCCOC	1.0170013246994747
LS513_LARGE_INTESTINE	COCCOC1=C(C=C2C(=C1)C(=NC=N2)NC3=CC=CC(=C3)C#C)OCCOC	0.7429871497886301
LU134A_LUNG	COCCOC1=C(C=C2C(=C1)C(=NC=N2)NC3=CC=CC(=C3)C#C)OCCOC	0.9500802843876308
LU135_LUNG	COCCOC1=C(C=C2C(=C1)C(=NC=N2)NC3=CC=CC(=C3)C#C)OCCOC	1.0744546298483395
LU139_LUNG	COCCOC1=C(C=C2C(=C1)C(=NC=N2)NC3=CC=CC(=C3)C#C)OCCOC	0.9510325806467602
LU165_LUNG	COCCOC1=C(C=C2C(=C1)C(=NC=N2)NC3=CC=CC(=C3)C#C)OCCOC	0.9245195323979567
LU65_LUNG	COCCOC1=C(C=C2C(=C1)C(=NC=N2)NC3=CC=CC(=C3)C#C)OCCOC	0.7541464463064806
LU99_LUNG	COCCOC1=C(C=C2C(=C1)C(=NC=N2)NC3=CC=CC(=C3)C#C)OCCOC	0.6051115425467438
LXF289_LUNG	COCCOC1=C(C=C2C(=C1)C(=NC=N2)NC3=CC=CC(=C3)C#C)OCCOC	0.790413715063489
M14_SKIN	COCCOC1=C(C=C2C(=C1)C(=NC=N2)NC3=CC=CC(=C3)C#C)OCCOC	0.772942563887433
MC116_HAEMATOPOIETIC_AND_LYMPHOID_TISSUE	COCCOC1=C(C=C2C(=C1)C(=NC=N2)NC3=CC=CC(=C3)C#C)OCCOC	0.7041910613011202
MCAS_OVARY	COCCOC1=C(C=C2C(=C1)C(=NC=N2)NC3=CC=CC(=C3)C#C)OCCOC	0.6090284334373769
MCCAR_HAEMATOPOIETIC_AND_LYMPHOID_TISSUE	COCCOC1=C(C=C2C(=C1)C(=NC=N2)NC3=CC=CC(=C3)C#C)OCCOC	0.9382899697830279
MCF7_BREAST	COCCOC1=C(C=C2C(=C1)C(=NC=N2)NC3=CC=CC(=C3)C#C)OCCOC	0.9358997892716501
MDAMB157_BREAST	COCCOC1=C(C=C2C(=C1)C(=NC=N2)NC3=CC=CC(=C3)C#C)OCCOC	0.8954695181143302
MDAMB175VII_BREAST	COCCOC1=C(C=C2C(=C1)C(=NC=N2)NC3=CC=CC(=C3)C#C)OCCOC	0.485403130543021
MDAMB231_BREAST	COCCOC1=C(C=C2C(=C1)C(=NC=N2)NC3=CC=CC(=C3)C#C)OCCOC	0.8819049245831839
MDAMB361_BREAST	COCCOC1=C(C=C2C(=C1)C(=NC=N2)NC3=CC=CC(=C3)C#C)OCCOC	0.7696277117227621
MDAMB435S_SKIN	COCCOC1=C(C=C2C(=C1)C(=NC=N2)NC3=CC=CC(=C3)C#C)OCCOC	0.8399385905633503
MDAMB436_BREAST	COCCOC1=C(C=C2C(=C1)C(=NC=N2)NC3=CC=CC(=C3)C#C)OCCOC	0.9376099324696028
MDAMB453_BREAST	COCCOC1=C(C=C2C(=C1)C(=NC=N2)NC3=CC=CC(=C3)C#C)OCCOC	0.7380033276248869
MDAMB468_BREAST	COCCOC1=C(C=C2C(=C1)C(=NC=N2)NC3=CC=CC(=C3)C#C)OCCOC	0.6378319705446369
MDST8_LARGE_INTESTINE	COCCOC1=C(C=C2C(=C1)C(=NC=N2)NC3=CC=CC(=C3)C#C)OCCOC	0.8531423559970136
ME180_CERVIX	COCCOC1=C(C=C2C(=C1)C(=NC=N2)NC3=CC=CC(=C3)C#C)OCCOC	0.7296373592397006
ME1_HAEMATOPOIETIC_AND_LYMPHOID_TISSUE	COCCOC1=C(C=C2C(=C1)C(=NC=N2)NC3=CC=CC(=C3)C#C)OCCOC	0.9216041997184959
MEG01_HAEMATOPOIETIC_AND_LYMPHOID_TISSUE	COCCOC1=C(C=C2C(=C1)C(=NC=N2)NC3=CC=CC(=C3)C#C)OCCOC	0.8427487274601004
MELHO_SKIN	COCCOC1=C(C=C2C(=C1)C(=NC=N2)NC3=CC=CC(=C3)C#C)OCCOC	0.6766459847268098
MESSA_SOFT_TISSUE	COCCOC1=C(C=C2C(=C1)C(=NC=N2)NC3=CC=CC(=C3)C#C)OCCOC	0.8689404379700959
MEWO_SKIN	COCCOC1=C(C=C2C(=C1)C(=NC=N2)NC3=CC=CC(=C3)C#C)OCCOC	0.804085927962132
MFM223_BREAST	COCCOC1=C(C=C2C(=C1)C(=NC=N2)NC3=CC=CC(=C3)C#C)OCCOC	0.9441311202157756
MHHCALL2_HAEMATOPOIETIC_AND_LYMPHOID_TISSUE	COCCOC1=C(C=C2C(=C1)C(=NC=N2)NC3=CC=CC(=C3)C#C)OCCOC	0.7925867293480678
MHHCALL3_HAEMATOPOIETIC_AND_LYMPHOID_TISSUE	COCCOC1=C(C=C2C(=C1)C(=NC=N2)NC3=CC=CC(=C3)C#C)OCCOC	0.5470327229613019
MHHES1_BONE	COCCOC1=C(C=C2C(=C1)C(=NC=N2)NC3=CC=CC(=C3)C#C)OCCOC	0.7742480055262517
MHHPREB1_HAEMATOPOIETIC_AND_LYMPHOID_TISSUE	COCCOC1=C(C=C2C(=C1)C(=NC=N2)NC3=CC=CC(=C3)C#C)OCCOC	0.9380903189647063
MIAPACA2_PANCREAS	COCCOC1=C(C=C2C(=C1)C(=NC=N2)NC3=CC=CC(=C3)C#C)OCCOC	0.838522506990997
MINO_HAEMATOPOIETIC_AND_LYMPHOID_TISSUE	COCCOC1=C(C=C2C(=C1)C(=NC=N2)NC3=CC=CC(=C3)C#C)OCCOC	0.3814872503712233
MKN28_STOMACH	COCCOC1=C(C=C2C(=C1)C(=NC=N2)NC3=CC=CC(=C3)C#C)OCCOC	0.9168147998089592
MKN45_STOMACH	COCCOC1=C(C=C2C(=C1)C(=NC=N2)NC3=CC=CC(=C3)C#C)OCCOC	0.9947809267762615
MKN74_STOMACH	COCCOC1=C(C=C2C(=C1)C(=NC=N2)NC3=CC=CC(=C3)C#C)OCCOC	0.662542704665293
MM1S_HAEMATOPOIETIC_AND_LYMPHOID_TISSUE	COCCOC1=C(C=C2C(=C1)C(=NC=N2)NC3=CC=CC(=C3)C#C)OCCOC	0.9083336132604876
MN60_HAEMATOPOIETIC_AND_LYMPHOID_TISSUE	COCCOC1=C(C=C2C(=C1)C(=NC=N2)NC3=CC=CC(=C3)C#C)OCCOC	0.9540438830032589
MOGGCCM_CENTRAL_NERVOUS_SYSTEM	COCCOC1=C(C=C2C(=C1)C(=NC=N2)NC3=CC=CC(=C3)C#C)OCCOC	0.9069279472324204
MOGGUVW_CENTRAL_NERVOUS_SYSTEM	COCCOC1=C(C=C2C(=C1)C(=NC=N2)NC3=CC=CC(=C3)C#C)OCCOC	0.9076762395535392
MOLM13_HAEMATOPOIETIC_AND_LYMPHOID_TISSUE	COCCOC1=C(C=C2C(=C1)C(=NC=N2)NC3=CC=CC(=C3)C#C)OCCOC	0.5275702106113807
MOLM16_HAEMATOPOIETIC_AND_LYMPHOID_TISSUE	COCCOC1=C(C=C2C(=C1)C(=NC=N2)NC3=CC=CC(=C3)C#C)OCCOC	0.1455123305251674
MOLM6_HAEMATOPOIETIC_AND_LYMPHOID_TISSUE	COCCOC1=C(C=C2C(=C1)C(=NC=N2)NC3=CC=CC(=C3)C#C)OCCOC	0.2720651012151883
MOLP2_HAEMATOPOIETIC_AND_LYMPHOID_TISSUE	COCCOC1=C(C=C2C(=C1)C(=NC=N2)NC3=CC=CC(=C3)C#C)OCCOC	0.8228720175611381
MOLT13_HAEMATOPOIETIC_AND_LYMPHOID_TISSUE	COCCOC1=C(C=C2C(=C1)C(=NC=N2)NC3=CC=CC(=C3)C#C)OCCOC	0.7404029134913273
MOLT4_HAEMATOPOIETIC_AND_LYMPHOID_TISSUE	COCCOC1=C(C=C2C(=C1)C(=NC=N2)NC3=CC=CC(=C3)C#C)OCCOC	0.9016956338485163
MONOMAC6_HAEMATOPOIETIC_AND_LYMPHOID_TISSUE	COCCOC1=C(C=C2C(=C1)C(=NC=N2)NC3=CC=CC(=C3)C#C)OCCOC	0.8406592362381146
MORCPR_LUNG	COCCOC1=C(C=C2C(=C1)C(=NC=N2)NC3=CC=CC(=C3)C#C)OCCOC	0.920081308372981
MOTN1_HAEMATOPOIETIC_AND_LYMPHOID_TISSUE	COCCOC1=C(C=C2C(=C1)C(=NC=N2)NC3=CC=CC(=C3)C#C)OCCOC	0.5718992234613169
MOT_HAEMATOPOIETIC_AND_LYMPHOID_TISSUE	COCCOC1=C(C=C2C(=C1)C(=NC=N2)NC3=CC=CC(=C3)C#C)OCCOC	1.0074926132341864
MPP89_PLEURA	COCCOC1=C(C=C2C(=C1)C(=NC=N2)NC3=CC=CC(=C3)C#C)OCCOC	0.8152177661869873
MS1_LUNG	COCCOC1=C(C=C2C(=C1)C(=NC=N2)NC3=CC=CC(=C3)C#C)OCCOC	0.9534758844684477
MS751_CERVIX	COCCOC1=C(C=C2C(=C1)C(=NC=N2)NC3=CC=CC(=C3)C#C)OCCOC	0.8658461093018023
MSTO211H_PLEURA	COCCOC1=C(C=C2C(=C1)C(=NC=N2)NC3=CC=CC(=C3)C#C)OCCOC	0.688750518482319
MV411_HAEMATOPOIETIC_AND_LYMPHOID_TISSUE	COCCOC1=C(C=C2C(=C1)C(=NC=N2)NC3=CC=CC(=C3)C#C)OCCOC	0.5299391996262122
MYM12_HAEMATOPOIETIC_AND_LYMPHOID_TISSUE	COCCOC1=C(C=C2C(=C1)C(=NC=N2)NC3=CC=CC(=C3)C#C)OCCOC	0.8540320058271229
MZ1PC_PANCREAS	COCCOC1=C(C=C2C(=C1)C(=NC=N2)NC3=CC=CC(=C3)C#C)OCCOC	0.8448329349339633
MZ2MEL_SKIN	COCCOC1=C(C=C2C(=C1)C(=NC=N2)NC3=CC=CC(=C3)C#C)OCCOC	0.9481903857379262
MZ7MEL_SKIN	COCCOC1=C(C=C2C(=C1)C(=NC=N2)NC3=CC=CC(=C3)C#C)OCCOC	1.0278868971665425
NALM6_HAEMATOPOIETIC_AND_LYMPHOID_TISSUE	COCCOC1=C(C=C2C(=C1)C(=NC=N2)NC3=CC=CC(=C3)C#C)OCCOC	0.7822398300649351
NAMALWA_HAEMATOPOIETIC_AND_LYMPHOID_TISSUE	COCCOC1=C(C=C2C(=C1)C(=NC=N2)NC3=CC=CC(=C3)C#C)OCCOC	0.8458304491092002
NB10_AUTONOMIC_GANGLIA	COCCOC1=C(C=C2C(=C1)C(=NC=N2)NC3=CC=CC(=C3)C#C)OCCOC	0.9016483934180772
NB12_AUTONOMIC_GANGLIA	COCCOC1=C(C=C2C(=C1)C(=NC=N2)NC3=CC=CC(=C3)C#C)OCCOC	0.9590214343723772
NB13_AUTONOMIC_GANGLIA	COCCOC1=C(C=C2C(=C1)C(=NC=N2)NC3=CC=CC(=C3)C#C)OCCOC	0.9012775840228728
NB14_AUTONOMIC_GANGLIA	COCCOC1=C(C=C2C(=C1)C(=NC=N2)NC3=CC=CC(=C3)C#C)OCCOC	0.932462302023424
NB17_AUTONOMIC_GANGLIA	COCCOC1=C(C=C2C(=C1)C(=NC=N2)NC3=CC=CC(=C3)C#C)OCCOC	0.8162718245152316
NB1_AUTONOMIC_GANGLIA	COCCOC1=C(C=C2C(=C1)C(=NC=N2)NC3=CC=CC(=C3)C#C)OCCOC	0.835126913866692
NB4_HAEMATOPOIETIC_AND_LYMPHOID_TISSUE	COCCOC1=C(C=C2C(=C1)C(=NC=N2)NC3=CC=CC(=C3)C#C)OCCOC	0.9534029588891099
NB5_AUTONOMIC_GANGLIA	COCCOC1=C(C=C2C(=C1)C(=NC=N2)NC3=CC=CC(=C3)C#C)OCCOC	0.8301049250206297
NB7_AUTONOMIC_GANGLIA	COCCOC1=C(C=C2C(=C1)C(=NC=N2)NC3=CC=CC(=C3)C#C)OCCOC	0.9685337829285345
NBTU110_AUTONOMIC_GANGLIA	COCCOC1=C(C=C2C(=C1)C(=NC=N2)NC3=CC=CC(=C3)C#C)OCCOC	0.8232748655084209
NCCIT_TESTIS	COCCOC1=C(C=C2C(=C1)C(=NC=N2)NC3=CC=CC(=C3)C#C)OCCOC	0.8238839440294402
NCCSTCK140_STOMACH	COCCOC1=C(C=C2C(=C1)C(=NC=N2)NC3=CC=CC(=C3)C#C)OCCOC	0.2382120602139458
NCIH1048_LUNG	COCCOC1=C(C=C2C(=C1)C(=NC=N2)NC3=CC=CC(=C3)C#C)OCCOC	0.9905243118889544
NCIH1092_LUNG	COCCOC1=C(C=C2C(=C1)C(=NC=N2)NC3=CC=CC(=C3)C#C)OCCOC	0.9676236022911863
NCIH1105_LUNG	COCCOC1=C(C=C2C(=C1)C(=NC=N2)NC3=CC=CC(=C3)C#C)OCCOC	0.883348249946968
NCIH1155_LUNG	COCCOC1=C(C=C2C(=C1)C(=NC=N2)NC3=CC=CC(=C3)C#C)OCCOC	0.788187183533211
NCIH1184_LUNG	COCCOC1=C(C=C2C(=C1)C(=NC=N2)NC3=CC=CC(=C3)C#C)OCCOC	0.6087405936543532
NCIH1299_LUNG	COCCOC1=C(C=C2C(=C1)C(=NC=N2)NC3=CC=CC(=C3)C#C)OCCOC	0.8327666271972047
NCIH1339_LUNG	COCCOC1=C(C=C2C(=C1)C(=NC=N2)NC3=CC=CC(=C3)C#C)OCCOC	0.8247762621594593
NCIH1341_LUNG	COCCOC1=C(C=C2C(=C1)C(=NC=N2)NC3=CC=CC(=C3)C#C)OCCOC	0.7106262065347266
NCIH1355_LUNG	COCCOC1=C(C=C2C(=C1)C(=NC=N2)NC3=CC=CC(=C3)C#C)OCCOC	0.7010386689653115
NCIH1373_LUNG	COCCOC1=C(C=C2C(=C1)C(=NC=N2)NC3=CC=CC(=C3)C#C)OCCOC	0.723807525909876
NCIH1395_LUNG	COCCOC1=C(C=C2C(=C1)C(=NC=N2)NC3=CC=CC(=C3)C#C)OCCOC	0.8266369465741386
NCIH1417_LUNG	COCCOC1=C(C=C2C(=C1)C(=NC=N2)NC3=CC=CC(=C3)C#C)OCCOC	0.8358662595741626
NCIH1435_LUNG	COCCOC1=C(C=C2C(=C1)C(=NC=N2)NC3=CC=CC(=C3)C#C)OCCOC	0.6890090122497181
NCIH146_LUNG	COCCOC1=C(C=C2C(=C1)C(=NC=N2)NC3=CC=CC(=C3)C#C)OCCOC	0.6902749096184733
NCIH1563_LUNG	COCCOC1=C(C=C2C(=C1)C(=NC=N2)NC3=CC=CC(=C3)C#C)OCCOC	0.6369938261976855
NCIH1568_LUNG	COCCOC1=C(C=C2C(=C1)C(=NC=N2)NC3=CC=CC(=C3)C#C)OCCOC	0.45406291924997644
NCIH1581_LUNG	COCCOC1=C(C=C2C(=C1)C(=NC=N2)NC3=CC=CC(=C3)C#C)OCCOC	0.7917001382193357
NCIH1623_LUNG	COCCOC1=C(C=C2C(=C1)C(=NC=N2)NC3=CC=CC(=C3)C#C)OCCOC	0.4057085432509594
NCIH1648_LUNG	COCCOC1=C(C=C2C(=C1)C(=NC=N2)NC3=CC=CC(=C3)C#C)OCCOC	0.35137085243289023
NCIH1650_LUNG	COCCOC1=C(C=C2C(=C1)C(=NC=N2)NC3=CC=CC(=C3)C#C)OCCOC	0.6522727380937415
NCIH1651_LUNG	COCCOC1=C(C=C2C(=C1)C(=NC=N2)NC3=CC=CC(=C3)C#C)OCCOC	0.900197386702644
NCIH1693_LUNG	COCCOC1=C(C=C2C(=C1)C(=NC=N2)NC3=CC=CC(=C3)C#C)OCCOC	0.6559196578384067
NCIH1734_LUNG	COCCOC1=C(C=C2C(=C1)C(=NC=N2)NC3=CC=CC(=C3)C#C)OCCOC	0.2486386512470074
NCIH1755_LUNG	COCCOC1=C(C=C2C(=C1)C(=NC=N2)NC3=CC=CC(=C3)C#C)OCCOC	0.6718843338824826
NCIH1792_LUNG	COCCOC1=C(C=C2C(=C1)C(=NC=N2)NC3=CC=CC(=C3)C#C)OCCOC	0.8100618378265436
NCIH1836_LUNG	COCCOC1=C(C=C2C(=C1)C(=NC=N2)NC3=CC=CC(=C3)C#C)OCCOC	0.8639657567502921
NCIH1838_LUNG	COCCOC1=C(C=C2C(=C1)C(=NC=N2)NC3=CC=CC(=C3)C#C)OCCOC	0.7325426149802136
NCIH1869_LUNG	COCCOC1=C(C=C2C(=C1)C(=NC=N2)NC3=CC=CC(=C3)C#C)OCCOC	0.5614533047603153
NCIH1876_LUNG	COCCOC1=C(C=C2C(=C1)C(=NC=N2)NC3=CC=CC(=C3)C#C)OCCOC	0.8544679610385782
NCIH1915_LUNG	COCCOC1=C(C=C2C(=C1)C(=NC=N2)NC3=CC=CC(=C3)C#C)OCCOC	0.7825181457594776
NCIH1944_LUNG	COCCOC1=C(C=C2C(=C1)C(=NC=N2)NC3=CC=CC(=C3)C#C)OCCOC	0.6288034550479347
NCIH196_LUNG	COCCOC1=C(C=C2C(=C1)C(=NC=N2)NC3=CC=CC(=C3)C#C)OCCOC	0.8315538448851227
NCIH1975_LUNG	COCCOC1=C(C=C2C(=C1)C(=NC=N2)NC3=CC=CC(=C3)C#C)OCCOC	0.6414996398721322
NCIH1993_LUNG	COCCOC1=C(C=C2C(=C1)C(=NC=N2)NC3=CC=CC(=C3)C#C)OCCOC	0.9251766371798268
NCIH2029_LUNG	COCCOC1=C(C=C2C(=C1)C(=NC=N2)NC3=CC=CC(=C3)C#C)OCCOC	1.2184119336949604
NCIH2081_LUNG	COCCOC1=C(C=C2C(=C1)C(=NC=N2)NC3=CC=CC(=C3)C#C)OCCOC	1.0485432676016744
NCIH2085_LUNG	COCCOC1=C(C=C2C(=C1)C(=NC=N2)NC3=CC=CC(=C3)C#C)OCCOC	0.7814957318862523
NCIH2087_LUNG	COCCOC1=C(C=C2C(=C1)C(=NC=N2)NC3=CC=CC(=C3)C#C)OCCOC	0.8713365253460199
NCIH209_LUNG	COCCOC1=C(C=C2C(=C1)C(=NC=N2)NC3=CC=CC(=C3)C#C)OCCOC	0.7829438441930292
NCIH2110_LUNG	COCCOC1=C(C=C2C(=C1)C(=NC=N2)NC3=CC=CC(=C3)C#C)OCCOC	0.565640830782751
NCIH211_LUNG	COCCOC1=C(C=C2C(=C1)C(=NC=N2)NC3=CC=CC(=C3)C#C)OCCOC	0.8954364180508153
NCIH2135_LUNG	COCCOC1=C(C=C2C(=C1)C(=NC=N2)NC3=CC=CC(=C3)C#C)OCCOC	0.9874902678360844
NCIH2170_LUNG	COCCOC1=C(C=C2C(=C1)C(=NC=N2)NC3=CC=CC(=C3)C#C)OCCOC	0.5179726648943295
NCIH2171_LUNG	COCCOC1=C(C=C2C(=C1)C(=NC=N2)NC3=CC=CC(=C3)C#C)OCCOC	0.9521505944519464
NCIH2196_LUNG	COCCOC1=C(C=C2C(=C1)C(=NC=N2)NC3=CC=CC(=C3)C#C)OCCOC	0.9699306408147146
NCIH2227_LUNG	COCCOC1=C(C=C2C(=C1)C(=NC=N2)NC3=CC=CC(=C3)C#C)OCCOC	0.941683118907072
NCIH2228_LUNG	COCCOC1=C(C=C2C(=C1)C(=NC=N2)NC3=CC=CC(=C3)C#C)OCCOC	0.7511227774975238
NCIH2291_LUNG	COCCOC1=C(C=C2C(=C1)C(=NC=N2)NC3=CC=CC(=C3)C#C)OCCOC	0.6779953187975393
NCIH2342_LUNG	COCCOC1=C(C=C2C(=C1)C(=NC=N2)NC3=CC=CC(=C3)C#C)OCCOC	0.8858983647698371
NCIH2347_LUNG	COCCOC1=C(C=C2C(=C1)C(=NC=N2)NC3=CC=CC(=C3)C#C)OCCOC	0.9487598681118298
NCIH2373_PLEURA	COCCOC1=C(C=C2C(=C1)C(=NC=N2)NC3=CC=CC(=C3)C#C)OCCOC	0.8996714121450331
NCIH23_LUNG	COCCOC1=C(C=C2C(=C1)C(=NC=N2)NC3=CC=CC(=C3)C#C)OCCOC	0.9433083203810245
NCIH2405_LUNG	COCCOC1=C(C=C2C(=C1)C(=NC=N2)NC3=CC=CC(=C3)C#C)OCCOC	0.6745183293898567
NCIH2452_PLEURA	COCCOC1=C(C=C2C(=C1)C(=NC=N2)NC3=CC=CC(=C3)C#C)OCCOC	0.760143575738552
NCIH2461_PLEURA	COCCOC1=C(C=C2C(=C1)C(=NC=N2)NC3=CC=CC(=C3)C#C)OCCOC	0.9502347575653378
NCIH2595_PLEURA	COCCOC1=C(C=C2C(=C1)C(=NC=N2)NC3=CC=CC(=C3)C#C)OCCOC	0.9423688342719218
NCIH2722_PLEURA	COCCOC1=C(C=C2C(=C1)C(=NC=N2)NC3=CC=CC(=C3)C#C)OCCOC	0.7996848184016745
NCIH2731_PLEURA	COCCOC1=C(C=C2C(=C1)C(=NC=N2)NC3=CC=CC(=C3)C#C)OCCOC	0.9230692002632142
NCIH2795_PLEURA	COCCOC1=C(C=C2C(=C1)C(=NC=N2)NC3=CC=CC(=C3)C#C)OCCOC	0.8245302910626348
NCIH2818_PLEURA	COCCOC1=C(C=C2C(=C1)C(=NC=N2)NC3=CC=CC(=C3)C#C)OCCOC	0.8456591024061519
NCIH28_PLEURA	COCCOC1=C(C=C2C(=C1)C(=NC=N2)NC3=CC=CC(=C3)C#C)OCCOC	0.7375087829674558
NCIH292_LUNG	COCCOC1=C(C=C2C(=C1)C(=NC=N2)NC3=CC=CC(=C3)C#C)OCCOC	0.5756822737052637
NCIH345_LUNG	COCCOC1=C(C=C2C(=C1)C(=NC=N2)NC3=CC=CC(=C3)C#C)OCCOC	0.9716698038158986
NCIH358_LUNG	COCCOC1=C(C=C2C(=C1)C(=NC=N2)NC3=CC=CC(=C3)C#C)OCCOC	0.4791939151874858
NCIH446_LUNG	COCCOC1=C(C=C2C(=C1)C(=NC=N2)NC3=CC=CC(=C3)C#C)OCCOC	0.8179204272959568
NCIH460_LUNG	COCCOC1=C(C=C2C(=C1)C(=NC=N2)NC3=CC=CC(=C3)C#C)OCCOC	0.856102815956544
NCIH508_LARGE_INTESTINE	COCCOC1=C(C=C2C(=C1)C(=NC=N2)NC3=CC=CC(=C3)C#C)OCCOC	0.4397024549986363
NCIH510_LUNG	COCCOC1=C(C=C2C(=C1)C(=NC=N2)NC3=CC=CC(=C3)C#C)OCCOC	0.9284442510561054
NCIH520_LUNG	COCCOC1=C(C=C2C(=C1)C(=NC=N2)NC3=CC=CC(=C3)C#C)OCCOC	0.8861047287716319
NCIH522_LUNG	COCCOC1=C(C=C2C(=C1)C(=NC=N2)NC3=CC=CC(=C3)C#C)OCCOC	0.8446719950199828
NCIH524_LUNG	COCCOC1=C(C=C2C(=C1)C(=NC=N2)NC3=CC=CC(=C3)C#C)OCCOC	0.930239123112229
NCIH526_LUNG	COCCOC1=C(C=C2C(=C1)C(=NC=N2)NC3=CC=CC(=C3)C#C)OCCOC	0.8751900158022288
NCIH647_LUNG	COCCOC1=C(C=C2C(=C1)C(=NC=N2)NC3=CC=CC(=C3)C#C)OCCOC	0.7730703248583289
NCIH64_LUNG	COCCOC1=C(C=C2C(=C1)C(=NC=N2)NC3=CC=CC(=C3)C#C)OCCOC	0.9496671505185423
NCIH650_LUNG	COCCOC1=C(C=C2C(=C1)C(=NC=N2)NC3=CC=CC(=C3)C#C)OCCOC	0.826295907219019
NCIH660_PROSTATE	COCCOC1=C(C=C2C(=C1)C(=NC=N2)NC3=CC=CC(=C3)C#C)OCCOC	0.8036416493681626
NCIH661_LUNG	COCCOC1=C(C=C2C(=C1)C(=NC=N2)NC3=CC=CC(=C3)C#C)OCCOC	0.701230082104292
NCIH716_LARGE_INTESTINE	COCCOC1=C(C=C2C(=C1)C(=NC=N2)NC3=CC=CC(=C3)C#C)OCCOC	0.790558222181398
NCIH720_LUNG	COCCOC1=C(C=C2C(=C1)C(=NC=N2)NC3=CC=CC(=C3)C#C)OCCOC	0.9446748989260403
NCIH727_LUNG	COCCOC1=C(C=C2C(=C1)C(=NC=N2)NC3=CC=CC(=C3)C#C)OCCOC	0.8682905671861586
NCIH747_LARGE_INTESTINE	COCCOC1=C(C=C2C(=C1)C(=NC=N2)NC3=CC=CC(=C3)C#C)OCCOC	0.641252033986003
NCIH810_LUNG	COCCOC1=C(C=C2C(=C1)C(=NC=N2)NC3=CC=CC(=C3)C#C)OCCOC	0.9885106651299767
NCIH82_LUNG	COCCOC1=C(C=C2C(=C1)C(=NC=N2)NC3=CC=CC(=C3)C#C)OCCOC	0.8105964835989509
NCIH835_LUNG	COCCOC1=C(C=C2C(=C1)C(=NC=N2)NC3=CC=CC(=C3)C#C)OCCOC	1.0542433026559617
NCIH841_LUNG	COCCOC1=C(C=C2C(=C1)C(=NC=N2)NC3=CC=CC(=C3)C#C)OCCOC	0.7231536672341533
NCIH847_LUNG	COCCOC1=C(C=C2C(=C1)C(=NC=N2)NC3=CC=CC(=C3)C#C)OCCOC	0.8634832829487746
NCIH929_HAEMATOPOIETIC_AND_LYMPHOID_TISSUE	COCCOC1=C(C=C2C(=C1)C(=NC=N2)NC3=CC=CC(=C3)C#C)OCCOC	1.0589610661670783
NCO2_HAEMATOPOIETIC_AND_LYMPHOID_TISSUE	COCCOC1=C(C=C2C(=C1)C(=NC=N2)NC3=CC=CC(=C3)C#C)OCCOC	0.1585725643201309
NEC8_TESTIS	COCCOC1=C(C=C2C(=C1)C(=NC=N2)NC3=CC=CC(=C3)C#C)OCCOC	0.9623219246118118
NH6_AUTONOMIC_GANGLIA	COCCOC1=C(C=C2C(=C1)C(=NC=N2)NC3=CC=CC(=C3)C#C)OCCOC	0.805504634988939
NIHOVCAR3_OVARY	COCCOC1=C(C=C2C(=C1)C(=NC=N2)NC3=CC=CC(=C3)C#C)OCCOC	0.8393051340196841
NK92MI_HAEMATOPOIETIC_AND_LYMPHOID_TISSUE	COCCOC1=C(C=C2C(=C1)C(=NC=N2)NC3=CC=CC(=C3)C#C)OCCOC	0.7615641784962909
NKM1_HAEMATOPOIETIC_AND_LYMPHOID_TISSUE	COCCOC1=C(C=C2C(=C1)C(=NC=N2)NC3=CC=CC(=C3)C#C)OCCOC	0.9480714666868195
NMCG1_CENTRAL_NERVOUS_SYSTEM	COCCOC1=C(C=C2C(=C1)C(=NC=N2)NC3=CC=CC(=C3)C#C)OCCOC	0.6575171015184818
NOMO1_HAEMATOPOIETIC_AND_LYMPHOID_TISSUE	COCCOC1=C(C=C2C(=C1)C(=NC=N2)NC3=CC=CC(=C3)C#C)OCCOC	0.9339962962455592
NOS1_BONE	COCCOC1=C(C=C2C(=C1)C(=NC=N2)NC3=CC=CC(=C3)C#C)OCCOC	0.70864048273124
NUDHL1_HAEMATOPOIETIC_AND_LYMPHOID_TISSUE	COCCOC1=C(C=C2C(=C1)C(=NC=N2)NC3=CC=CC(=C3)C#C)OCCOC	0.3602539021637019
NUDUL1_HAEMATOPOIETIC_AND_LYMPHOID_TISSUE	COCCOC1=C(C=C2C(=C1)C(=NC=N2)NC3=CC=CC(=C3)C#C)OCCOC	0.5819764854289474
NUGC3_STOMACH	COCCOC1=C(C=C2C(=C1)C(=NC=N2)NC3=CC=CC(=C3)C#C)OCCOC	0.49642893842012253
NY_BONE	COCCOC1=C(C=C2C(=C1)C(=NC=N2)NC3=CC=CC(=C3)C#C)OCCOC	0.9257177149165376
OACM51_OESOPHAGUS	COCCOC1=C(C=C2C(=C1)C(=NC=N2)NC3=CC=CC(=C3)C#C)OCCOC	0.943047088571835
OACP4C_OESOPHAGUS	COCCOC1=C(C=C2C(=C1)C(=NC=N2)NC3=CC=CC(=C3)C#C)OCCOC	0.768063531348187
OAW42_OVARY	COCCOC1=C(C=C2C(=C1)C(=NC=N2)NC3=CC=CC(=C3)C#C)OCCOC	0.8135644922950322
OC314_OVARY	COCCOC1=C(C=C2C(=C1)C(=NC=N2)NC3=CC=CC(=C3)C#C)OCCOC	0.7290746262588088
OCIAML2_HAEMATOPOIETIC_AND_LYMPHOID_TISSUE	COCCOC1=C(C=C2C(=C1)C(=NC=N2)NC3=CC=CC(=C3)C#C)OCCOC	0.865002512644649
OCIAML3_HAEMATOPOIETIC_AND_LYMPHOID_TISSUE	COCCOC1=C(C=C2C(=C1)C(=NC=N2)NC3=CC=CC(=C3)C#C)OCCOC	0.9433731960258381
OCIAML5_HAEMATOPOIETIC_AND_LYMPHOID_TISSUE	COCCOC1=C(C=C2C(=C1)C(=NC=N2)NC3=CC=CC(=C3)C#C)OCCOC	0.7890016157184931
OCILY19_HAEMATOPOIETIC_AND_LYMPHOID_TISSUE	COCCOC1=C(C=C2C(=C1)C(=NC=N2)NC3=CC=CC(=C3)C#C)OCCOC	0.6714315601213898
OCUBM_BREAST	COCCOC1=C(C=C2C(=C1)C(=NC=N2)NC3=CC=CC(=C3)C#C)OCCOC	1.0007139397324198
OCUM1_STOMACH	COCCOC1=C(C=C2C(=C1)C(=NC=N2)NC3=CC=CC(=C3)C#C)OCCOC	1.0628907467685842
OE19_OESOPHAGUS	COCCOC1=C(C=C2C(=C1)C(=NC=N2)NC3=CC=CC(=C3)C#C)OCCOC	0.7836991545347141
OE21_OESOPHAGUS	COCCOC1=C(C=C2C(=C1)C(=NC=N2)NC3=CC=CC(=C3)C#C)OCCOC	0.4219518981196894
OE33_OESOPHAGUS	COCCOC1=C(C=C2C(=C1)C(=NC=N2)NC3=CC=CC(=C3)C#C)OCCOC	0.7611467863373453
OMC1_CERVIX	COCCOC1=C(C=C2C(=C1)C(=NC=N2)NC3=CC=CC(=C3)C#C)OCCOC	1.1555677152349095
ONCODG1_OVARY	COCCOC1=C(C=C2C(=C1)C(=NC=N2)NC3=CC=CC(=C3)C#C)OCCOC	0.4918960895027122
OUMS23_LARGE_INTESTINE	COCCOC1=C(C=C2C(=C1)C(=NC=N2)NC3=CC=CC(=C3)C#C)OCCOC	0.6560532537349616
OV56_OVARY	COCCOC1=C(C=C2C(=C1)C(=NC=N2)NC3=CC=CC(=C3)C#C)OCCOC	0.9732206580965944
OV7_OVARY	COCCOC1=C(C=C2C(=C1)C(=NC=N2)NC3=CC=CC(=C3)C#C)OCCOC	0.5610144852874329
OV90_OVARY	COCCOC1=C(C=C2C(=C1)C(=NC=N2)NC3=CC=CC(=C3)C#C)OCCOC	0.9397579886009724
OVCA420_OVARY	COCCOC1=C(C=C2C(=C1)C(=NC=N2)NC3=CC=CC(=C3)C#C)OCCOC	0.3994074252728288
OVCAR5_OVARY	COCCOC1=C(C=C2C(=C1)C(=NC=N2)NC3=CC=CC(=C3)C#C)OCCOC	0.7527885070705982
OVCAR8_OVARY	COCCOC1=C(C=C2C(=C1)C(=NC=N2)NC3=CC=CC(=C3)C#C)OCCOC	0.8186148627689277
OVISE_OVARY	COCCOC1=C(C=C2C(=C1)C(=NC=N2)NC3=CC=CC(=C3)C#C)OCCOC	0.7416928405264878
OVK18_OVARY	COCCOC1=C(C=C2C(=C1)C(=NC=N2)NC3=CC=CC(=C3)C#C)OCCOC	0.7231341798236309
OVSAHO_OVARY	COCCOC1=C(C=C2C(=C1)C(=NC=N2)NC3=CC=CC(=C3)C#C)OCCOC	0.7721804404678929
OVTOKO_OVARY	COCCOC1=C(C=C2C(=C1)C(=NC=N2)NC3=CC=CC(=C3)C#C)OCCOC	0.6531796251105847
P12ICHIKAWA_HAEMATOPOIETIC_AND_LYMPHOID_TISSUE	COCCOC1=C(C=C2C(=C1)C(=NC=N2)NC3=CC=CC(=C3)C#C)OCCOC	0.7275372014289874
P30OHK_HAEMATOPOIETIC_AND_LYMPHOID_TISSUE	COCCOC1=C(C=C2C(=C1)C(=NC=N2)NC3=CC=CC(=C3)C#C)OCCOC	0.7333240206449769
P31FUJ_HAEMATOPOIETIC_AND_LYMPHOID_TISSUE	COCCOC1=C(C=C2C(=C1)C(=NC=N2)NC3=CC=CC(=C3)C#C)OCCOC	0.7461960640356259
P3HR1_HAEMATOPOIETIC_AND_LYMPHOID_TISSUE	COCCOC1=C(C=C2C(=C1)C(=NC=N2)NC3=CC=CC(=C3)C#C)OCCOC	1.0047000296978696
PANC0203_PANCREAS	COCCOC1=C(C=C2C(=C1)C(=NC=N2)NC3=CC=CC(=C3)C#C)OCCOC	0.8359734171903828
PANC0327_PANCREAS	COCCOC1=C(C=C2C(=C1)C(=NC=N2)NC3=CC=CC(=C3)C#C)OCCOC	0.7277796645435859
PANC0403_PANCREAS	COCCOC1=C(C=C2C(=C1)C(=NC=N2)NC3=CC=CC(=C3)C#C)OCCOC	0.7524101664994596
PANC0504_PANCREAS	COCCOC1=C(C=C2C(=C1)C(=NC=N2)NC3=CC=CC(=C3)C#C)OCCOC	0.5582480708506318
PC3_PROSTATE	COCCOC1=C(C=C2C(=C1)C(=NC=N2)NC3=CC=CC(=C3)C#C)OCCOC	0.9008818971053667
PCI30_UPPER_AERODIGESTIVE_TRACT	COCCOC1=C(C=C2C(=C1)C(=NC=N2)NC3=CC=CC(=C3)C#C)OCCOC	0.9000721856339272
PECAPJ15_UPPER_AERODIGESTIVE_TRACT	COCCOC1=C(C=C2C(=C1)C(=NC=N2)NC3=CC=CC(=C3)C#C)OCCOC	0.5002289270129398
PECAPJ34CLONEC12_UPPER_AERODIGESTIVE_TRACT	COCCOC1=C(C=C2C(=C1)C(=NC=N2)NC3=CC=CC(=C3)C#C)OCCOC	0.2955439354222856
PECAPJ49_UPPER_AERODIGESTIVE_TRACT	COCCOC1=C(C=C2C(=C1)C(=NC=N2)NC3=CC=CC(=C3)C#C)OCCOC	0.446588416239886
PEER_HAEMATOPOIETIC_AND_LYMPHOID_TISSUE	COCCOC1=C(C=C2C(=C1)C(=NC=N2)NC3=CC=CC(=C3)C#C)OCCOC	0.1954351912179157
PEO1_OVARY	COCCOC1=C(C=C2C(=C1)C(=NC=N2)NC3=CC=CC(=C3)C#C)OCCOC	0.8773586366589099
PF382_HAEMATOPOIETIC_AND_LYMPHOID_TISSUE	COCCOC1=C(C=C2C(=C1)C(=NC=N2)NC3=CC=CC(=C3)C#C)OCCOC	0.7795044847949085
PFEIFFER_HAEMATOPOIETIC_AND_LYMPHOID_TISSUE	COCCOC1=C(C=C2C(=C1)C(=NC=N2)NC3=CC=CC(=C3)C#C)OCCOC	0.1355084108609351
PFSK1_CENTRAL_NERVOUS_SYSTEM	COCCOC1=C(C=C2C(=C1)C(=NC=N2)NC3=CC=CC(=C3)C#C)OCCOC	0.8801043095190622
PK45H_PANCREAS	COCCOC1=C(C=C2C(=C1)C(=NC=N2)NC3=CC=CC(=C3)C#C)OCCOC	0.9538810024546198
PK59_PANCREAS	COCCOC1=C(C=C2C(=C1)C(=NC=N2)NC3=CC=CC(=C3)C#C)OCCOC	0.7640062797357495
PL18_PANCREAS	COCCOC1=C(C=C2C(=C1)C(=NC=N2)NC3=CC=CC(=C3)C#C)OCCOC	0.9836889864353464
PL4_PANCREAS	COCCOC1=C(C=C2C(=C1)C(=NC=N2)NC3=CC=CC(=C3)C#C)OCCOC	0.9369022599402628
PLCPRF5_LIVER	COCCOC1=C(C=C2C(=C1)C(=NC=N2)NC3=CC=CC(=C3)C#C)OCCOC	0.7833872571896119
PSN1_PANCREAS	COCCOC1=C(C=C2C(=C1)C(=NC=N2)NC3=CC=CC(=C3)C#C)OCCOC	0.9691633118833934
PWR1E_PROSTATE	COCCOC1=C(C=C2C(=C1)C(=NC=N2)NC3=CC=CC(=C3)C#C)OCCOC	0.859058400133815
QGP1_PANCREAS	COCCOC1=C(C=C2C(=C1)C(=NC=N2)NC3=CC=CC(=C3)C#C)OCCOC	0.689994237022334
QIMRWIL_HAEMATOPOIETIC_AND_LYMPHOID_TISSUE	COCCOC1=C(C=C2C(=C1)C(=NC=N2)NC3=CC=CC(=C3)C#C)OCCOC	0.8377661378504999
RAJI_HAEMATOPOIETIC_AND_LYMPHOID_TISSUE	COCCOC1=C(C=C2C(=C1)C(=NC=N2)NC3=CC=CC(=C3)C#C)OCCOC	0.9666603815764135
RAMOS2G64C10_HAEMATOPOIETIC_AND_LYMPHOID_TISSUE	COCCOC1=C(C=C2C(=C1)C(=NC=N2)NC3=CC=CC(=C3)C#C)OCCOC	0.93360460096672
RCC10RGB_KIDNEY	COCCOC1=C(C=C2C(=C1)C(=NC=N2)NC3=CC=CC(=C3)C#C)OCCOC	0.7556487656539214
RCHACV_HAEMATOPOIETIC_AND_LYMPHOID_TISSUE	COCCOC1=C(C=C2C(=C1)C(=NC=N2)NC3=CC=CC(=C3)C#C)OCCOC	0.5396707589623927
RCK8_HAEMATOPOIETIC_AND_LYMPHOID_TISSUE	COCCOC1=C(C=C2C(=C1)C(=NC=N2)NC3=CC=CC(=C3)C#C)OCCOC	0.9845763169846161
RCM1_LARGE_INTESTINE	COCCOC1=C(C=C2C(=C1)C(=NC=N2)NC3=CC=CC(=C3)C#C)OCCOC	0.7736476171590719
RD_SOFT_TISSUE	COCCOC1=C(C=C2C(=C1)C(=NC=N2)NC3=CC=CC(=C3)C#C)OCCOC	0.8898831201047464
RERFGC1B_STOMACH	COCCOC1=C(C=C2C(=C1)C(=NC=N2)NC3=CC=CC(=C3)C#C)OCCOC	0.820300535808781
RERFLCAD2_LUNG	COCCOC1=C(C=C2C(=C1)C(=NC=N2)NC3=CC=CC(=C3)C#C)OCCOC	0.7788253386466256
RERFLCAI_LUNG	COCCOC1=C(C=C2C(=C1)C(=NC=N2)NC3=CC=CC(=C3)C#C)OCCOC	0.6904936211703385
RERFLCKJ_LUNG	COCCOC1=C(C=C2C(=C1)C(=NC=N2)NC3=CC=CC(=C3)C#C)OCCOC	0.6886018955666154
RERFLCMS_LUNG	COCCOC1=C(C=C2C(=C1)C(=NC=N2)NC3=CC=CC(=C3)C#C)OCCOC	0.6739540773962847
RERFLCSQ1_LUNG	COCCOC1=C(C=C2C(=C1)C(=NC=N2)NC3=CC=CC(=C3)C#C)OCCOC	0.6213540308817239
RF48_HAEMATOPOIETIC_AND_LYMPHOID_TISSUE	COCCOC1=C(C=C2C(=C1)C(=NC=N2)NC3=CC=CC(=C3)C#C)OCCOC	0.9340898937551746
RH18_SOFT_TISSUE	COCCOC1=C(C=C2C(=C1)C(=NC=N2)NC3=CC=CC(=C3)C#C)OCCOC	0.6414746493075547
RH1_BONE	COCCOC1=C(C=C2C(=C1)C(=NC=N2)NC3=CC=CC(=C3)C#C)OCCOC	0.844843136140824
RH30_SOFT_TISSUE	COCCOC1=C(C=C2C(=C1)C(=NC=N2)NC3=CC=CC(=C3)C#C)OCCOC	0.7458944466331292
RH41_SOFT_TISSUE	COCCOC1=C(C=C2C(=C1)C(=NC=N2)NC3=CC=CC(=C3)C#C)OCCOC	0.7423382389950333
RI1_HAEMATOPOIETIC_AND_LYMPHOID_TISSUE	COCCOC1=C(C=C2C(=C1)C(=NC=N2)NC3=CC=CC(=C3)C#C)OCCOC	0.5685920126367466
RKN_SOFT_TISSUE	COCCOC1=C(C=C2C(=C1)C(=NC=N2)NC3=CC=CC(=C3)C#C)OCCOC	0.9004185014318549
RL952_ENDOMETRIUM	COCCOC1=C(C=C2C(=C1)C(=NC=N2)NC3=CC=CC(=C3)C#C)OCCOC	0.6903293100423832
RL_HAEMATOPOIETIC_AND_LYMPHOID_TISSUE	COCCOC1=C(C=C2C(=C1)C(=NC=N2)NC3=CC=CC(=C3)C#C)OCCOC	1.017772908853582
RMGI_OVARY	COCCOC1=C(C=C2C(=C1)C(=NC=N2)NC3=CC=CC(=C3)C#C)OCCOC	0.5724077564938256
RO82W1_THYROID	COCCOC1=C(C=C2C(=C1)C(=NC=N2)NC3=CC=CC(=C3)C#C)OCCOC	0.930968469919416
ROS50_HAEMATOPOIETIC_AND_LYMPHOID_TISSUE	COCCOC1=C(C=C2C(=C1)C(=NC=N2)NC3=CC=CC(=C3)C#C)OCCOC	0.9470086818366724
RPMI7951_SKIN	COCCOC1=C(C=C2C(=C1)C(=NC=N2)NC3=CC=CC(=C3)C#C)OCCOC	0.8079869618728519
RPMI8402_HAEMATOPOIETIC_AND_LYMPHOID_TISSUE	COCCOC1=C(C=C2C(=C1)C(=NC=N2)NC3=CC=CC(=C3)C#C)OCCOC	0.6986117325519471
RPMI8866_HAEMATOPOIETIC_AND_LYMPHOID_TISSUE	COCCOC1=C(C=C2C(=C1)C(=NC=N2)NC3=CC=CC(=C3)C#C)OCCOC	0.983498455957836
RS411_HAEMATOPOIETIC_AND_LYMPHOID_TISSUE	COCCOC1=C(C=C2C(=C1)C(=NC=N2)NC3=CC=CC(=C3)C#C)OCCOC	0.7068022143262825
RT112_URINARY_TRACT	COCCOC1=C(C=C2C(=C1)C(=NC=N2)NC3=CC=CC(=C3)C#C)OCCOC	0.7984489859761446
RT4_URINARY_TRACT	COCCOC1=C(C=C2C(=C1)C(=NC=N2)NC3=CC=CC(=C3)C#C)OCCOC	0.714249042065237
RVH421_SKIN	COCCOC1=C(C=C2C(=C1)C(=NC=N2)NC3=CC=CC(=C3)C#C)OCCOC	0.6566705639564835
RXF393_KIDNEY	COCCOC1=C(C=C2C(=C1)C(=NC=N2)NC3=CC=CC(=C3)C#C)OCCOC	0.7689996602642724
SAS_UPPER_AERODIGESTIVE_TRACT	COCCOC1=C(C=C2C(=C1)C(=NC=N2)NC3=CC=CC(=C3)C#C)OCCOC	0.6301023729243677
SAT_UPPER_AERODIGESTIVE_TRACT	COCCOC1=C(C=C2C(=C1)C(=NC=N2)NC3=CC=CC(=C3)C#C)OCCOC	0.6416046359841144
SBC3_LUNG	COCCOC1=C(C=C2C(=C1)C(=NC=N2)NC3=CC=CC(=C3)C#C)OCCOC	0.921419933790498
SBC5_LUNG	COCCOC1=C(C=C2C(=C1)C(=NC=N2)NC3=CC=CC(=C3)C#C)OCCOC	0.9431212059042916
SCABER_URINARY_TRACT	COCCOC1=C(C=C2C(=C1)C(=NC=N2)NC3=CC=CC(=C3)C#C)OCCOC	0.4030191932331283
SCC15_UPPER_AERODIGESTIVE_TRACT	COCCOC1=C(C=C2C(=C1)C(=NC=N2)NC3=CC=CC(=C3)C#C)OCCOC	0.8025272071497633
SCC25_UPPER_AERODIGESTIVE_TRACT	COCCOC1=C(C=C2C(=C1)C(=NC=N2)NC3=CC=CC(=C3)C#C)OCCOC	0.2236241969453619
SCC3_HAEMATOPOIETIC_AND_LYMPHOID_TISSUE	COCCOC1=C(C=C2C(=C1)C(=NC=N2)NC3=CC=CC(=C3)C#C)OCCOC	0.8925565649489369
SCC4_UPPER_AERODIGESTIVE_TRACT	COCCOC1=C(C=C2C(=C1)C(=NC=N2)NC3=CC=CC(=C3)C#C)OCCOC	0.8214621095619472
SCH_STOMACH	COCCOC1=C(C=C2C(=C1)C(=NC=N2)NC3=CC=CC(=C3)C#C)OCCOC	1.0032751591671023
SEM_HAEMATOPOIETIC_AND_LYMPHOID_TISSUE	COCCOC1=C(C=C2C(=C1)C(=NC=N2)NC3=CC=CC(=C3)C#C)OCCOC	0.2554375755325919
SET2_HAEMATOPOIETIC_AND_LYMPHOID_TISSUE	COCCOC1=C(C=C2C(=C1)C(=NC=N2)NC3=CC=CC(=C3)C#C)OCCOC	0.3050134064668626
SF268_CENTRAL_NERVOUS_SYSTEM	COCCOC1=C(C=C2C(=C1)C(=NC=N2)NC3=CC=CC(=C3)C#C)OCCOC	0.8714468082127791
SF295_CENTRAL_NERVOUS_SYSTEM	COCCOC1=C(C=C2C(=C1)C(=NC=N2)NC3=CC=CC(=C3)C#C)OCCOC	0.9618430528197824
SF539_CENTRAL_NERVOUS_SYSTEM	COCCOC1=C(C=C2C(=C1)C(=NC=N2)NC3=CC=CC(=C3)C#C)OCCOC	0.7784717380547218
SH10TC_STOMACH	COCCOC1=C(C=C2C(=C1)C(=NC=N2)NC3=CC=CC(=C3)C#C)OCCOC	0.8182660070002121
SH4_SKIN	COCCOC1=C(C=C2C(=C1)C(=NC=N2)NC3=CC=CC(=C3)C#C)OCCOC	0.8313197427260531
SIGM5_HAEMATOPOIETIC_AND_LYMPHOID_TISSUE	COCCOC1=C(C=C2C(=C1)C(=NC=N2)NC3=CC=CC(=C3)C#C)OCCOC	0.7702901551416639
SIHA_CERVIX	COCCOC1=C(C=C2C(=C1)C(=NC=N2)NC3=CC=CC(=C3)C#C)OCCOC	0.8890953174196109
SIMA_AUTONOMIC_GANGLIA	COCCOC1=C(C=C2C(=C1)C(=NC=N2)NC3=CC=CC(=C3)C#C)OCCOC	1.0313021544954122
SISO_CERVIX	COCCOC1=C(C=C2C(=C1)C(=NC=N2)NC3=CC=CC(=C3)C#C)OCCOC	0.8927486841998687
SJSA1_BONE	COCCOC1=C(C=C2C(=C1)C(=NC=N2)NC3=CC=CC(=C3)C#C)OCCOC	0.9038395700098775
SKBR3_BREAST	COCCOC1=C(C=C2C(=C1)C(=NC=N2)NC3=CC=CC(=C3)C#C)OCCOC	0.3036903406163823
SKCO1_LARGE_INTESTINE	COCCOC1=C(C=C2C(=C1)C(=NC=N2)NC3=CC=CC(=C3)C#C)OCCOC	0.7271351859517482
SKGIIIA_CERVIX	COCCOC1=C(C=C2C(=C1)C(=NC=N2)NC3=CC=CC(=C3)C#C)OCCOC	0.8760684064827815
SKGT4_OESOPHAGUS	COCCOC1=C(C=C2C(=C1)C(=NC=N2)NC3=CC=CC(=C3)C#C)OCCOC	0.7971026496902222
SKHEP1_LIVER	COCCOC1=C(C=C2C(=C1)C(=NC=N2)NC3=CC=CC(=C3)C#C)OCCOC	0.7581909781915452
SKLU1_LUNG	COCCOC1=C(C=C2C(=C1)C(=NC=N2)NC3=CC=CC(=C3)C#C)OCCOC	0.7823185964029062
SKM1_HAEMATOPOIETIC_AND_LYMPHOID_TISSUE	COCCOC1=C(C=C2C(=C1)C(=NC=N2)NC3=CC=CC(=C3)C#C)OCCOC	0.6233625747155813
SKMEL1_SKIN	COCCOC1=C(C=C2C(=C1)C(=NC=N2)NC3=CC=CC(=C3)C#C)OCCOC	0.9149710330493536
SKMEL24_SKIN	COCCOC1=C(C=C2C(=C1)C(=NC=N2)NC3=CC=CC(=C3)C#C)OCCOC	0.8447201803341144
SKMEL28_SKIN	COCCOC1=C(C=C2C(=C1)C(=NC=N2)NC3=CC=CC(=C3)C#C)OCCOC	0.8395851121246097
SKMEL2_SKIN	COCCOC1=C(C=C2C(=C1)C(=NC=N2)NC3=CC=CC(=C3)C#C)OCCOC	1.1745481880798434
SKMEL3_SKIN	COCCOC1=C(C=C2C(=C1)C(=NC=N2)NC3=CC=CC(=C3)C#C)OCCOC	0.7158261000333342
SKMEL5_SKIN	COCCOC1=C(C=C2C(=C1)C(=NC=N2)NC3=CC=CC(=C3)C#C)OCCOC	0.8586524750750022
SKMES1_LUNG	COCCOC1=C(C=C2C(=C1)C(=NC=N2)NC3=CC=CC(=C3)C#C)OCCOC	0.6055881815158488
SKMG1_CENTRAL_NERVOUS_SYSTEM	COCCOC1=C(C=C2C(=C1)C(=NC=N2)NC3=CC=CC(=C3)C#C)OCCOC	0.9041693868597992
SKMM2_HAEMATOPOIETIC_AND_LYMPHOID_TISSUE	COCCOC1=C(C=C2C(=C1)C(=NC=N2)NC3=CC=CC(=C3)C#C)OCCOC	1.095454365378381
SKNAS_AUTONOMIC_GANGLIA	COCCOC1=C(C=C2C(=C1)C(=NC=N2)NC3=CC=CC(=C3)C#C)OCCOC	0.8974144038259982
SKNDZ_AUTONOMIC_GANGLIA	COCCOC1=C(C=C2C(=C1)C(=NC=N2)NC3=CC=CC(=C3)C#C)OCCOC	0.8079462266365404
SKNMC_BONE	COCCOC1=C(C=C2C(=C1)C(=NC=N2)NC3=CC=CC(=C3)C#C)OCCOC	0.6480842419467256
SKNSH_AUTONOMIC_GANGLIA	COCCOC1=C(C=C2C(=C1)C(=NC=N2)NC3=CC=CC(=C3)C#C)OCCOC	0.8362739022760142
SKOV3_OVARY	COCCOC1=C(C=C2C(=C1)C(=NC=N2)NC3=CC=CC(=C3)C#C)OCCOC	0.6651163477375766
SKPNDW_BONE	COCCOC1=C(C=C2C(=C1)C(=NC=N2)NC3=CC=CC(=C3)C#C)OCCOC	0.892416822469442
SLVL_HAEMATOPOIETIC_AND_LYMPHOID_TISSUE	COCCOC1=C(C=C2C(=C1)C(=NC=N2)NC3=CC=CC(=C3)C#C)OCCOC	1.0346886470751828
SNGM_ENDOMETRIUM	COCCOC1=C(C=C2C(=C1)C(=NC=N2)NC3=CC=CC(=C3)C#C)OCCOC	0.6368528191442353
SNU1041_UPPER_AERODIGESTIVE_TRACT	COCCOC1=C(C=C2C(=C1)C(=NC=N2)NC3=CC=CC(=C3)C#C)OCCOC	0.5009556754750143
SNU1066_UPPER_AERODIGESTIVE_TRACT	COCCOC1=C(C=C2C(=C1)C(=NC=N2)NC3=CC=CC(=C3)C#C)OCCOC	0.4769205050153035
SNU1076_UPPER_AERODIGESTIVE_TRACT	COCCOC1=C(C=C2C(=C1)C(=NC=N2)NC3=CC=CC(=C3)C#C)OCCOC	0.1631316593684657
SNU1105_CENTRAL_NERVOUS_SYSTEM	COCCOC1=C(C=C2C(=C1)C(=NC=N2)NC3=CC=CC(=C3)C#C)OCCOC	0.7110981135791993
SNU1196_BILIARY_TRACT	COCCOC1=C(C=C2C(=C1)C(=NC=N2)NC3=CC=CC(=C3)C#C)OCCOC	0.5415513950422739
SNU119_OVARY	COCCOC1=C(C=C2C(=C1)C(=NC=N2)NC3=CC=CC(=C3)C#C)OCCOC	0.2766209463923149
SNU1214_UPPER_AERODIGESTIVE_TRACT	COCCOC1=C(C=C2C(=C1)C(=NC=N2)NC3=CC=CC(=C3)C#C)OCCOC	0.268588583744962
SNU1272_KIDNEY	COCCOC1=C(C=C2C(=C1)C(=NC=N2)NC3=CC=CC(=C3)C#C)OCCOC	0.8748663376162913
SNU175_LARGE_INTESTINE	COCCOC1=C(C=C2C(=C1)C(=NC=N2)NC3=CC=CC(=C3)C#C)OCCOC	0.6655336951222939
SNU182_LIVER	COCCOC1=C(C=C2C(=C1)C(=NC=N2)NC3=CC=CC(=C3)C#C)OCCOC	0.64777520372832
SNU201_CENTRAL_NERVOUS_SYSTEM	COCCOC1=C(C=C2C(=C1)C(=NC=N2)NC3=CC=CC(=C3)C#C)OCCOC	0.6989938512530683
SNU213_PANCREAS	COCCOC1=C(C=C2C(=C1)C(=NC=N2)NC3=CC=CC(=C3)C#C)OCCOC	0.5318224196187762
SNU216_STOMACH	COCCOC1=C(C=C2C(=C1)C(=NC=N2)NC3=CC=CC(=C3)C#C)OCCOC	0.3161444540743658
SNU308_BILIARY_TRACT	COCCOC1=C(C=C2C(=C1)C(=NC=N2)NC3=CC=CC(=C3)C#C)OCCOC	0.2785024424982575
SNU387_LIVER	COCCOC1=C(C=C2C(=C1)C(=NC=N2)NC3=CC=CC(=C3)C#C)OCCOC	0.9767918639153093
SNU398_LIVER	COCCOC1=C(C=C2C(=C1)C(=NC=N2)NC3=CC=CC(=C3)C#C)OCCOC	0.9560681191908285
SNU410_PANCREAS	COCCOC1=C(C=C2C(=C1)C(=NC=N2)NC3=CC=CC(=C3)C#C)OCCOC	0.8835863499651503
SNU423_LIVER	COCCOC1=C(C=C2C(=C1)C(=NC=N2)NC3=CC=CC(=C3)C#C)OCCOC	0.920860825796681
SNU449_LIVER	COCCOC1=C(C=C2C(=C1)C(=NC=N2)NC3=CC=CC(=C3)C#C)OCCOC	0.7902221107813934
SNU466_CENTRAL_NERVOUS_SYSTEM	COCCOC1=C(C=C2C(=C1)C(=NC=N2)NC3=CC=CC(=C3)C#C)OCCOC	0.4119854709233613
SNU46_UPPER_AERODIGESTIVE_TRACT	COCCOC1=C(C=C2C(=C1)C(=NC=N2)NC3=CC=CC(=C3)C#C)OCCOC	0.5899311985211673
SNU475_LIVER	COCCOC1=C(C=C2C(=C1)C(=NC=N2)NC3=CC=CC(=C3)C#C)OCCOC	0.8561070562744326
SNU489_CENTRAL_NERVOUS_SYSTEM	COCCOC1=C(C=C2C(=C1)C(=NC=N2)NC3=CC=CC(=C3)C#C)OCCOC	0.639564376117458
SNU503_LARGE_INTESTINE	COCCOC1=C(C=C2C(=C1)C(=NC=N2)NC3=CC=CC(=C3)C#C)OCCOC	0.6951613647383253
SNU5_STOMACH	COCCOC1=C(C=C2C(=C1)C(=NC=N2)NC3=CC=CC(=C3)C#C)OCCOC	0.8919558939591835
SNU601_STOMACH	COCCOC1=C(C=C2C(=C1)C(=NC=N2)NC3=CC=CC(=C3)C#C)OCCOC	0.530199412103397
SNU61_LARGE_INTESTINE	COCCOC1=C(C=C2C(=C1)C(=NC=N2)NC3=CC=CC(=C3)C#C)OCCOC	0.6405226692694631
SNU620_STOMACH	COCCOC1=C(C=C2C(=C1)C(=NC=N2)NC3=CC=CC(=C3)C#C)OCCOC	0.7436901709142701
SNU626_CENTRAL_NERVOUS_SYSTEM	COCCOC1=C(C=C2C(=C1)C(=NC=N2)NC3=CC=CC(=C3)C#C)OCCOC	0.6843327273553744
SNU668_STOMACH	COCCOC1=C(C=C2C(=C1)C(=NC=N2)NC3=CC=CC(=C3)C#C)OCCOC	0.7879436013212521
SNU685_ENDOMETRIUM	COCCOC1=C(C=C2C(=C1)C(=NC=N2)NC3=CC=CC(=C3)C#C)OCCOC	0.8543327736446559
SNU719_STOMACH	COCCOC1=C(C=C2C(=C1)C(=NC=N2)NC3=CC=CC(=C3)C#C)OCCOC	0.8131678338737538
SNU840_OVARY	COCCOC1=C(C=C2C(=C1)C(=NC=N2)NC3=CC=CC(=C3)C#C)OCCOC	0.5389087466286857
SNU869_BILIARY_TRACT	COCCOC1=C(C=C2C(=C1)C(=NC=N2)NC3=CC=CC(=C3)C#C)OCCOC	0.8009552241734598
SNU878_LIVER	COCCOC1=C(C=C2C(=C1)C(=NC=N2)NC3=CC=CC(=C3)C#C)OCCOC	0.3613378120549107
SNU899_UPPER_AERODIGESTIVE_TRACT	COCCOC1=C(C=C2C(=C1)C(=NC=N2)NC3=CC=CC(=C3)C#C)OCCOC	0.4839399390133033
SNUC1_LARGE_INTESTINE	COCCOC1=C(C=C2C(=C1)C(=NC=N2)NC3=CC=CC(=C3)C#C)OCCOC	0.8331393124252843
SNUC2A_LARGE_INTESTINE	COCCOC1=C(C=C2C(=C1)C(=NC=N2)NC3=CC=CC(=C3)C#C)OCCOC	0.689436243522531
SQ1_LUNG	COCCOC1=C(C=C2C(=C1)C(=NC=N2)NC3=CC=CC(=C3)C#C)OCCOC	0.4484765258038122
SR786_HAEMATOPOIETIC_AND_LYMPHOID_TISSUE	COCCOC1=C(C=C2C(=C1)C(=NC=N2)NC3=CC=CC(=C3)C#C)OCCOC	0.9507671000439194
ST486_HAEMATOPOIETIC_AND_LYMPHOID_TISSUE	COCCOC1=C(C=C2C(=C1)C(=NC=N2)NC3=CC=CC(=C3)C#C)OCCOC	0.8894623638947969
SU8686_PANCREAS	COCCOC1=C(C=C2C(=C1)C(=NC=N2)NC3=CC=CC(=C3)C#C)OCCOC	0.8004852884041999
SUDHL10_HAEMATOPOIETIC_AND_LYMPHOID_TISSUE	COCCOC1=C(C=C2C(=C1)C(=NC=N2)NC3=CC=CC(=C3)C#C)OCCOC	0.5397742558565886
SUDHL1_HAEMATOPOIETIC_AND_LYMPHOID_TISSUE	COCCOC1=C(C=C2C(=C1)C(=NC=N2)NC3=CC=CC(=C3)C#C)OCCOC	0.7221474369024574
SUDHL4_HAEMATOPOIETIC_AND_LYMPHOID_TISSUE	COCCOC1=C(C=C2C(=C1)C(=NC=N2)NC3=CC=CC(=C3)C#C)OCCOC	0.5595043823720963
SUDHL5_HAEMATOPOIETIC_AND_LYMPHOID_TISSUE	COCCOC1=C(C=C2C(=C1)C(=NC=N2)NC3=CC=CC(=C3)C#C)OCCOC	0.8438672775609158
SUDHL6_HAEMATOPOIETIC_AND_LYMPHOID_TISSUE	COCCOC1=C(C=C2C(=C1)C(=NC=N2)NC3=CC=CC(=C3)C#C)OCCOC	0.7241396530710614
SUDHL8_HAEMATOPOIETIC_AND_LYMPHOID_TISSUE	COCCOC1=C(C=C2C(=C1)C(=NC=N2)NC3=CC=CC(=C3)C#C)OCCOC	0.7439916968255794
SUIT2_PANCREAS	COCCOC1=C(C=C2C(=C1)C(=NC=N2)NC3=CC=CC(=C3)C#C)OCCOC	0.71769180522177
SUPHD1_HAEMATOPOIETIC_AND_LYMPHOID_TISSUE	COCCOC1=C(C=C2C(=C1)C(=NC=N2)NC3=CC=CC(=C3)C#C)OCCOC	0.8729833409684358
SUPM2_HAEMATOPOIETIC_AND_LYMPHOID_TISSUE	COCCOC1=C(C=C2C(=C1)C(=NC=N2)NC3=CC=CC(=C3)C#C)OCCOC	0.7668389218153671
SUPT11_HAEMATOPOIETIC_AND_LYMPHOID_TISSUE	COCCOC1=C(C=C2C(=C1)C(=NC=N2)NC3=CC=CC(=C3)C#C)OCCOC	0.8544518144489226
SUPT1_HAEMATOPOIETIC_AND_LYMPHOID_TISSUE	COCCOC1=C(C=C2C(=C1)C(=NC=N2)NC3=CC=CC(=C3)C#C)OCCOC	0.8558230717783827
SW1088_CENTRAL_NERVOUS_SYSTEM	COCCOC1=C(C=C2C(=C1)C(=NC=N2)NC3=CC=CC(=C3)C#C)OCCOC	0.8047601028890627
SW1116_LARGE_INTESTINE	COCCOC1=C(C=C2C(=C1)C(=NC=N2)NC3=CC=CC(=C3)C#C)OCCOC	0.5366287939537684
SW1271_LUNG	COCCOC1=C(C=C2C(=C1)C(=NC=N2)NC3=CC=CC(=C3)C#C)OCCOC	0.883427318360638
SW1353_BONE	COCCOC1=C(C=C2C(=C1)C(=NC=N2)NC3=CC=CC(=C3)C#C)OCCOC	0.83800233491924
SW1417_LARGE_INTESTINE	COCCOC1=C(C=C2C(=C1)C(=NC=N2)NC3=CC=CC(=C3)C#C)OCCOC	0.8274265729716294
SW1463_LARGE_INTESTINE	COCCOC1=C(C=C2C(=C1)C(=NC=N2)NC3=CC=CC(=C3)C#C)OCCOC	0.7949434056144393
SW1783_CENTRAL_NERVOUS_SYSTEM	COCCOC1=C(C=C2C(=C1)C(=NC=N2)NC3=CC=CC(=C3)C#C)OCCOC	1.0428257688251599
SW1990_PANCREAS	COCCOC1=C(C=C2C(=C1)C(=NC=N2)NC3=CC=CC(=C3)C#C)OCCOC	0.7279075445965778
SW48_LARGE_INTESTINE	COCCOC1=C(C=C2C(=C1)C(=NC=N2)NC3=CC=CC(=C3)C#C)OCCOC	0.44178850517500634
SW620_LARGE_INTESTINE	COCCOC1=C(C=C2C(=C1)C(=NC=N2)NC3=CC=CC(=C3)C#C)OCCOC	0.8102006906299629
SW684_SOFT_TISSUE	COCCOC1=C(C=C2C(=C1)C(=NC=N2)NC3=CC=CC(=C3)C#C)OCCOC	0.9723333375653864
SW756_CERVIX	COCCOC1=C(C=C2C(=C1)C(=NC=N2)NC3=CC=CC(=C3)C#C)OCCOC	0.84997529888703
SW837_LARGE_INTESTINE	COCCOC1=C(C=C2C(=C1)C(=NC=N2)NC3=CC=CC(=C3)C#C)OCCOC	0.8919934180962906
SW872_SOFT_TISSUE	COCCOC1=C(C=C2C(=C1)C(=NC=N2)NC3=CC=CC(=C3)C#C)OCCOC	0.9664883618933617
SW900_LUNG	COCCOC1=C(C=C2C(=C1)C(=NC=N2)NC3=CC=CC(=C3)C#C)OCCOC	0.9413287546816258
SW948_LARGE_INTESTINE	COCCOC1=C(C=C2C(=C1)C(=NC=N2)NC3=CC=CC(=C3)C#C)OCCOC	0.9410627997851067
SW962_VULVA	COCCOC1=C(C=C2C(=C1)C(=NC=N2)NC3=CC=CC(=C3)C#C)OCCOC	0.7074372545025306
SW982_SOFT_TISSUE	COCCOC1=C(C=C2C(=C1)C(=NC=N2)NC3=CC=CC(=C3)C#C)OCCOC	0.7680909435514544
SYO1_SOFT_TISSUE	COCCOC1=C(C=C2C(=C1)C(=NC=N2)NC3=CC=CC(=C3)C#C)OCCOC	0.7923729264523168
T24_URINARY_TRACT	COCCOC1=C(C=C2C(=C1)C(=NC=N2)NC3=CC=CC(=C3)C#C)OCCOC	0.6180927800842448
T3M10_LUNG	COCCOC1=C(C=C2C(=C1)C(=NC=N2)NC3=CC=CC(=C3)C#C)OCCOC	0.9784894640746687
T47D_BREAST	COCCOC1=C(C=C2C(=C1)C(=NC=N2)NC3=CC=CC(=C3)C#C)OCCOC	0.8038777958746871
T98G_CENTRAL_NERVOUS_SYSTEM	COCCOC1=C(C=C2C(=C1)C(=NC=N2)NC3=CC=CC(=C3)C#C)OCCOC	0.8911820200755185
TALL1_HAEMATOPOIETIC_AND_LYMPHOID_TISSUE	COCCOC1=C(C=C2C(=C1)C(=NC=N2)NC3=CC=CC(=C3)C#C)OCCOC	0.8177515430407518
TC71_BONE	COCCOC1=C(C=C2C(=C1)C(=NC=N2)NC3=CC=CC(=C3)C#C)OCCOC	0.89471329416458
TCCPAN2_PANCREAS	COCCOC1=C(C=C2C(=C1)C(=NC=N2)NC3=CC=CC(=C3)C#C)OCCOC	0.8172236476862935
TCCSUP_URINARY_TRACT	COCCOC1=C(C=C2C(=C1)C(=NC=N2)NC3=CC=CC(=C3)C#C)OCCOC	0.7801452887761404
TCYIK_CERVIX	COCCOC1=C(C=C2C(=C1)C(=NC=N2)NC3=CC=CC(=C3)C#C)OCCOC	0.8225966489463515
TE11_OESOPHAGUS	COCCOC1=C(C=C2C(=C1)C(=NC=N2)NC3=CC=CC(=C3)C#C)OCCOC	0.2589223188581472
TE12_OESOPHAGUS	COCCOC1=C(C=C2C(=C1)C(=NC=N2)NC3=CC=CC(=C3)C#C)OCCOC	0.2592185461551413
TE14_OESOPHAGUS	COCCOC1=C(C=C2C(=C1)C(=NC=N2)NC3=CC=CC(=C3)C#C)OCCOC	0.374177390299706
TE15_OESOPHAGUS	COCCOC1=C(C=C2C(=C1)C(=NC=N2)NC3=CC=CC(=C3)C#C)OCCOC	0.5163255476329354
TE1_OESOPHAGUS	COCCOC1=C(C=C2C(=C1)C(=NC=N2)NC3=CC=CC(=C3)C#C)OCCOC	0.6054151635790633
TE441T_SOFT_TISSUE	COCCOC1=C(C=C2C(=C1)C(=NC=N2)NC3=CC=CC(=C3)C#C)OCCOC	0.7121540671803503
TE5_OESOPHAGUS	COCCOC1=C(C=C2C(=C1)C(=NC=N2)NC3=CC=CC(=C3)C#C)OCCOC	0.7248293463011862
TE617T_SOFT_TISSUE	COCCOC1=C(C=C2C(=C1)C(=NC=N2)NC3=CC=CC(=C3)C#C)OCCOC	0.1757892277038698
TE8_OESOPHAGUS	COCCOC1=C(C=C2C(=C1)C(=NC=N2)NC3=CC=CC(=C3)C#C)OCCOC	0.7184122728087395
TE9_OESOPHAGUS	COCCOC1=C(C=C2C(=C1)C(=NC=N2)NC3=CC=CC(=C3)C#C)OCCOC	0.7070546164236059
TF1_HAEMATOPOIETIC_AND_LYMPHOID_TISSUE	COCCOC1=C(C=C2C(=C1)C(=NC=N2)NC3=CC=CC(=C3)C#C)OCCOC	0.7377575396224126
TGBC11TKB_STOMACH	COCCOC1=C(C=C2C(=C1)C(=NC=N2)NC3=CC=CC(=C3)C#C)OCCOC	0.8940467259218811
TGBC1TKB_BILIARY_TRACT	COCCOC1=C(C=C2C(=C1)C(=NC=N2)NC3=CC=CC(=C3)C#C)OCCOC	0.9621838678372541
TGBC24TKB_BILIARY_TRACT	COCCOC1=C(C=C2C(=C1)C(=NC=N2)NC3=CC=CC(=C3)C#C)OCCOC	0.7035545198213553
TGW_AUTONOMIC_GANGLIA	COCCOC1=C(C=C2C(=C1)C(=NC=N2)NC3=CC=CC(=C3)C#C)OCCOC	0.9667972478234497
TK_HAEMATOPOIETIC_AND_LYMPHOID_TISSUE	COCCOC1=C(C=C2C(=C1)C(=NC=N2)NC3=CC=CC(=C3)C#C)OCCOC	0.9471965669906124
TOV21G_OVARY	COCCOC1=C(C=C2C(=C1)C(=NC=N2)NC3=CC=CC(=C3)C#C)OCCOC	0.7711057321626396
TT2609C02_THYROID	COCCOC1=C(C=C2C(=C1)C(=NC=N2)NC3=CC=CC(=C3)C#C)OCCOC	0.8273655536240581
TT_THYROID	COCCOC1=C(C=C2C(=C1)C(=NC=N2)NC3=CC=CC(=C3)C#C)OCCOC	0.7268853222965461
TUHR10TKB_KIDNEY	COCCOC1=C(C=C2C(=C1)C(=NC=N2)NC3=CC=CC(=C3)C#C)OCCOC	0.9151599745446832
TUHR14TKB_KIDNEY	COCCOC1=C(C=C2C(=C1)C(=NC=N2)NC3=CC=CC(=C3)C#C)OCCOC	0.915875983438892
TUHR4TKB_KIDNEY	COCCOC1=C(C=C2C(=C1)C(=NC=N2)NC3=CC=CC(=C3)C#C)OCCOC	0.592026452165217
TUR_HAEMATOPOIETIC_AND_LYMPHOID_TISSUE	COCCOC1=C(C=C2C(=C1)C(=NC=N2)NC3=CC=CC(=C3)C#C)OCCOC	0.941595419789568
TYKNU_OVARY	COCCOC1=C(C=C2C(=C1)C(=NC=N2)NC3=CC=CC(=C3)C#C)OCCOC	0.7575808818036207
U118MG_CENTRAL_NERVOUS_SYSTEM	COCCOC1=C(C=C2C(=C1)C(=NC=N2)NC3=CC=CC(=C3)C#C)OCCOC	0.8080930203552057
U251MG_CENTRAL_NERVOUS_SYSTEM	COCCOC1=C(C=C2C(=C1)C(=NC=N2)NC3=CC=CC(=C3)C#C)OCCOC	0.8699925105827429
U2OS_BONE	COCCOC1=C(C=C2C(=C1)C(=NC=N2)NC3=CC=CC(=C3)C#C)OCCOC	0.7799888052054083
U937_HAEMATOPOIETIC_AND_LYMPHOID_TISSUE	COCCOC1=C(C=C2C(=C1)C(=NC=N2)NC3=CC=CC(=C3)C#C)OCCOC	0.7115043455862298
UACC62_SKIN	COCCOC1=C(C=C2C(=C1)C(=NC=N2)NC3=CC=CC(=C3)C#C)OCCOC	0.8552722869783482
UACC812_BREAST	COCCOC1=C(C=C2C(=C1)C(=NC=N2)NC3=CC=CC(=C3)C#C)OCCOC	1.018944819981306
UBLC1_URINARY_TRACT	COCCOC1=C(C=C2C(=C1)C(=NC=N2)NC3=CC=CC(=C3)C#C)OCCOC	0.0417066777781144
UMC11_LUNG	COCCOC1=C(C=C2C(=C1)C(=NC=N2)NC3=CC=CC(=C3)C#C)OCCOC	0.7324840717850507
UO31_KIDNEY	COCCOC1=C(C=C2C(=C1)C(=NC=N2)NC3=CC=CC(=C3)C#C)OCCOC	0.388186218142974
VAESBJ_SOFT_TISSUE	COCCOC1=C(C=C2C(=C1)C(=NC=N2)NC3=CC=CC(=C3)C#C)OCCOC	0.9257312794768564
VCAP_PROSTATE	COCCOC1=C(C=C2C(=C1)C(=NC=N2)NC3=CC=CC(=C3)C#C)OCCOC	1.0115320338302223
VMCUB1_URINARY_TRACT	COCCOC1=C(C=C2C(=C1)C(=NC=N2)NC3=CC=CC(=C3)C#C)OCCOC	0.674943079610725
VMRCRCW_KIDNEY	COCCOC1=C(C=C2C(=C1)C(=NC=N2)NC3=CC=CC(=C3)C#C)OCCOC	0.693736900360617
WIL2NS_HAEMATOPOIETIC_AND_LYMPHOID_TISSUE	COCCOC1=C(C=C2C(=C1)C(=NC=N2)NC3=CC=CC(=C3)C#C)OCCOC	0.8269186078548602
WM2664_SKIN	COCCOC1=C(C=C2C(=C1)C(=NC=N2)NC3=CC=CC(=C3)C#C)OCCOC	0.8173296781720658
WM278_SKIN	COCCOC1=C(C=C2C(=C1)C(=NC=N2)NC3=CC=CC(=C3)C#C)OCCOC	0.9001563362745004
WM793_SKIN	COCCOC1=C(C=C2C(=C1)C(=NC=N2)NC3=CC=CC(=C3)C#C)OCCOC	0.7299331566262507
WM88_SKIN	COCCOC1=C(C=C2C(=C1)C(=NC=N2)NC3=CC=CC(=C3)C#C)OCCOC	0.5366196763538288
WM983B_SKIN	COCCOC1=C(C=C2C(=C1)C(=NC=N2)NC3=CC=CC(=C3)C#C)OCCOC	0.7813027296281705
WSUDLCL2_HAEMATOPOIETIC_AND_LYMPHOID_TISSUE	COCCOC1=C(C=C2C(=C1)C(=NC=N2)NC3=CC=CC(=C3)C#C)OCCOC	0.7171315008179174
YAPC_PANCREAS	COCCOC1=C(C=C2C(=C1)C(=NC=N2)NC3=CC=CC(=C3)C#C)OCCOC	0.8173640850909226
YD10B_UPPER_AERODIGESTIVE_TRACT	COCCOC1=C(C=C2C(=C1)C(=NC=N2)NC3=CC=CC(=C3)C#C)OCCOC	0.1305064957271432
YD15_SALIVARY_GLAND	COCCOC1=C(C=C2C(=C1)C(=NC=N2)NC3=CC=CC(=C3)C#C)OCCOC	0.2189665679263007
YD38_UPPER_AERODIGESTIVE_TRACT	COCCOC1=C(C=C2C(=C1)C(=NC=N2)NC3=CC=CC(=C3)C#C)OCCOC	0.244518498212067
YD8_UPPER_AERODIGESTIVE_TRACT	COCCOC1=C(C=C2C(=C1)C(=NC=N2)NC3=CC=CC(=C3)C#C)OCCOC	0.7390079275129549
YT_HAEMATOPOIETIC_AND_LYMPHOID_TISSUE	COCCOC1=C(C=C2C(=C1)C(=NC=N2)NC3=CC=CC(=C3)C#C)OCCOC	0.9592367635027023
ZR751_BREAST	COCCOC1=C(C=C2C(=C1)C(=NC=N2)NC3=CC=CC(=C3)C#C)OCCOC	0.785494070123337
ZR7530_BREAST	COCCOC1=C(C=C2C(=C1)C(=NC=N2)NC3=CC=CC(=C3)C#C)OCCOC	0.6400737742734521
