22RV1_PROSTATE	C1C[C@H](CNC1)C2=CC=C(C=C2)N3C=C4C=CC=C(C4=N3)C(=O)N	0.7615028154445528
42MGBA_CENTRAL_NERVOUS_SYSTEM	C1C[C@H](CNC1)C2=CC=C(C=C2)N3C=C4C=CC=C(C4=N3)C(=O)N	0.6294214677662325
5637_URINARY_TRACT	C1C[C@H](CNC1)C2=CC=C(C=C2)N3C=C4C=CC=C(C4=N3)C(=O)N	0.8710434852723269
639V_URINARY_TRACT	C1C[C@H](CNC1)C2=CC=C(C=C2)N3C=C4C=CC=C(C4=N3)C(=O)N	0.8898726575233813
647V_URINARY_TRACT	C1C[C@H](CNC1)C2=CC=C(C=C2)N3C=C4C=CC=C(C4=N3)C(=O)N	0.6693557318351285
769P_KIDNEY	C1C[C@H](CNC1)C2=CC=C(C=C2)N3C=C4C=CC=C(C4=N3)C(=O)N	0.8223964766346296
8505C_THYROID	C1C[C@H](CNC1)C2=CC=C(C=C2)N3C=C4C=CC=C(C4=N3)C(=O)N	0.8300465515247548
8MGBA_CENTRAL_NERVOUS_SYSTEM	C1C[C@H](CNC1)C2=CC=C(C=C2)N3C=C4C=CC=C(C4=N3)C(=O)N	0.5918601633031831
A101D_SKIN	C1C[C@H](CNC1)C2=CC=C(C=C2)N3C=C4C=CC=C(C4=N3)C(=O)N	0.9579760513819868
A172_CENTRAL_NERVOUS_SYSTEM	C1C[C@H](CNC1)C2=CC=C(C=C2)N3C=C4C=CC=C(C4=N3)C(=O)N	1.003334745413463
A204_SOFT_TISSUE	C1C[C@H](CNC1)C2=CC=C(C=C2)N3C=C4C=CC=C(C4=N3)C(=O)N	0.8905138476687646
A2058_SKIN	C1C[C@H](CNC1)C2=CC=C(C=C2)N3C=C4C=CC=C(C4=N3)C(=O)N	0.7737231637789257
A253_SALIVARY_GLAND	C1C[C@H](CNC1)C2=CC=C(C=C2)N3C=C4C=CC=C(C4=N3)C(=O)N	0.8641676389939824
A2780_OVARY	C1C[C@H](CNC1)C2=CC=C(C=C2)N3C=C4C=CC=C(C4=N3)C(=O)N	0.4857099231970428
A3KAW_HAEMATOPOIETIC_AND_LYMPHOID_TISSUE	C1C[C@H](CNC1)C2=CC=C(C=C2)N3C=C4C=CC=C(C4=N3)C(=O)N	0.6830387603105376
A427_LUNG	C1C[C@H](CNC1)C2=CC=C(C=C2)N3C=C4C=CC=C(C4=N3)C(=O)N	0.8906268329969184
A498_KIDNEY	C1C[C@H](CNC1)C2=CC=C(C=C2)N3C=C4C=CC=C(C4=N3)C(=O)N	0.8191724892571166
A673_BONE	C1C[C@H](CNC1)C2=CC=C(C=C2)N3C=C4C=CC=C(C4=N3)C(=O)N	0.4598877180145213
ABC1_LUNG	C1C[C@H](CNC1)C2=CC=C(C=C2)N3C=C4C=CC=C(C4=N3)C(=O)N	1.005303571270446
ACHN_KIDNEY	C1C[C@H](CNC1)C2=CC=C(C=C2)N3C=C4C=CC=C(C4=N3)C(=O)N	0.9331868595468809
AGS_STOMACH	C1C[C@H](CNC1)C2=CC=C(C=C2)N3C=C4C=CC=C(C4=N3)C(=O)N	0.8999896934583543
ALLPO_HAEMATOPOIETIC_AND_LYMPHOID_TISSUE	C1C[C@H](CNC1)C2=CC=C(C=C2)N3C=C4C=CC=C(C4=N3)C(=O)N	0.4469624249361991
ALLSIL_HAEMATOPOIETIC_AND_LYMPHOID_TISSUE	C1C[C@H](CNC1)C2=CC=C(C=C2)N3C=C4C=CC=C(C4=N3)C(=O)N	0.6697680288524893
AMO1_HAEMATOPOIETIC_AND_LYMPHOID_TISSUE	C1C[C@H](CNC1)C2=CC=C(C=C2)N3C=C4C=CC=C(C4=N3)C(=O)N	0.7655963645590763
AN3CA_ENDOMETRIUM	C1C[C@H](CNC1)C2=CC=C(C=C2)N3C=C4C=CC=C(C4=N3)C(=O)N	0.9476509387694972
ASH3_THYROID	C1C[C@H](CNC1)C2=CC=C(C=C2)N3C=C4C=CC=C(C4=N3)C(=O)N	0.9132887728355548
ASPC1_PANCREAS	C1C[C@H](CNC1)C2=CC=C(C=C2)N3C=C4C=CC=C(C4=N3)C(=O)N	0.9416943343373042
AU565_BREAST	C1C[C@H](CNC1)C2=CC=C(C=C2)N3C=C4C=CC=C(C4=N3)C(=O)N	0.9776450319321336
BB49HNC_UPPER_AERODIGESTIVE_TRACT	C1C[C@H](CNC1)C2=CC=C(C=C2)N3C=C4C=CC=C(C4=N3)C(=O)N	0.8770031487784408
BC1_HAEMATOPOIETIC_AND_LYMPHOID_TISSUE	C1C[C@H](CNC1)C2=CC=C(C=C2)N3C=C4C=CC=C(C4=N3)C(=O)N	0.6652397713765636
BE2M17_AUTONOMIC_GANGLIA	C1C[C@H](CNC1)C2=CC=C(C=C2)N3C=C4C=CC=C(C4=N3)C(=O)N	0.8788576256498545
BECKER_CENTRAL_NERVOUS_SYSTEM	C1C[C@H](CNC1)C2=CC=C(C=C2)N3C=C4C=CC=C(C4=N3)C(=O)N	0.8601461034326805
BFTC905_URINARY_TRACT	C1C[C@H](CNC1)C2=CC=C(C=C2)N3C=C4C=CC=C(C4=N3)C(=O)N	0.9609849213772071
BFTC909_KIDNEY	C1C[C@H](CNC1)C2=CC=C(C=C2)N3C=C4C=CC=C(C4=N3)C(=O)N	1.0723909543792831
BPH1_PROSTATE	C1C[C@H](CNC1)C2=CC=C(C=C2)N3C=C4C=CC=C(C4=N3)C(=O)N	0.7553754462741001
BT20_BREAST	C1C[C@H](CNC1)C2=CC=C(C=C2)N3C=C4C=CC=C(C4=N3)C(=O)N	1.0789694258848694
BT474_BREAST	C1C[C@H](CNC1)C2=CC=C(C=C2)N3C=C4C=CC=C(C4=N3)C(=O)N	0.8963596763529283
BT549_BREAST	C1C[C@H](CNC1)C2=CC=C(C=C2)N3C=C4C=CC=C(C4=N3)C(=O)N	0.8797241280641626
BXPC3_PANCREAS	C1C[C@H](CNC1)C2=CC=C(C=C2)N3C=C4C=CC=C(C4=N3)C(=O)N	0.8077802957418906
C33A_CERVIX	C1C[C@H](CNC1)C2=CC=C(C=C2)N3C=C4C=CC=C(C4=N3)C(=O)N	0.8829827375361742
C3A_LIVER	C1C[C@H](CNC1)C2=CC=C(C=C2)N3C=C4C=CC=C(C4=N3)C(=O)N	0.9550076723042707
CA46_HAEMATOPOIETIC_AND_LYMPHOID_TISSUE	C1C[C@H](CNC1)C2=CC=C(C=C2)N3C=C4C=CC=C(C4=N3)C(=O)N	0.8849491874390968
CA922_UPPER_AERODIGESTIVE_TRACT	C1C[C@H](CNC1)C2=CC=C(C=C2)N3C=C4C=CC=C(C4=N3)C(=O)N	0.8952619375910824
CADOES1_BONE	C1C[C@H](CNC1)C2=CC=C(C=C2)N3C=C4C=CC=C(C4=N3)C(=O)N	0.6192586471928317
CAL120_BREAST	C1C[C@H](CNC1)C2=CC=C(C=C2)N3C=C4C=CC=C(C4=N3)C(=O)N	0.9998210931133894
CAL27_UPPER_AERODIGESTIVE_TRACT	C1C[C@H](CNC1)C2=CC=C(C=C2)N3C=C4C=CC=C(C4=N3)C(=O)N	0.784481342565301
CAL29_URINARY_TRACT	C1C[C@H](CNC1)C2=CC=C(C=C2)N3C=C4C=CC=C(C4=N3)C(=O)N	0.9044755176234042
CAL39_VULVA	C1C[C@H](CNC1)C2=CC=C(C=C2)N3C=C4C=CC=C(C4=N3)C(=O)N	0.8725741842782294
CAL51_BREAST	C1C[C@H](CNC1)C2=CC=C(C=C2)N3C=C4C=CC=C(C4=N3)C(=O)N	0.7523592755058126
CAL54_KIDNEY	C1C[C@H](CNC1)C2=CC=C(C=C2)N3C=C4C=CC=C(C4=N3)C(=O)N	0.8842415565351984
CAL78_BONE	C1C[C@H](CNC1)C2=CC=C(C=C2)N3C=C4C=CC=C(C4=N3)C(=O)N	0.9444784477752723
CAL851_BREAST	C1C[C@H](CNC1)C2=CC=C(C=C2)N3C=C4C=CC=C(C4=N3)C(=O)N	0.9328011520065098
CALU3_LUNG	C1C[C@H](CNC1)C2=CC=C(C=C2)N3C=C4C=CC=C(C4=N3)C(=O)N	0.8753627626673984
CALU6_LUNG	C1C[C@H](CNC1)C2=CC=C(C=C2)N3C=C4C=CC=C(C4=N3)C(=O)N	0.8670316585963372
CAMA1_BREAST	C1C[C@H](CNC1)C2=CC=C(C=C2)N3C=C4C=CC=C(C4=N3)C(=O)N	0.9136304995447104
CAPAN1_PANCREAS	C1C[C@H](CNC1)C2=CC=C(C=C2)N3C=C4C=CC=C(C4=N3)C(=O)N	0.8985987234174829
CAPAN2_PANCREAS	C1C[C@H](CNC1)C2=CC=C(C=C2)N3C=C4C=CC=C(C4=N3)C(=O)N	0.8235598726312222
CCK81_LARGE_INTESTINE	C1C[C@H](CNC1)C2=CC=C(C=C2)N3C=C4C=CC=C(C4=N3)C(=O)N	1.070694670914664
CCRFCEM_HAEMATOPOIETIC_AND_LYMPHOID_TISSUE	C1C[C@H](CNC1)C2=CC=C(C=C2)N3C=C4C=CC=C(C4=N3)C(=O)N	0.7679020541319401
CESS_HAEMATOPOIETIC_AND_LYMPHOID_TISSUE	C1C[C@H](CNC1)C2=CC=C(C=C2)N3C=C4C=CC=C(C4=N3)C(=O)N	0.548661228882961
CHP134_AUTONOMIC_GANGLIA	C1C[C@H](CNC1)C2=CC=C(C=C2)N3C=C4C=CC=C(C4=N3)C(=O)N	0.6072524935159067
CL11_LARGE_INTESTINE	C1C[C@H](CNC1)C2=CC=C(C=C2)N3C=C4C=CC=C(C4=N3)C(=O)N	0.8396317198390714
CL40_LARGE_INTESTINE	C1C[C@H](CNC1)C2=CC=C(C=C2)N3C=C4C=CC=C(C4=N3)C(=O)N	0.8641124727250304
CMLT1_HAEMATOPOIETIC_AND_LYMPHOID_TISSUE	C1C[C@H](CNC1)C2=CC=C(C=C2)N3C=C4C=CC=C(C4=N3)C(=O)N	0.3823511454660315
COLO205_LARGE_INTESTINE	C1C[C@H](CNC1)C2=CC=C(C=C2)N3C=C4C=CC=C(C4=N3)C(=O)N	0.9535890781631036
COLO668_LUNG	C1C[C@H](CNC1)C2=CC=C(C=C2)N3C=C4C=CC=C(C4=N3)C(=O)N	0.7769096912195915
COLO678_LARGE_INTESTINE	C1C[C@H](CNC1)C2=CC=C(C=C2)N3C=C4C=CC=C(C4=N3)C(=O)N	1.0684738077883136
COLO679_SKIN	C1C[C@H](CNC1)C2=CC=C(C=C2)N3C=C4C=CC=C(C4=N3)C(=O)N	0.8895303307647374
COLO680N_OESOPHAGUS	C1C[C@H](CNC1)C2=CC=C(C=C2)N3C=C4C=CC=C(C4=N3)C(=O)N	0.9266778061431098
COLO829_SKIN	C1C[C@H](CNC1)C2=CC=C(C=C2)N3C=C4C=CC=C(C4=N3)C(=O)N	0.8462345897077888
CPCN_LUNG	C1C[C@H](CNC1)C2=CC=C(C=C2)N3C=C4C=CC=C(C4=N3)C(=O)N	0.8590627060607627
CW2_LARGE_INTESTINE	C1C[C@H](CNC1)C2=CC=C(C=C2)N3C=C4C=CC=C(C4=N3)C(=O)N	0.8765331614902836
D263MG_CENTRAL_NERVOUS_SYSTEM	C1C[C@H](CNC1)C2=CC=C(C=C2)N3C=C4C=CC=C(C4=N3)C(=O)N	0.9840227003029184
DANG_PANCREAS	C1C[C@H](CNC1)C2=CC=C(C=C2)N3C=C4C=CC=C(C4=N3)C(=O)N	0.9411204852387643
DAOY_CENTRAL_NERVOUS_SYSTEM	C1C[C@H](CNC1)C2=CC=C(C=C2)N3C=C4C=CC=C(C4=N3)C(=O)N	0.7421084119988698
DAUDI_HAEMATOPOIETIC_AND_LYMPHOID_TISSUE	C1C[C@H](CNC1)C2=CC=C(C=C2)N3C=C4C=CC=C(C4=N3)C(=O)N	0.5802969432533532
DB_HAEMATOPOIETIC_AND_LYMPHOID_TISSUE	C1C[C@H](CNC1)C2=CC=C(C=C2)N3C=C4C=CC=C(C4=N3)C(=O)N	0.9276489160963892
DEL_HAEMATOPOIETIC_AND_LYMPHOID_TISSUE	C1C[C@H](CNC1)C2=CC=C(C=C2)N3C=C4C=CC=C(C4=N3)C(=O)N	0.3608758549751665
DIFI_LARGE_INTESTINE	C1C[C@H](CNC1)C2=CC=C(C=C2)N3C=C4C=CC=C(C4=N3)C(=O)N	0.953246034907548
DKMG_CENTRAL_NERVOUS_SYSTEM	C1C[C@H](CNC1)C2=CC=C(C=C2)N3C=C4C=CC=C(C4=N3)C(=O)N	1.001759613597925
DMS273_LUNG	C1C[C@H](CNC1)C2=CC=C(C=C2)N3C=C4C=CC=C(C4=N3)C(=O)N	0.888159368470238
DMS53_LUNG	C1C[C@H](CNC1)C2=CC=C(C=C2)N3C=C4C=CC=C(C4=N3)C(=O)N	0.8647015768291819
DMS79_LUNG	C1C[C@H](CNC1)C2=CC=C(C=C2)N3C=C4C=CC=C(C4=N3)C(=O)N	0.5188788976964572
DND41_HAEMATOPOIETIC_AND_LYMPHOID_TISSUE	C1C[C@H](CNC1)C2=CC=C(C=C2)N3C=C4C=CC=C(C4=N3)C(=O)N	0.5817447399262997
DOHH2_HAEMATOPOIETIC_AND_LYMPHOID_TISSUE	C1C[C@H](CNC1)C2=CC=C(C=C2)N3C=C4C=CC=C(C4=N3)C(=O)N	0.2032987851771176
DOTC24510_CERVIX	C1C[C@H](CNC1)C2=CC=C(C=C2)N3C=C4C=CC=C(C4=N3)C(=O)N	0.8161454830369895
DOV13_OVARY	C1C[C@H](CNC1)C2=CC=C(C=C2)N3C=C4C=CC=C(C4=N3)C(=O)N	0.7597879012181937
DSH1_URINARY_TRACT	C1C[C@H](CNC1)C2=CC=C(C=C2)N3C=C4C=CC=C(C4=N3)C(=O)N	0.9725730776125232
DU4475_BREAST	C1C[C@H](CNC1)C2=CC=C(C=C2)N3C=C4C=CC=C(C4=N3)C(=O)N	0.5698686614735644
EB2_HAEMATOPOIETIC_AND_LYMPHOID_TISSUE	C1C[C@H](CNC1)C2=CC=C(C=C2)N3C=C4C=CC=C(C4=N3)C(=O)N	0.858235111159566
EBC1_LUNG	C1C[C@H](CNC1)C2=CC=C(C=C2)N3C=C4C=CC=C(C4=N3)C(=O)N	0.8252472301346438
ECC12_STOMACH	C1C[C@H](CNC1)C2=CC=C(C=C2)N3C=C4C=CC=C(C4=N3)C(=O)N	0.8413976407720859
ECGI10_OESOPHAGUS	C1C[C@H](CNC1)C2=CC=C(C=C2)N3C=C4C=CC=C(C4=N3)C(=O)N	0.7897387362510825
EFM192A_BREAST	C1C[C@H](CNC1)C2=CC=C(C=C2)N3C=C4C=CC=C(C4=N3)C(=O)N	0.932947211988262
EFM19_BREAST	C1C[C@H](CNC1)C2=CC=C(C=C2)N3C=C4C=CC=C(C4=N3)C(=O)N	0.963691469108731
EJM_HAEMATOPOIETIC_AND_LYMPHOID_TISSUE	C1C[C@H](CNC1)C2=CC=C(C=C2)N3C=C4C=CC=C(C4=N3)C(=O)N	1.0893252724667777
EKVX_LUNG	C1C[C@H](CNC1)C2=CC=C(C=C2)N3C=C4C=CC=C(C4=N3)C(=O)N	0.9387547563235116
EM2_HAEMATOPOIETIC_AND_LYMPHOID_TISSUE	C1C[C@H](CNC1)C2=CC=C(C=C2)N3C=C4C=CC=C(C4=N3)C(=O)N	0.6834844107492047
EOL1_HAEMATOPOIETIC_AND_LYMPHOID_TISSUE	C1C[C@H](CNC1)C2=CC=C(C=C2)N3C=C4C=CC=C(C4=N3)C(=O)N	0.8608392939494981
ES2_OVARY	C1C[C@H](CNC1)C2=CC=C(C=C2)N3C=C4C=CC=C(C4=N3)C(=O)N	0.7942330220074479
ES4_BONE	C1C[C@H](CNC1)C2=CC=C(C=C2)N3C=C4C=CC=C(C4=N3)C(=O)N	0.7420081704468113
ES5_BONE	C1C[C@H](CNC1)C2=CC=C(C=C2)N3C=C4C=CC=C(C4=N3)C(=O)N	0.7513683448752467
ES7_BONE	C1C[C@H](CNC1)C2=CC=C(C=C2)N3C=C4C=CC=C(C4=N3)C(=O)N	0.2955978780927958
ES8_BONE	C1C[C@H](CNC1)C2=CC=C(C=C2)N3C=C4C=CC=C(C4=N3)C(=O)N	0.2836024679497449
ESO26_OESOPHAGUS	C1C[C@H](CNC1)C2=CC=C(C=C2)N3C=C4C=CC=C(C4=N3)C(=O)N	0.9345630838851888
ESO51_OESOPHAGUS	C1C[C@H](CNC1)C2=CC=C(C=C2)N3C=C4C=CC=C(C4=N3)C(=O)N	0.954396790278746
ESS1_ENDOMETRIUM	C1C[C@H](CNC1)C2=CC=C(C=C2)N3C=C4C=CC=C(C4=N3)C(=O)N	0.5592801496437487
EVSAT_BREAST	C1C[C@H](CNC1)C2=CC=C(C=C2)N3C=C4C=CC=C(C4=N3)C(=O)N	0.9313104392122404
EW11_BONE	C1C[C@H](CNC1)C2=CC=C(C=C2)N3C=C4C=CC=C(C4=N3)C(=O)N	0.524998503156187
EW13_BONE	C1C[C@H](CNC1)C2=CC=C(C=C2)N3C=C4C=CC=C(C4=N3)C(=O)N	0.6961821574398028
EW16_BONE	C1C[C@H](CNC1)C2=CC=C(C=C2)N3C=C4C=CC=C(C4=N3)C(=O)N	0.6203637519723413
EW18_BONE	C1C[C@H](CNC1)C2=CC=C(C=C2)N3C=C4C=CC=C(C4=N3)C(=O)N	0.7423076703570446
EW1_BONE	C1C[C@H](CNC1)C2=CC=C(C=C2)N3C=C4C=CC=C(C4=N3)C(=O)N	0.4085464794076122
EW22_BONE	C1C[C@H](CNC1)C2=CC=C(C=C2)N3C=C4C=CC=C(C4=N3)C(=O)N	0.3481143822318032
EW24_BONE	C1C[C@H](CNC1)C2=CC=C(C=C2)N3C=C4C=CC=C(C4=N3)C(=O)N	0.7296392947751821
EW7_BONE	C1C[C@H](CNC1)C2=CC=C(C=C2)N3C=C4C=CC=C(C4=N3)C(=O)N	0.5700667010645424
FARAGE_HAEMATOPOIETIC_AND_LYMPHOID_TISSUE	C1C[C@H](CNC1)C2=CC=C(C=C2)N3C=C4C=CC=C(C4=N3)C(=O)N	0.7066968546732232
FLO1_OESOPHAGUS	C1C[C@H](CNC1)C2=CC=C(C=C2)N3C=C4C=CC=C(C4=N3)C(=O)N	0.8074442565731015
FTC133_THYROID	C1C[C@H](CNC1)C2=CC=C(C=C2)N3C=C4C=CC=C(C4=N3)C(=O)N	0.9301260191291818
G292CLONEA141B1_BONE	C1C[C@H](CNC1)C2=CC=C(C=C2)N3C=C4C=CC=C(C4=N3)C(=O)N	1.075990260460191
G361_SKIN	C1C[C@H](CNC1)C2=CC=C(C=C2)N3C=C4C=CC=C(C4=N3)C(=O)N	0.8947930397354382
G401_SOFT_TISSUE	C1C[C@H](CNC1)C2=CC=C(C=C2)N3C=C4C=CC=C(C4=N3)C(=O)N	0.700421778286306
G402_SOFT_TISSUE	C1C[C@H](CNC1)C2=CC=C(C=C2)N3C=C4C=CC=C(C4=N3)C(=O)N	0.7100375822940073
GA10_HAEMATOPOIETIC_AND_LYMPHOID_TISSUE	C1C[C@H](CNC1)C2=CC=C(C=C2)N3C=C4C=CC=C(C4=N3)C(=O)N	0.6168631157710602
GAK_SKIN	C1C[C@H](CNC1)C2=CC=C(C=C2)N3C=C4C=CC=C(C4=N3)C(=O)N	0.9209478754451168
GAMG_CENTRAL_NERVOUS_SYSTEM	C1C[C@H](CNC1)C2=CC=C(C=C2)N3C=C4C=CC=C(C4=N3)C(=O)N	1.0152294515822793
GB1_CENTRAL_NERVOUS_SYSTEM	C1C[C@H](CNC1)C2=CC=C(C=C2)N3C=C4C=CC=C(C4=N3)C(=O)N	0.8406135756972501
GCIY_STOMACH	C1C[C@H](CNC1)C2=CC=C(C=C2)N3C=C4C=CC=C(C4=N3)C(=O)N	0.8627977707547367
GCT_SOFT_TISSUE	C1C[C@H](CNC1)C2=CC=C(C=C2)N3C=C4C=CC=C(C4=N3)C(=O)N	0.8332769258353205
GDM1_HAEMATOPOIETIC_AND_LYMPHOID_TISSUE	C1C[C@H](CNC1)C2=CC=C(C=C2)N3C=C4C=CC=C(C4=N3)C(=O)N	0.7190351885794993
GI1_CENTRAL_NERVOUS_SYSTEM	C1C[C@H](CNC1)C2=CC=C(C=C2)N3C=C4C=CC=C(C4=N3)C(=O)N	1.0345403031846627
GIMEN_AUTONOMIC_GANGLIA	C1C[C@H](CNC1)C2=CC=C(C=C2)N3C=C4C=CC=C(C4=N3)C(=O)N	0.9239712619371276
GMEL_SKIN	C1C[C@H](CNC1)C2=CC=C(C=C2)N3C=C4C=CC=C(C4=N3)C(=O)N	0.933710456265025
GP5D_LARGE_INTESTINE	C1C[C@H](CNC1)C2=CC=C(C=C2)N3C=C4C=CC=C(C4=N3)C(=O)N	0.9534823375876944
GRANTA519_HAEMATOPOIETIC_AND_LYMPHOID_TISSUE	C1C[C@H](CNC1)C2=CC=C(C=C2)N3C=C4C=CC=C(C4=N3)C(=O)N	0.8445868735190438
H2369_PLEURA	C1C[C@H](CNC1)C2=CC=C(C=C2)N3C=C4C=CC=C(C4=N3)C(=O)N	0.98965944009664
H3118_UPPER_AERODIGESTIVE_TRACT	C1C[C@H](CNC1)C2=CC=C(C=C2)N3C=C4C=CC=C(C4=N3)C(=O)N	0.924046179089681
H4_CENTRAL_NERVOUS_SYSTEM	C1C[C@H](CNC1)C2=CC=C(C=C2)N3C=C4C=CC=C(C4=N3)C(=O)N	0.771712790486718
H9_HAEMATOPOIETIC_AND_LYMPHOID_TISSUE	C1C[C@H](CNC1)C2=CC=C(C=C2)N3C=C4C=CC=C(C4=N3)C(=O)N	0.6728089503902691
HA7RCC_KIDNEY	C1C[C@H](CNC1)C2=CC=C(C=C2)N3C=C4C=CC=C(C4=N3)C(=O)N	1.0033499724570774
HAL01_HAEMATOPOIETIC_AND_LYMPHOID_TISSUE	C1C[C@H](CNC1)C2=CC=C(C=C2)N3C=C4C=CC=C(C4=N3)C(=O)N	0.3761260875790309
HARA_LUNG	C1C[C@H](CNC1)C2=CC=C(C=C2)N3C=C4C=CC=C(C4=N3)C(=O)N	0.8988062620441325
HC1_HAEMATOPOIETIC_AND_LYMPHOID_TISSUE	C1C[C@H](CNC1)C2=CC=C(C=C2)N3C=C4C=CC=C(C4=N3)C(=O)N	1.0217961791576489
HCC1143_BREAST	C1C[C@H](CNC1)C2=CC=C(C=C2)N3C=C4C=CC=C(C4=N3)C(=O)N	0.9918308155279856
HCC1187_BREAST	C1C[C@H](CNC1)C2=CC=C(C=C2)N3C=C4C=CC=C(C4=N3)C(=O)N	0.8557699075052306
HCC1428_BREAST	C1C[C@H](CNC1)C2=CC=C(C=C2)N3C=C4C=CC=C(C4=N3)C(=O)N	0.8960434165491371
HCC1569_BREAST	C1C[C@H](CNC1)C2=CC=C(C=C2)N3C=C4C=CC=C(C4=N3)C(=O)N	0.8955816185641867
HCC15_LUNG	C1C[C@H](CNC1)C2=CC=C(C=C2)N3C=C4C=CC=C(C4=N3)C(=O)N	0.9794010467211198
HCC1937_BREAST	C1C[C@H](CNC1)C2=CC=C(C=C2)N3C=C4C=CC=C(C4=N3)C(=O)N	0.9918143024884803
HCC2998_LARGE_INTESTINE	C1C[C@H](CNC1)C2=CC=C(C=C2)N3C=C4C=CC=C(C4=N3)C(=O)N	0.914000150803728
HCC366_LUNG	C1C[C@H](CNC1)C2=CC=C(C=C2)N3C=C4C=CC=C(C4=N3)C(=O)N	0.9267258029922476
HCC70_BREAST	C1C[C@H](CNC1)C2=CC=C(C=C2)N3C=C4C=CC=C(C4=N3)C(=O)N	0.985720797076314
HCC827_LUNG	C1C[C@H](CNC1)C2=CC=C(C=C2)N3C=C4C=CC=C(C4=N3)C(=O)N	0.950865413841164
HCT116_LARGE_INTESTINE	C1C[C@H](CNC1)C2=CC=C(C=C2)N3C=C4C=CC=C(C4=N3)C(=O)N	0.8066792874726163
HCT15_LARGE_INTESTINE	C1C[C@H](CNC1)C2=CC=C(C=C2)N3C=C4C=CC=C(C4=N3)C(=O)N	0.7753341365235734
HDMYZ_HAEMATOPOIETIC_AND_LYMPHOID_TISSUE	C1C[C@H](CNC1)C2=CC=C(C=C2)N3C=C4C=CC=C(C4=N3)C(=O)N	0.9027221470395695
HEC1_ENDOMETRIUM	C1C[C@H](CNC1)C2=CC=C(C=C2)N3C=C4C=CC=C(C4=N3)C(=O)N	0.974590772846584
HELA_CERVIX	C1C[C@H](CNC1)C2=CC=C(C=C2)N3C=C4C=CC=C(C4=N3)C(=O)N	1.019712081771052
HEMCSS_BONE	C1C[C@H](CNC1)C2=CC=C(C=C2)N3C=C4C=CC=C(C4=N3)C(=O)N	0.973356411082498
HEP3B217_LIVER	C1C[C@H](CNC1)C2=CC=C(C=C2)N3C=C4C=CC=C(C4=N3)C(=O)N	0.884817888434275
HEY_OVARY	C1C[C@H](CNC1)C2=CC=C(C=C2)N3C=C4C=CC=C(C4=N3)C(=O)N	0.9117121097847356
HGC27_STOMACH	C1C[C@H](CNC1)C2=CC=C(C=C2)N3C=C4C=CC=C(C4=N3)C(=O)N	0.9215969592084192
HH_HAEMATOPOIETIC_AND_LYMPHOID_TISSUE	C1C[C@H](CNC1)C2=CC=C(C=C2)N3C=C4C=CC=C(C4=N3)C(=O)N	0.9654980256094012
HL60_HAEMATOPOIETIC_AND_LYMPHOID_TISSUE	C1C[C@H](CNC1)C2=CC=C(C=C2)N3C=C4C=CC=C(C4=N3)C(=O)N	0.999851765475596
HLE_LIVER	C1C[C@H](CNC1)C2=CC=C(C=C2)N3C=C4C=CC=C(C4=N3)C(=O)N	0.9009924532576262
HMVII_SKIN	C1C[C@H](CNC1)C2=CC=C(C=C2)N3C=C4C=CC=C(C4=N3)C(=O)N	0.8803134027658794
HO1N1_UPPER_AERODIGESTIVE_TRACT	C1C[C@H](CNC1)C2=CC=C(C=C2)N3C=C4C=CC=C(C4=N3)C(=O)N	0.8767761814243058
HOP62_LUNG	C1C[C@H](CNC1)C2=CC=C(C=C2)N3C=C4C=CC=C(C4=N3)C(=O)N	0.9340963078836808
HOS_BONE	C1C[C@H](CNC1)C2=CC=C(C=C2)N3C=C4C=CC=C(C4=N3)C(=O)N	0.8726142490650064
HPAC_PANCREAS	C1C[C@H](CNC1)C2=CC=C(C=C2)N3C=C4C=CC=C(C4=N3)C(=O)N	0.8257247806200448
HS445_HAEMATOPOIETIC_AND_LYMPHOID_TISSUE	C1C[C@H](CNC1)C2=CC=C(C=C2)N3C=C4C=CC=C(C4=N3)C(=O)N	0.921339581699045
HS578T_BREAST	C1C[C@H](CNC1)C2=CC=C(C=C2)N3C=C4C=CC=C(C4=N3)C(=O)N	0.9318447555774652
HS746T_STOMACH	C1C[C@H](CNC1)C2=CC=C(C=C2)N3C=C4C=CC=C(C4=N3)C(=O)N	0.9252369694243048
HSC2_UPPER_AERODIGESTIVE_TRACT	C1C[C@H](CNC1)C2=CC=C(C=C2)N3C=C4C=CC=C(C4=N3)C(=O)N	0.9146241212987656
HSC3_UPPER_AERODIGESTIVE_TRACT	C1C[C@H](CNC1)C2=CC=C(C=C2)N3C=C4C=CC=C(C4=N3)C(=O)N	0.9810156763973598
HSC4_UPPER_AERODIGESTIVE_TRACT	C1C[C@H](CNC1)C2=CC=C(C=C2)N3C=C4C=CC=C(C4=N3)C(=O)N	0.9929692395019598
HT1080_SOFT_TISSUE	C1C[C@H](CNC1)C2=CC=C(C=C2)N3C=C4C=CC=C(C4=N3)C(=O)N	0.9950174835679516
HT1197_URINARY_TRACT	C1C[C@H](CNC1)C2=CC=C(C=C2)N3C=C4C=CC=C(C4=N3)C(=O)N	0.8974472067156172
HT1376_URINARY_TRACT	C1C[C@H](CNC1)C2=CC=C(C=C2)N3C=C4C=CC=C(C4=N3)C(=O)N	0.9530970052044232
HT144_SKIN	C1C[C@H](CNC1)C2=CC=C(C=C2)N3C=C4C=CC=C(C4=N3)C(=O)N	0.9118525537565062
HT29_LARGE_INTESTINE	C1C[C@H](CNC1)C2=CC=C(C=C2)N3C=C4C=CC=C(C4=N3)C(=O)N	0.9583769778446016
HTCC3_THYROID	C1C[C@H](CNC1)C2=CC=C(C=C2)N3C=C4C=CC=C(C4=N3)C(=O)N	0.9194469436011562
HUCCT1_BILIARY_TRACT	C1C[C@H](CNC1)C2=CC=C(C=C2)N3C=C4C=CC=C(C4=N3)C(=O)N	0.9855566805173483
HUH7_LIVER	C1C[C@H](CNC1)C2=CC=C(C=C2)N3C=C4C=CC=C(C4=N3)C(=O)N	0.9648778908441746
HUO3N1_BONE	C1C[C@H](CNC1)C2=CC=C(C=C2)N3C=C4C=CC=C(C4=N3)C(=O)N	0.8045129249264662
HUO9_BONE	C1C[C@H](CNC1)C2=CC=C(C=C2)N3C=C4C=CC=C(C4=N3)C(=O)N	0.8510986453174364
HUPT3_PANCREAS	C1C[C@H](CNC1)C2=CC=C(C=C2)N3C=C4C=CC=C(C4=N3)C(=O)N	0.904278491606814
HUPT4_PANCREAS	C1C[C@H](CNC1)C2=CC=C(C=C2)N3C=C4C=CC=C(C4=N3)C(=O)N	0.9337933518799688
HUTU80_SMALL_INTESTINE	C1C[C@H](CNC1)C2=CC=C(C=C2)N3C=C4C=CC=C(C4=N3)C(=O)N	0.7398361903079885
IALM_LUNG	C1C[C@H](CNC1)C2=CC=C(C=C2)N3C=C4C=CC=C(C4=N3)C(=O)N	1.018969687912978
IGR1_SKIN	C1C[C@H](CNC1)C2=CC=C(C=C2)N3C=C4C=CC=C(C4=N3)C(=O)N	0.9893934067387125
IGR37_SKIN	C1C[C@H](CNC1)C2=CC=C(C=C2)N3C=C4C=CC=C(C4=N3)C(=O)N	0.919589530162444
IGROV1_OVARY	C1C[C@H](CNC1)C2=CC=C(C=C2)N3C=C4C=CC=C(C4=N3)C(=O)N	0.7427507503316952
IHH4_THYROID	C1C[C@H](CNC1)C2=CC=C(C=C2)N3C=C4C=CC=C(C4=N3)C(=O)N	0.7814675927282997
IM95_STOMACH	C1C[C@H](CNC1)C2=CC=C(C=C2)N3C=C4C=CC=C(C4=N3)C(=O)N	0.8247992606481931
IM9_HAEMATOPOIETIC_AND_LYMPHOID_TISSUE	C1C[C@H](CNC1)C2=CC=C(C=C2)N3C=C4C=CC=C(C4=N3)C(=O)N	0.7491281268447298
IMR5_AUTONOMIC_GANGLIA	C1C[C@H](CNC1)C2=CC=C(C=C2)N3C=C4C=CC=C(C4=N3)C(=O)N	0.5016267308217072
ISTSL2_LUNG	C1C[C@H](CNC1)C2=CC=C(C=C2)N3C=C4C=CC=C(C4=N3)C(=O)N	0.5713904894298383
J82_URINARY_TRACT	C1C[C@H](CNC1)C2=CC=C(C=C2)N3C=C4C=CC=C(C4=N3)C(=O)N	0.9855394316730424
JHH1_LIVER	C1C[C@H](CNC1)C2=CC=C(C=C2)N3C=C4C=CC=C(C4=N3)C(=O)N	0.9537929994451664
JHH4_LIVER	C1C[C@H](CNC1)C2=CC=C(C=C2)N3C=C4C=CC=C(C4=N3)C(=O)N	0.907959805961398
JHH6_LIVER	C1C[C@H](CNC1)C2=CC=C(C=C2)N3C=C4C=CC=C(C4=N3)C(=O)N	0.8862299418678649
JHH7_LIVER	C1C[C@H](CNC1)C2=CC=C(C=C2)N3C=C4C=CC=C(C4=N3)C(=O)N	0.8058447890864476
JHU022_UPPER_AERODIGESTIVE_TRACT	C1C[C@H](CNC1)C2=CC=C(C=C2)N3C=C4C=CC=C(C4=N3)C(=O)N	0.9550201066435106
JIMT1_BREAST	C1C[C@H](CNC1)C2=CC=C(C=C2)N3C=C4C=CC=C(C4=N3)C(=O)N	1.2153345355784024
JSC1_HAEMATOPOIETIC_AND_LYMPHOID_TISSUE	C1C[C@H](CNC1)C2=CC=C(C=C2)N3C=C4C=CC=C(C4=N3)C(=O)N	0.8033785834730268
JURKAT_HAEMATOPOIETIC_AND_LYMPHOID_TISSUE	C1C[C@H](CNC1)C2=CC=C(C=C2)N3C=C4C=CC=C(C4=N3)C(=O)N	0.8008087769074412
JVM2_HAEMATOPOIETIC_AND_LYMPHOID_TISSUE	C1C[C@H](CNC1)C2=CC=C(C=C2)N3C=C4C=CC=C(C4=N3)C(=O)N	0.5186891289196459
JVM3_HAEMATOPOIETIC_AND_LYMPHOID_TISSUE	C1C[C@H](CNC1)C2=CC=C(C=C2)N3C=C4C=CC=C(C4=N3)C(=O)N	0.5010020556957449
K562_HAEMATOPOIETIC_AND_LYMPHOID_TISSUE	C1C[C@H](CNC1)C2=CC=C(C=C2)N3C=C4C=CC=C(C4=N3)C(=O)N	0.9475400662054352
K5_THYROID	C1C[C@H](CNC1)C2=CC=C(C=C2)N3C=C4C=CC=C(C4=N3)C(=O)N	0.7505778099124909
KARPAS1106P_HAEMATOPOIETIC_AND_LYMPHOID_TISSUE	C1C[C@H](CNC1)C2=CC=C(C=C2)N3C=C4C=CC=C(C4=N3)C(=O)N	0.7016900893647269
KARPAS231_HAEMATOPOIETIC_AND_LYMPHOID_TISSUE	C1C[C@H](CNC1)C2=CC=C(C=C2)N3C=C4C=CC=C(C4=N3)C(=O)N	0.636904144698592
KARPAS45_HAEMATOPOIETIC_AND_LYMPHOID_TISSUE	C1C[C@H](CNC1)C2=CC=C(C=C2)N3C=C4C=CC=C(C4=N3)C(=O)N	0.9142566021835378
KARPAS620_HAEMATOPOIETIC_AND_LYMPHOID_TISSUE	C1C[C@H](CNC1)C2=CC=C(C=C2)N3C=C4C=CC=C(C4=N3)C(=O)N	0.8548972909791323
KASUMI1_HAEMATOPOIETIC_AND_LYMPHOID_TISSUE	C1C[C@H](CNC1)C2=CC=C(C=C2)N3C=C4C=CC=C(C4=N3)C(=O)N	0.814383120472071
KATOIII_STOMACH	C1C[C@H](CNC1)C2=CC=C(C=C2)N3C=C4C=CC=C(C4=N3)C(=O)N	0.9401138966989814
KCL22_HAEMATOPOIETIC_AND_LYMPHOID_TISSUE	C1C[C@H](CNC1)C2=CC=C(C=C2)N3C=C4C=CC=C(C4=N3)C(=O)N	0.7521820461692769
KE37_HAEMATOPOIETIC_AND_LYMPHOID_TISSUE	C1C[C@H](CNC1)C2=CC=C(C=C2)N3C=C4C=CC=C(C4=N3)C(=O)N	0.9543592674373064
KLE_ENDOMETRIUM	C1C[C@H](CNC1)C2=CC=C(C=C2)N3C=C4C=CC=C(C4=N3)C(=O)N	0.9205436093186994
KM12_LARGE_INTESTINE	C1C[C@H](CNC1)C2=CC=C(C=C2)N3C=C4C=CC=C(C4=N3)C(=O)N	0.9837056802724892
KMH2_HAEMATOPOIETIC_AND_LYMPHOID_TISSUE	C1C[C@H](CNC1)C2=CC=C(C=C2)N3C=C4C=CC=C(C4=N3)C(=O)N	0.7805133631875326
KMOE2_HAEMATOPOIETIC_AND_LYMPHOID_TISSUE	C1C[C@H](CNC1)C2=CC=C(C=C2)N3C=C4C=CC=C(C4=N3)C(=O)N	0.9983416826290302
KMRC20_KIDNEY	C1C[C@H](CNC1)C2=CC=C(C=C2)N3C=C4C=CC=C(C4=N3)C(=O)N	0.992737583943906
KNS62_LUNG	C1C[C@H](CNC1)C2=CC=C(C=C2)N3C=C4C=CC=C(C4=N3)C(=O)N	0.9217878138532
KOPN8_HAEMATOPOIETIC_AND_LYMPHOID_TISSUE	C1C[C@H](CNC1)C2=CC=C(C=C2)N3C=C4C=CC=C(C4=N3)C(=O)N	0.2927548156620033
KP1N_PANCREAS	C1C[C@H](CNC1)C2=CC=C(C=C2)N3C=C4C=CC=C(C4=N3)C(=O)N	0.99168331995009
KP2_PANCREAS	C1C[C@H](CNC1)C2=CC=C(C=C2)N3C=C4C=CC=C(C4=N3)C(=O)N	0.981369754548493
KP3_PANCREAS	C1C[C@H](CNC1)C2=CC=C(C=C2)N3C=C4C=CC=C(C4=N3)C(=O)N	0.9628457844613404
KPNYN_AUTONOMIC_GANGLIA	C1C[C@H](CNC1)C2=CC=C(C=C2)N3C=C4C=CC=C(C4=N3)C(=O)N	0.6972347663233823
KS1_CENTRAL_NERVOUS_SYSTEM	C1C[C@H](CNC1)C2=CC=C(C=C2)N3C=C4C=CC=C(C4=N3)C(=O)N	0.968980207682411
KU1919_URINARY_TRACT	C1C[C@H](CNC1)C2=CC=C(C=C2)N3C=C4C=CC=C(C4=N3)C(=O)N	0.8200696152443157
KURAMOCHI_OVARY	C1C[C@H](CNC1)C2=CC=C(C=C2)N3C=C4C=CC=C(C4=N3)C(=O)N	0.9410706182900536
KY821_HAEMATOPOIETIC_AND_LYMPHOID_TISSUE	C1C[C@H](CNC1)C2=CC=C(C=C2)N3C=C4C=CC=C(C4=N3)C(=O)N	0.8193788515975515
KYAE1_OESOPHAGUS	C1C[C@H](CNC1)C2=CC=C(C=C2)N3C=C4C=CC=C(C4=N3)C(=O)N	0.9595126460743282
KYM1_SOFT_TISSUE	C1C[C@H](CNC1)C2=CC=C(C=C2)N3C=C4C=CC=C(C4=N3)C(=O)N	0.6059055464342541
KYSE140_OESOPHAGUS	C1C[C@H](CNC1)C2=CC=C(C=C2)N3C=C4C=CC=C(C4=N3)C(=O)N	0.8932624798619642
KYSE180_OESOPHAGUS	C1C[C@H](CNC1)C2=CC=C(C=C2)N3C=C4C=CC=C(C4=N3)C(=O)N	0.9953043780564677
KYSE220_OESOPHAGUS	C1C[C@H](CNC1)C2=CC=C(C=C2)N3C=C4C=CC=C(C4=N3)C(=O)N	0.8025777367235196
KYSE270_OESOPHAGUS	C1C[C@H](CNC1)C2=CC=C(C=C2)N3C=C4C=CC=C(C4=N3)C(=O)N	1.053385786917005
KYSE410_OESOPHAGUS	C1C[C@H](CNC1)C2=CC=C(C=C2)N3C=C4C=CC=C(C4=N3)C(=O)N	1.0112487530764327
KYSE450_OESOPHAGUS	C1C[C@H](CNC1)C2=CC=C(C=C2)N3C=C4C=CC=C(C4=N3)C(=O)N	0.9648252901175326
KYSE520_OESOPHAGUS	C1C[C@H](CNC1)C2=CC=C(C=C2)N3C=C4C=CC=C(C4=N3)C(=O)N	0.8134671509227729
L1236_HAEMATOPOIETIC_AND_LYMPHOID_TISSUE	C1C[C@H](CNC1)C2=CC=C(C=C2)N3C=C4C=CC=C(C4=N3)C(=O)N	0.7322100073675976
L363_HAEMATOPOIETIC_AND_LYMPHOID_TISSUE	C1C[C@H](CNC1)C2=CC=C(C=C2)N3C=C4C=CC=C(C4=N3)C(=O)N	0.8945004483991795
L428_HAEMATOPOIETIC_AND_LYMPHOID_TISSUE	C1C[C@H](CNC1)C2=CC=C(C=C2)N3C=C4C=CC=C(C4=N3)C(=O)N	0.8171931394585772
L540_HAEMATOPOIETIC_AND_LYMPHOID_TISSUE	C1C[C@H](CNC1)C2=CC=C(C=C2)N3C=C4C=CC=C(C4=N3)C(=O)N	0.6280309368481929
LAMA84_HAEMATOPOIETIC_AND_LYMPHOID_TISSUE	C1C[C@H](CNC1)C2=CC=C(C=C2)N3C=C4C=CC=C(C4=N3)C(=O)N	0.921295431643844
LB831BLC_URINARY_TRACT	C1C[C@H](CNC1)C2=CC=C(C=C2)N3C=C4C=CC=C(C4=N3)C(=O)N	0.9069397686606242
LB996RCC_KIDNEY	C1C[C@H](CNC1)C2=CC=C(C=C2)N3C=C4C=CC=C(C4=N3)C(=O)N	0.8219203489164335
LC41_HAEMATOPOIETIC_AND_LYMPHOID_TISSUE	C1C[C@H](CNC1)C2=CC=C(C=C2)N3C=C4C=CC=C(C4=N3)C(=O)N	0.6115655877020028
LN18_CENTRAL_NERVOUS_SYSTEM	C1C[C@H](CNC1)C2=CC=C(C=C2)N3C=C4C=CC=C(C4=N3)C(=O)N	0.8770451316509273
LN405_CENTRAL_NERVOUS_SYSTEM	C1C[C@H](CNC1)C2=CC=C(C=C2)N3C=C4C=CC=C(C4=N3)C(=O)N	0.9382304630624344
LNCAPCLONEFGC_PROSTATE	C1C[C@H](CNC1)C2=CC=C(C=C2)N3C=C4C=CC=C(C4=N3)C(=O)N	0.785603125259845
LOUCY_HAEMATOPOIETIC_AND_LYMPHOID_TISSUE	C1C[C@H](CNC1)C2=CC=C(C=C2)N3C=C4C=CC=C(C4=N3)C(=O)N	0.8410639378203674
LOVO_LARGE_INTESTINE	C1C[C@H](CNC1)C2=CC=C(C=C2)N3C=C4C=CC=C(C4=N3)C(=O)N	0.8412691586079308
LP1_HAEMATOPOIETIC_AND_LYMPHOID_TISSUE	C1C[C@H](CNC1)C2=CC=C(C=C2)N3C=C4C=CC=C(C4=N3)C(=O)N	0.973461257009979
LS180_LARGE_INTESTINE	C1C[C@H](CNC1)C2=CC=C(C=C2)N3C=C4C=CC=C(C4=N3)C(=O)N	0.8351431925294237
LS411N_LARGE_INTESTINE	C1C[C@H](CNC1)C2=CC=C(C=C2)N3C=C4C=CC=C(C4=N3)C(=O)N	1.0437578943984789
LS513_LARGE_INTESTINE	C1C[C@H](CNC1)C2=CC=C(C=C2)N3C=C4C=CC=C(C4=N3)C(=O)N	0.8195316305268796
LXF289_LUNG	C1C[C@H](CNC1)C2=CC=C(C=C2)N3C=C4C=CC=C(C4=N3)C(=O)N	0.9875806124764024
M059J_CENTRAL_NERVOUS_SYSTEM	C1C[C@H](CNC1)C2=CC=C(C=C2)N3C=C4C=CC=C(C4=N3)C(=O)N	1.0009329557758109
MCF7_BREAST	C1C[C@H](CNC1)C2=CC=C(C=C2)N3C=C4C=CC=C(C4=N3)C(=O)N	0.9695415546723
MDAMB157_BREAST	C1C[C@H](CNC1)C2=CC=C(C=C2)N3C=C4C=CC=C(C4=N3)C(=O)N	0.8770753131335747
MDAMB231_BREAST	C1C[C@H](CNC1)C2=CC=C(C=C2)N3C=C4C=CC=C(C4=N3)C(=O)N	0.7374555888828017
MDAMB361_BREAST	C1C[C@H](CNC1)C2=CC=C(C=C2)N3C=C4C=CC=C(C4=N3)C(=O)N	0.911253364980504
MDAMB453_BREAST	C1C[C@H](CNC1)C2=CC=C(C=C2)N3C=C4C=CC=C(C4=N3)C(=O)N	0.7479239566002596
MDAMB468_BREAST	C1C[C@H](CNC1)C2=CC=C(C=C2)N3C=C4C=CC=C(C4=N3)C(=O)N	0.894524861896037
ME180_CERVIX	C1C[C@H](CNC1)C2=CC=C(C=C2)N3C=C4C=CC=C(C4=N3)C(=O)N	0.9975945194320326
ME1_HAEMATOPOIETIC_AND_LYMPHOID_TISSUE	C1C[C@H](CNC1)C2=CC=C(C=C2)N3C=C4C=CC=C(C4=N3)C(=O)N	1.0390050049583357
MELJUSO_SKIN	C1C[C@H](CNC1)C2=CC=C(C=C2)N3C=C4C=CC=C(C4=N3)C(=O)N	0.8419364733619834
MESSA_SOFT_TISSUE	C1C[C@H](CNC1)C2=CC=C(C=C2)N3C=C4C=CC=C(C4=N3)C(=O)N	0.862018269823648
MFE280_ENDOMETRIUM	C1C[C@H](CNC1)C2=CC=C(C=C2)N3C=C4C=CC=C(C4=N3)C(=O)N	0.8423132065320679
MFE296_ENDOMETRIUM	C1C[C@H](CNC1)C2=CC=C(C=C2)N3C=C4C=CC=C(C4=N3)C(=O)N	0.9112158750953472
MFM223_BREAST	C1C[C@H](CNC1)C2=CC=C(C=C2)N3C=C4C=CC=C(C4=N3)C(=O)N	0.881491515990774
MG63_BONE	C1C[C@H](CNC1)C2=CC=C(C=C2)N3C=C4C=CC=C(C4=N3)C(=O)N	0.8433525434375716
MHHCALL2_HAEMATOPOIETIC_AND_LYMPHOID_TISSUE	C1C[C@H](CNC1)C2=CC=C(C=C2)N3C=C4C=CC=C(C4=N3)C(=O)N	0.6151939076049312
MHHES1_BONE	C1C[C@H](CNC1)C2=CC=C(C=C2)N3C=C4C=CC=C(C4=N3)C(=O)N	0.4342285418855413
MHHPREB1_HAEMATOPOIETIC_AND_LYMPHOID_TISSUE	C1C[C@H](CNC1)C2=CC=C(C=C2)N3C=C4C=CC=C(C4=N3)C(=O)N	0.7859672378624405
MIAPACA2_PANCREAS	C1C[C@H](CNC1)C2=CC=C(C=C2)N3C=C4C=CC=C(C4=N3)C(=O)N	0.8801186263190219
MKN1_STOMACH	C1C[C@H](CNC1)C2=CC=C(C=C2)N3C=C4C=CC=C(C4=N3)C(=O)N	0.923678857993271
MKN45_STOMACH	C1C[C@H](CNC1)C2=CC=C(C=C2)N3C=C4C=CC=C(C4=N3)C(=O)N	0.8710993119032824
ML2_HAEMATOPOIETIC_AND_LYMPHOID_TISSUE	C1C[C@H](CNC1)C2=CC=C(C=C2)N3C=C4C=CC=C(C4=N3)C(=O)N	0.1881885586014728
MM1S_HAEMATOPOIETIC_AND_LYMPHOID_TISSUE	C1C[C@H](CNC1)C2=CC=C(C=C2)N3C=C4C=CC=C(C4=N3)C(=O)N	0.9342421343687326
MOLM13_HAEMATOPOIETIC_AND_LYMPHOID_TISSUE	C1C[C@H](CNC1)C2=CC=C(C=C2)N3C=C4C=CC=C(C4=N3)C(=O)N	0.3581251139242425
MOLT16_HAEMATOPOIETIC_AND_LYMPHOID_TISSUE	C1C[C@H](CNC1)C2=CC=C(C=C2)N3C=C4C=CC=C(C4=N3)C(=O)N	0.5629295231241632
MOLT4_HAEMATOPOIETIC_AND_LYMPHOID_TISSUE	C1C[C@H](CNC1)C2=CC=C(C=C2)N3C=C4C=CC=C(C4=N3)C(=O)N	1.042018276542357
MPP89_PLEURA	C1C[C@H](CNC1)C2=CC=C(C=C2)N3C=C4C=CC=C(C4=N3)C(=O)N	0.953277394833573
MRKNU1_BREAST	C1C[C@H](CNC1)C2=CC=C(C=C2)N3C=C4C=CC=C(C4=N3)C(=O)N	0.9101711445560772
MS1_LUNG	C1C[C@H](CNC1)C2=CC=C(C=C2)N3C=C4C=CC=C(C4=N3)C(=O)N	0.6938086491941798
MS751_CERVIX	C1C[C@H](CNC1)C2=CC=C(C=C2)N3C=C4C=CC=C(C4=N3)C(=O)N	0.9752437284836
MSTO211H_PLEURA	C1C[C@H](CNC1)C2=CC=C(C=C2)N3C=C4C=CC=C(C4=N3)C(=O)N	0.761169627161342
MV411_HAEMATOPOIETIC_AND_LYMPHOID_TISSUE	C1C[C@H](CNC1)C2=CC=C(C=C2)N3C=C4C=CC=C(C4=N3)C(=O)N	0.2941500987716261
NALM6_HAEMATOPOIETIC_AND_LYMPHOID_TISSUE	C1C[C@H](CNC1)C2=CC=C(C=C2)N3C=C4C=CC=C(C4=N3)C(=O)N	0.2956800515817919
NAMALWA_HAEMATOPOIETIC_AND_LYMPHOID_TISSUE	C1C[C@H](CNC1)C2=CC=C(C=C2)N3C=C4C=CC=C(C4=N3)C(=O)N	0.3453527557659502
NB10_AUTONOMIC_GANGLIA	C1C[C@H](CNC1)C2=CC=C(C=C2)N3C=C4C=CC=C(C4=N3)C(=O)N	0.4475499898592541
NB13_AUTONOMIC_GANGLIA	C1C[C@H](CNC1)C2=CC=C(C=C2)N3C=C4C=CC=C(C4=N3)C(=O)N	0.6712614421881664
NB14_AUTONOMIC_GANGLIA	C1C[C@H](CNC1)C2=CC=C(C=C2)N3C=C4C=CC=C(C4=N3)C(=O)N	0.7506567500528031
NB69_AUTONOMIC_GANGLIA	C1C[C@H](CNC1)C2=CC=C(C=C2)N3C=C4C=CC=C(C4=N3)C(=O)N	0.6265530643186952
NBTU110_AUTONOMIC_GANGLIA	C1C[C@H](CNC1)C2=CC=C(C=C2)N3C=C4C=CC=C(C4=N3)C(=O)N	0.8774447082702701
NCC010_KIDNEY	C1C[C@H](CNC1)C2=CC=C(C=C2)N3C=C4C=CC=C(C4=N3)C(=O)N	0.8374215417068656
NCIH1048_LUNG	C1C[C@H](CNC1)C2=CC=C(C=C2)N3C=C4C=CC=C(C4=N3)C(=O)N	0.8168646803284053
NCIH1092_LUNG	C1C[C@H](CNC1)C2=CC=C(C=C2)N3C=C4C=CC=C(C4=N3)C(=O)N	0.9433979688489492
NCIH1355_LUNG	C1C[C@H](CNC1)C2=CC=C(C=C2)N3C=C4C=CC=C(C4=N3)C(=O)N	0.8202951058391368
NCIH1417_LUNG	C1C[C@H](CNC1)C2=CC=C(C=C2)N3C=C4C=CC=C(C4=N3)C(=O)N	0.5768452951255555
NCIH1435_LUNG	C1C[C@H](CNC1)C2=CC=C(C=C2)N3C=C4C=CC=C(C4=N3)C(=O)N	0.993392812154471
NCIH1563_LUNG	C1C[C@H](CNC1)C2=CC=C(C=C2)N3C=C4C=CC=C(C4=N3)C(=O)N	0.9755502510377636
NCIH1568_LUNG	C1C[C@H](CNC1)C2=CC=C(C=C2)N3C=C4C=CC=C(C4=N3)C(=O)N	0.986324551924053
NCIH1581_LUNG	C1C[C@H](CNC1)C2=CC=C(C=C2)N3C=C4C=CC=C(C4=N3)C(=O)N	0.9516562355799252
NCIH1623_LUNG	C1C[C@H](CNC1)C2=CC=C(C=C2)N3C=C4C=CC=C(C4=N3)C(=O)N	0.7531630106565421
NCIH1651_LUNG	C1C[C@H](CNC1)C2=CC=C(C=C2)N3C=C4C=CC=C(C4=N3)C(=O)N	0.6043716835081606
NCIH1693_LUNG	C1C[C@H](CNC1)C2=CC=C(C=C2)N3C=C4C=CC=C(C4=N3)C(=O)N	0.9613701924385158
NCIH1694_LUNG	C1C[C@H](CNC1)C2=CC=C(C=C2)N3C=C4C=CC=C(C4=N3)C(=O)N	0.712147095349481
NCIH1781_LUNG	C1C[C@H](CNC1)C2=CC=C(C=C2)N3C=C4C=CC=C(C4=N3)C(=O)N	0.6343944700672308
NCIH1792_LUNG	C1C[C@H](CNC1)C2=CC=C(C=C2)N3C=C4C=CC=C(C4=N3)C(=O)N	0.7983317928480054
NCIH1793_LUNG	C1C[C@H](CNC1)C2=CC=C(C=C2)N3C=C4C=CC=C(C4=N3)C(=O)N	0.9131197979493068
NCIH1876_LUNG	C1C[C@H](CNC1)C2=CC=C(C=C2)N3C=C4C=CC=C(C4=N3)C(=O)N	0.3101732463241707
NCIH1915_LUNG	C1C[C@H](CNC1)C2=CC=C(C=C2)N3C=C4C=CC=C(C4=N3)C(=O)N	0.7416475022530312
NCIH1944_LUNG	C1C[C@H](CNC1)C2=CC=C(C=C2)N3C=C4C=CC=C(C4=N3)C(=O)N	0.8152853873625858
NCIH1963_LUNG	C1C[C@H](CNC1)C2=CC=C(C=C2)N3C=C4C=CC=C(C4=N3)C(=O)N	0.7890042819102691
NCIH1975_LUNG	C1C[C@H](CNC1)C2=CC=C(C=C2)N3C=C4C=CC=C(C4=N3)C(=O)N	0.880518188169765
NCIH1993_LUNG	C1C[C@H](CNC1)C2=CC=C(C=C2)N3C=C4C=CC=C(C4=N3)C(=O)N	0.8305580001418084
NCIH2029_LUNG	C1C[C@H](CNC1)C2=CC=C(C=C2)N3C=C4C=CC=C(C4=N3)C(=O)N	0.9603517125198516
NCIH2085_LUNG	C1C[C@H](CNC1)C2=CC=C(C=C2)N3C=C4C=CC=C(C4=N3)C(=O)N	0.9065890590033344
NCIH2087_LUNG	C1C[C@H](CNC1)C2=CC=C(C=C2)N3C=C4C=CC=C(C4=N3)C(=O)N	0.8907025850654068
NCIH209_LUNG	C1C[C@H](CNC1)C2=CC=C(C=C2)N3C=C4C=CC=C(C4=N3)C(=O)N	0.2039716368554579
NCIH211_LUNG	C1C[C@H](CNC1)C2=CC=C(C=C2)N3C=C4C=CC=C(C4=N3)C(=O)N	0.8019180462599229
NCIH2122_LUNG	C1C[C@H](CNC1)C2=CC=C(C=C2)N3C=C4C=CC=C(C4=N3)C(=O)N	0.8431514802366427
NCIH2135_LUNG	C1C[C@H](CNC1)C2=CC=C(C=C2)N3C=C4C=CC=C(C4=N3)C(=O)N	1.018296158437777
NCIH2141_LUNG	C1C[C@H](CNC1)C2=CC=C(C=C2)N3C=C4C=CC=C(C4=N3)C(=O)N	1.006995426490045
NCIH2170_LUNG	C1C[C@H](CNC1)C2=CC=C(C=C2)N3C=C4C=CC=C(C4=N3)C(=O)N	0.808885092482106
NCIH2228_LUNG	C1C[C@H](CNC1)C2=CC=C(C=C2)N3C=C4C=CC=C(C4=N3)C(=O)N	0.7546714459240923
NCIH226_LUNG	C1C[C@H](CNC1)C2=CC=C(C=C2)N3C=C4C=CC=C(C4=N3)C(=O)N	0.8456866392607207
NCIH23_LUNG	C1C[C@H](CNC1)C2=CC=C(C=C2)N3C=C4C=CC=C(C4=N3)C(=O)N	0.9441337794452376
NCIH2405_LUNG	C1C[C@H](CNC1)C2=CC=C(C=C2)N3C=C4C=CC=C(C4=N3)C(=O)N	0.9901166060943056
NCIH2461_PLEURA	C1C[C@H](CNC1)C2=CC=C(C=C2)N3C=C4C=CC=C(C4=N3)C(=O)N	0.7513265613405338
NCIH250_LUNG	C1C[C@H](CNC1)C2=CC=C(C=C2)N3C=C4C=CC=C(C4=N3)C(=O)N	0.933170381173284
NCIH2591_PLEURA	C1C[C@H](CNC1)C2=CC=C(C=C2)N3C=C4C=CC=C(C4=N3)C(=O)N	1.0125635116578855
NCIH2595_PLEURA	C1C[C@H](CNC1)C2=CC=C(C=C2)N3C=C4C=CC=C(C4=N3)C(=O)N	0.8712454696126553
NCIH2722_PLEURA	C1C[C@H](CNC1)C2=CC=C(C=C2)N3C=C4C=CC=C(C4=N3)C(=O)N	0.957038904187438
NCIH2803_PLEURA	C1C[C@H](CNC1)C2=CC=C(C=C2)N3C=C4C=CC=C(C4=N3)C(=O)N	0.9414967322555284
NCIH2804_PLEURA	C1C[C@H](CNC1)C2=CC=C(C=C2)N3C=C4C=CC=C(C4=N3)C(=O)N	0.7359463265231416
NCIH2810_PLEURA	C1C[C@H](CNC1)C2=CC=C(C=C2)N3C=C4C=CC=C(C4=N3)C(=O)N	0.8177683864403354
NCIH2818_PLEURA	C1C[C@H](CNC1)C2=CC=C(C=C2)N3C=C4C=CC=C(C4=N3)C(=O)N	0.925798296501668
NCIH2869_PLEURA	C1C[C@H](CNC1)C2=CC=C(C=C2)N3C=C4C=CC=C(C4=N3)C(=O)N	0.8259847453265295
NCIH28_PLEURA	C1C[C@H](CNC1)C2=CC=C(C=C2)N3C=C4C=CC=C(C4=N3)C(=O)N	0.892897010822972
NCIH3122_LUNG	C1C[C@H](CNC1)C2=CC=C(C=C2)N3C=C4C=CC=C(C4=N3)C(=O)N	0.9156064281159204
NCIH345_LUNG	C1C[C@H](CNC1)C2=CC=C(C=C2)N3C=C4C=CC=C(C4=N3)C(=O)N	0.9540356297469847
NCIH358_LUNG	C1C[C@H](CNC1)C2=CC=C(C=C2)N3C=C4C=CC=C(C4=N3)C(=O)N	0.8984782012658252
NCIH446_LUNG	C1C[C@H](CNC1)C2=CC=C(C=C2)N3C=C4C=CC=C(C4=N3)C(=O)N	0.8463327624345524
NCIH520_LUNG	C1C[C@H](CNC1)C2=CC=C(C=C2)N3C=C4C=CC=C(C4=N3)C(=O)N	0.8432838541375065
NCIH526_LUNG	C1C[C@H](CNC1)C2=CC=C(C=C2)N3C=C4C=CC=C(C4=N3)C(=O)N	0.4692504442337778
NCIH650_LUNG	C1C[C@H](CNC1)C2=CC=C(C=C2)N3C=C4C=CC=C(C4=N3)C(=O)N	0.9548881178266474
NCIH661_LUNG	C1C[C@H](CNC1)C2=CC=C(C=C2)N3C=C4C=CC=C(C4=N3)C(=O)N	0.9844187063668814
NCIH716_LARGE_INTESTINE	C1C[C@H](CNC1)C2=CC=C(C=C2)N3C=C4C=CC=C(C4=N3)C(=O)N	0.9730963041808988
NCIH720_LUNG	C1C[C@H](CNC1)C2=CC=C(C=C2)N3C=C4C=CC=C(C4=N3)C(=O)N	0.922131502907438
NCIH727_LUNG	C1C[C@H](CNC1)C2=CC=C(C=C2)N3C=C4C=CC=C(C4=N3)C(=O)N	0.9783090224719992
NCIH747_LARGE_INTESTINE	C1C[C@H](CNC1)C2=CC=C(C=C2)N3C=C4C=CC=C(C4=N3)C(=O)N	0.8269247732153562
NCIH841_LUNG	C1C[C@H](CNC1)C2=CC=C(C=C2)N3C=C4C=CC=C(C4=N3)C(=O)N	1.0093549019847876
NCIH929_HAEMATOPOIETIC_AND_LYMPHOID_TISSUE	C1C[C@H](CNC1)C2=CC=C(C=C2)N3C=C4C=CC=C(C4=N3)C(=O)N	0.7658672147796326
NCIN87_STOMACH	C1C[C@H](CNC1)C2=CC=C(C=C2)N3C=C4C=CC=C(C4=N3)C(=O)N	0.8361646672631087
NEC8_TESTIS	C1C[C@H](CNC1)C2=CC=C(C=C2)N3C=C4C=CC=C(C4=N3)C(=O)N	0.6365262227118196
NH12_AUTONOMIC_GANGLIA	C1C[C@H](CNC1)C2=CC=C(C=C2)N3C=C4C=CC=C(C4=N3)C(=O)N	0.8459062813790867
NIHOVCAR3_OVARY	C1C[C@H](CNC1)C2=CC=C(C=C2)N3C=C4C=CC=C(C4=N3)C(=O)N	0.9541913220369144
NOMO1_HAEMATOPOIETIC_AND_LYMPHOID_TISSUE	C1C[C@H](CNC1)C2=CC=C(C=C2)N3C=C4C=CC=C(C4=N3)C(=O)N	0.7572710445857133
NOS1_BONE	C1C[C@H](CNC1)C2=CC=C(C=C2)N3C=C4C=CC=C(C4=N3)C(=O)N	0.8390573267682081
NUGC3_STOMACH	C1C[C@H](CNC1)C2=CC=C(C=C2)N3C=C4C=CC=C(C4=N3)C(=O)N	0.8567679854255901
NUGC4_STOMACH	C1C[C@H](CNC1)C2=CC=C(C=C2)N3C=C4C=CC=C(C4=N3)C(=O)N	0.8284185250952519
OACM51_OESOPHAGUS	C1C[C@H](CNC1)C2=CC=C(C=C2)N3C=C4C=CC=C(C4=N3)C(=O)N	0.8873614569079613
OACP4C_OESOPHAGUS	C1C[C@H](CNC1)C2=CC=C(C=C2)N3C=C4C=CC=C(C4=N3)C(=O)N	0.8608076701521037
OAW28_OVARY	C1C[C@H](CNC1)C2=CC=C(C=C2)N3C=C4C=CC=C(C4=N3)C(=O)N	0.9061215485859156
OAW42_OVARY	C1C[C@H](CNC1)C2=CC=C(C=C2)N3C=C4C=CC=C(C4=N3)C(=O)N	0.8626010128944888
OCIAML2_HAEMATOPOIETIC_AND_LYMPHOID_TISSUE	C1C[C@H](CNC1)C2=CC=C(C=C2)N3C=C4C=CC=C(C4=N3)C(=O)N	0.6455047968015911
OCIAML3_HAEMATOPOIETIC_AND_LYMPHOID_TISSUE	C1C[C@H](CNC1)C2=CC=C(C=C2)N3C=C4C=CC=C(C4=N3)C(=O)N	0.7830352475255863
OCIM1_HAEMATOPOIETIC_AND_LYMPHOID_TISSUE	C1C[C@H](CNC1)C2=CC=C(C=C2)N3C=C4C=CC=C(C4=N3)C(=O)N	0.5764663355557562
OCUM1_STOMACH	C1C[C@H](CNC1)C2=CC=C(C=C2)N3C=C4C=CC=C(C4=N3)C(=O)N	0.736938273191462
OE19_OESOPHAGUS	C1C[C@H](CNC1)C2=CC=C(C=C2)N3C=C4C=CC=C(C4=N3)C(=O)N	0.775155591622541
OE21_OESOPHAGUS	C1C[C@H](CNC1)C2=CC=C(C=C2)N3C=C4C=CC=C(C4=N3)C(=O)N	0.9596291651290264
OE33_OESOPHAGUS	C1C[C@H](CNC1)C2=CC=C(C=C2)N3C=C4C=CC=C(C4=N3)C(=O)N	0.8776406584702565
ONS76_CENTRAL_NERVOUS_SYSTEM	C1C[C@H](CNC1)C2=CC=C(C=C2)N3C=C4C=CC=C(C4=N3)C(=O)N	0.8867994745140665
OSRC2_KIDNEY	C1C[C@H](CNC1)C2=CC=C(C=C2)N3C=C4C=CC=C(C4=N3)C(=O)N	0.8812563052241301
OV56_OVARY	C1C[C@H](CNC1)C2=CC=C(C=C2)N3C=C4C=CC=C(C4=N3)C(=O)N	0.9638630712835718
OV90_OVARY	C1C[C@H](CNC1)C2=CC=C(C=C2)N3C=C4C=CC=C(C4=N3)C(=O)N	0.9087151749677792
OVCAR5_OVARY	C1C[C@H](CNC1)C2=CC=C(C=C2)N3C=C4C=CC=C(C4=N3)C(=O)N	0.8493005797804196
OVCAR8_OVARY	C1C[C@H](CNC1)C2=CC=C(C=C2)N3C=C4C=CC=C(C4=N3)C(=O)N	0.7325186336855004
OVISE_OVARY	C1C[C@H](CNC1)C2=CC=C(C=C2)N3C=C4C=CC=C(C4=N3)C(=O)N	0.9320558063604868
OVK18_OVARY	C1C[C@H](CNC1)C2=CC=C(C=C2)N3C=C4C=CC=C(C4=N3)C(=O)N	0.9145916730720972
OVMIU_OVARY	C1C[C@H](CNC1)C2=CC=C(C=C2)N3C=C4C=CC=C(C4=N3)C(=O)N	0.9389883481569788
OVTOKO_OVARY	C1C[C@H](CNC1)C2=CC=C(C=C2)N3C=C4C=CC=C(C4=N3)C(=O)N	0.8824074235308126
P12ICHIKAWA_HAEMATOPOIETIC_AND_LYMPHOID_TISSUE	C1C[C@H](CNC1)C2=CC=C(C=C2)N3C=C4C=CC=C(C4=N3)C(=O)N	0.5946907928689461
P30OHK_HAEMATOPOIETIC_AND_LYMPHOID_TISSUE	C1C[C@H](CNC1)C2=CC=C(C=C2)N3C=C4C=CC=C(C4=N3)C(=O)N	0.4833410931410887
P32ISH_HAEMATOPOIETIC_AND_LYMPHOID_TISSUE	C1C[C@H](CNC1)C2=CC=C(C=C2)N3C=C4C=CC=C(C4=N3)C(=O)N	0.330256051861887
PA1_OVARY	C1C[C@H](CNC1)C2=CC=C(C=C2)N3C=C4C=CC=C(C4=N3)C(=O)N	0.5200361498390103
PANC0203_PANCREAS	C1C[C@H](CNC1)C2=CC=C(C=C2)N3C=C4C=CC=C(C4=N3)C(=O)N	0.8277906068535824
PANC0813_PANCREAS	C1C[C@H](CNC1)C2=CC=C(C=C2)N3C=C4C=CC=C(C4=N3)C(=O)N	0.8512915985542071
PANC1005_PANCREAS	C1C[C@H](CNC1)C2=CC=C(C=C2)N3C=C4C=CC=C(C4=N3)C(=O)N	0.92201583321892
PATU8902_PANCREAS	C1C[C@H](CNC1)C2=CC=C(C=C2)N3C=C4C=CC=C(C4=N3)C(=O)N	0.8559160884838132
PC14_LUNG	C1C[C@H](CNC1)C2=CC=C(C=C2)N3C=C4C=CC=C(C4=N3)C(=O)N	0.8948664004420184
PEO1_OVARY	C1C[C@H](CNC1)C2=CC=C(C=C2)N3C=C4C=CC=C(C4=N3)C(=O)N	0.9523858022722906
PF382_HAEMATOPOIETIC_AND_LYMPHOID_TISSUE	C1C[C@H](CNC1)C2=CC=C(C=C2)N3C=C4C=CC=C(C4=N3)C(=O)N	0.9319501864475576
PFSK1_CENTRAL_NERVOUS_SYSTEM	C1C[C@H](CNC1)C2=CC=C(C=C2)N3C=C4C=CC=C(C4=N3)C(=O)N	0.6998980612524
PL18_PANCREAS	C1C[C@H](CNC1)C2=CC=C(C=C2)N3C=C4C=CC=C(C4=N3)C(=O)N	0.9618539400529144
PL4_PANCREAS	C1C[C@H](CNC1)C2=CC=C(C=C2)N3C=C4C=CC=C(C4=N3)C(=O)N	0.8774553079115994
PSN1_PANCREAS	C1C[C@H](CNC1)C2=CC=C(C=C2)N3C=C4C=CC=C(C4=N3)C(=O)N	0.983556428472679
PWR1E_PROSTATE	C1C[C@H](CNC1)C2=CC=C(C=C2)N3C=C4C=CC=C(C4=N3)C(=O)N	0.838402188285963
QGP1_PANCREAS	C1C[C@H](CNC1)C2=CC=C(C=C2)N3C=C4C=CC=C(C4=N3)C(=O)N	0.9490898236787696
RAJI_HAEMATOPOIETIC_AND_LYMPHOID_TISSUE	C1C[C@H](CNC1)C2=CC=C(C=C2)N3C=C4C=CC=C(C4=N3)C(=O)N	0.2888565556729748
RAMOS2G64C10_HAEMATOPOIETIC_AND_LYMPHOID_TISSUE	C1C[C@H](CNC1)C2=CC=C(C=C2)N3C=C4C=CC=C(C4=N3)C(=O)N	1.0164694006881687
RCCJW_KIDNEY	C1C[C@H](CNC1)C2=CC=C(C=C2)N3C=C4C=CC=C(C4=N3)C(=O)N	0.8129179622919809
RCK8_HAEMATOPOIETIC_AND_LYMPHOID_TISSUE	C1C[C@H](CNC1)C2=CC=C(C=C2)N3C=C4C=CC=C(C4=N3)C(=O)N	0.8462299950259746
RCM1_LARGE_INTESTINE	C1C[C@H](CNC1)C2=CC=C(C=C2)N3C=C4C=CC=C(C4=N3)C(=O)N	0.8947557547360123
RD_SOFT_TISSUE	C1C[C@H](CNC1)C2=CC=C(C=C2)N3C=C4C=CC=C(C4=N3)C(=O)N	0.8433161080188449
REH_HAEMATOPOIETIC_AND_LYMPHOID_TISSUE	C1C[C@H](CNC1)C2=CC=C(C=C2)N3C=C4C=CC=C(C4=N3)C(=O)N	0.6111289310232577
RERFGC1B_STOMACH	C1C[C@H](CNC1)C2=CC=C(C=C2)N3C=C4C=CC=C(C4=N3)C(=O)N	0.9947634940560792
RERFLCKJ_LUNG	C1C[C@H](CNC1)C2=CC=C(C=C2)N3C=C4C=CC=C(C4=N3)C(=O)N	0.9898750420535468
RERFLCSQ1_LUNG	C1C[C@H](CNC1)C2=CC=C(C=C2)N3C=C4C=CC=C(C4=N3)C(=O)N	0.973952195422486
RF48_HAEMATOPOIETIC_AND_LYMPHOID_TISSUE	C1C[C@H](CNC1)C2=CC=C(C=C2)N3C=C4C=CC=C(C4=N3)C(=O)N	0.7689373231086136
RH1_BONE	C1C[C@H](CNC1)C2=CC=C(C=C2)N3C=C4C=CC=C(C4=N3)C(=O)N	0.9539610299120228
RH41_SOFT_TISSUE	C1C[C@H](CNC1)C2=CC=C(C=C2)N3C=C4C=CC=C(C4=N3)C(=O)N	0.8821655717964139
RKN_SOFT_TISSUE	C1C[C@H](CNC1)C2=CC=C(C=C2)N3C=C4C=CC=C(C4=N3)C(=O)N	0.9544694475767036
RL952_ENDOMETRIUM	C1C[C@H](CNC1)C2=CC=C(C=C2)N3C=C4C=CC=C(C4=N3)C(=O)N	0.9850016039899449
RO82W1_THYROID	C1C[C@H](CNC1)C2=CC=C(C=C2)N3C=C4C=CC=C(C4=N3)C(=O)N	0.8722070038566383
RPMI6666_HAEMATOPOIETIC_AND_LYMPHOID_TISSUE	C1C[C@H](CNC1)C2=CC=C(C=C2)N3C=C4C=CC=C(C4=N3)C(=O)N	0.6596696901087568
RPMI8866_HAEMATOPOIETIC_AND_LYMPHOID_TISSUE	C1C[C@H](CNC1)C2=CC=C(C=C2)N3C=C4C=CC=C(C4=N3)C(=O)N	0.7341146528939148
RT112_URINARY_TRACT	C1C[C@H](CNC1)C2=CC=C(C=C2)N3C=C4C=CC=C(C4=N3)C(=O)N	0.8817314516476215
RXF393_KIDNEY	C1C[C@H](CNC1)C2=CC=C(C=C2)N3C=C4C=CC=C(C4=N3)C(=O)N	0.8682328925532011
SAOS2_BONE	C1C[C@H](CNC1)C2=CC=C(C=C2)N3C=C4C=CC=C(C4=N3)C(=O)N	0.8848405517138533
SAS_UPPER_AERODIGESTIVE_TRACT	C1C[C@H](CNC1)C2=CC=C(C=C2)N3C=C4C=CC=C(C4=N3)C(=O)N	0.9387521858538386
SAT_UPPER_AERODIGESTIVE_TRACT	C1C[C@H](CNC1)C2=CC=C(C=C2)N3C=C4C=CC=C(C4=N3)C(=O)N	0.8697980870076106
SBC5_LUNG	C1C[C@H](CNC1)C2=CC=C(C=C2)N3C=C4C=CC=C(C4=N3)C(=O)N	0.996958030792302
SCC4_UPPER_AERODIGESTIVE_TRACT	C1C[C@H](CNC1)C2=CC=C(C=C2)N3C=C4C=CC=C(C4=N3)C(=O)N	0.92395027360434
SCC9_UPPER_AERODIGESTIVE_TRACT	C1C[C@H](CNC1)C2=CC=C(C=C2)N3C=C4C=CC=C(C4=N3)C(=O)N	0.8133396517780588
SF268_CENTRAL_NERVOUS_SYSTEM	C1C[C@H](CNC1)C2=CC=C(C=C2)N3C=C4C=CC=C(C4=N3)C(=O)N	0.8138928939510286
SH4_SKIN	C1C[C@H](CNC1)C2=CC=C(C=C2)N3C=C4C=CC=C(C4=N3)C(=O)N	0.9306962044584
SHP77_LUNG	C1C[C@H](CNC1)C2=CC=C(C=C2)N3C=C4C=CC=C(C4=N3)C(=O)N	0.9355215470907604
SIHA_CERVIX	C1C[C@H](CNC1)C2=CC=C(C=C2)N3C=C4C=CC=C(C4=N3)C(=O)N	1.0201175480833025
SIMA_AUTONOMIC_GANGLIA	C1C[C@H](CNC1)C2=CC=C(C=C2)N3C=C4C=CC=C(C4=N3)C(=O)N	0.8144321148084509
SISO_CERVIX	C1C[C@H](CNC1)C2=CC=C(C=C2)N3C=C4C=CC=C(C4=N3)C(=O)N	0.961433472775632
SKCO1_LARGE_INTESTINE	C1C[C@H](CNC1)C2=CC=C(C=C2)N3C=C4C=CC=C(C4=N3)C(=O)N	0.8213791478223766
SKGIIIA_CERVIX	C1C[C@H](CNC1)C2=CC=C(C=C2)N3C=C4C=CC=C(C4=N3)C(=O)N	0.8452224005041673
SKLU1_LUNG	C1C[C@H](CNC1)C2=CC=C(C=C2)N3C=C4C=CC=C(C4=N3)C(=O)N	0.8953036261969809
SKM1_HAEMATOPOIETIC_AND_LYMPHOID_TISSUE	C1C[C@H](CNC1)C2=CC=C(C=C2)N3C=C4C=CC=C(C4=N3)C(=O)N	0.8079075445712607
SKMEL24_SKIN	C1C[C@H](CNC1)C2=CC=C(C=C2)N3C=C4C=CC=C(C4=N3)C(=O)N	0.9169905794990266
SKMEL2_SKIN	C1C[C@H](CNC1)C2=CC=C(C=C2)N3C=C4C=CC=C(C4=N3)C(=O)N	1.0388228862398845
SKMEL5_SKIN	C1C[C@H](CNC1)C2=CC=C(C=C2)N3C=C4C=CC=C(C4=N3)C(=O)N	0.8714382000193934
SKMG1_CENTRAL_NERVOUS_SYSTEM	C1C[C@H](CNC1)C2=CC=C(C=C2)N3C=C4C=CC=C(C4=N3)C(=O)N	1.0188636397921262
SKMM2_HAEMATOPOIETIC_AND_LYMPHOID_TISSUE	C1C[C@H](CNC1)C2=CC=C(C=C2)N3C=C4C=CC=C(C4=N3)C(=O)N	0.7205004376963527
SKN3_UPPER_AERODIGESTIVE_TRACT	C1C[C@H](CNC1)C2=CC=C(C=C2)N3C=C4C=CC=C(C4=N3)C(=O)N	0.9853471129339142
SKOV3_OVARY	C1C[C@H](CNC1)C2=CC=C(C=C2)N3C=C4C=CC=C(C4=N3)C(=O)N	0.8655489044978399
SKPNDW_BONE	C1C[C@H](CNC1)C2=CC=C(C=C2)N3C=C4C=CC=C(C4=N3)C(=O)N	0.5709272580766823
SLVL_HAEMATOPOIETIC_AND_LYMPHOID_TISSUE	C1C[C@H](CNC1)C2=CC=C(C=C2)N3C=C4C=CC=C(C4=N3)C(=O)N	0.7082510378314447
SN12C_KIDNEY	C1C[C@H](CNC1)C2=CC=C(C=C2)N3C=C4C=CC=C(C4=N3)C(=O)N	0.913478842761325
SNU1040_LARGE_INTESTINE	C1C[C@H](CNC1)C2=CC=C(C=C2)N3C=C4C=CC=C(C4=N3)C(=O)N	1.028746623017054
SNU175_LARGE_INTESTINE	C1C[C@H](CNC1)C2=CC=C(C=C2)N3C=C4C=CC=C(C4=N3)C(=O)N	0.8678250289076109
SNU182_LIVER	C1C[C@H](CNC1)C2=CC=C(C=C2)N3C=C4C=CC=C(C4=N3)C(=O)N	0.9860822076284732
SNU1_STOMACH	C1C[C@H](CNC1)C2=CC=C(C=C2)N3C=C4C=CC=C(C4=N3)C(=O)N	1.08818346024294
SNU387_LIVER	C1C[C@H](CNC1)C2=CC=C(C=C2)N3C=C4C=CC=C(C4=N3)C(=O)N	0.7862505611873779
SNU398_LIVER	C1C[C@H](CNC1)C2=CC=C(C=C2)N3C=C4C=CC=C(C4=N3)C(=O)N	0.7632755139256641
SNU407_LARGE_INTESTINE	C1C[C@H](CNC1)C2=CC=C(C=C2)N3C=C4C=CC=C(C4=N3)C(=O)N	0.8190457610999906
SNU423_LIVER	C1C[C@H](CNC1)C2=CC=C(C=C2)N3C=C4C=CC=C(C4=N3)C(=O)N	0.7893902984374717
SNU449_LIVER	C1C[C@H](CNC1)C2=CC=C(C=C2)N3C=C4C=CC=C(C4=N3)C(=O)N	0.8504830503809997
SNU5_STOMACH	C1C[C@H](CNC1)C2=CC=C(C=C2)N3C=C4C=CC=C(C4=N3)C(=O)N	0.8791029566946769
SNU61_LARGE_INTESTINE	C1C[C@H](CNC1)C2=CC=C(C=C2)N3C=C4C=CC=C(C4=N3)C(=O)N	0.9453064995927652
SNUC1_LARGE_INTESTINE	C1C[C@H](CNC1)C2=CC=C(C=C2)N3C=C4C=CC=C(C4=N3)C(=O)N	0.9653386001818932
SNUC5_LARGE_INTESTINE	C1C[C@H](CNC1)C2=CC=C(C=C2)N3C=C4C=CC=C(C4=N3)C(=O)N	0.825697254720189
SR786_HAEMATOPOIETIC_AND_LYMPHOID_TISSUE	C1C[C@H](CNC1)C2=CC=C(C=C2)N3C=C4C=CC=C(C4=N3)C(=O)N	0.4356654003110301
ST486_HAEMATOPOIETIC_AND_LYMPHOID_TISSUE	C1C[C@H](CNC1)C2=CC=C(C=C2)N3C=C4C=CC=C(C4=N3)C(=O)N	0.8176880146768578
SU8686_PANCREAS	C1C[C@H](CNC1)C2=CC=C(C=C2)N3C=C4C=CC=C(C4=N3)C(=O)N	1.063004599457512
SUDHL5_HAEMATOPOIETIC_AND_LYMPHOID_TISSUE	C1C[C@H](CNC1)C2=CC=C(C=C2)N3C=C4C=CC=C(C4=N3)C(=O)N	0.4068392367698721
SUDHL8_HAEMATOPOIETIC_AND_LYMPHOID_TISSUE	C1C[C@H](CNC1)C2=CC=C(C=C2)N3C=C4C=CC=C(C4=N3)C(=O)N	0.4934927918821601
SUIT2_PANCREAS	C1C[C@H](CNC1)C2=CC=C(C=C2)N3C=C4C=CC=C(C4=N3)C(=O)N	0.7866324455537494
SUPB15_HAEMATOPOIETIC_AND_LYMPHOID_TISSUE	C1C[C@H](CNC1)C2=CC=C(C=C2)N3C=C4C=CC=C(C4=N3)C(=O)N	0.1691820131760284
SUPHD1_HAEMATOPOIETIC_AND_LYMPHOID_TISSUE	C1C[C@H](CNC1)C2=CC=C(C=C2)N3C=C4C=CC=C(C4=N3)C(=O)N	0.7484983302335895
SUPM2_HAEMATOPOIETIC_AND_LYMPHOID_TISSUE	C1C[C@H](CNC1)C2=CC=C(C=C2)N3C=C4C=CC=C(C4=N3)C(=O)N	0.4569932283152506
SW1088_CENTRAL_NERVOUS_SYSTEM	C1C[C@H](CNC1)C2=CC=C(C=C2)N3C=C4C=CC=C(C4=N3)C(=O)N	0.9367315327416904
SW1116_LARGE_INTESTINE	C1C[C@H](CNC1)C2=CC=C(C=C2)N3C=C4C=CC=C(C4=N3)C(=O)N	0.9180829253963424
SW1271_LUNG	C1C[C@H](CNC1)C2=CC=C(C=C2)N3C=C4C=CC=C(C4=N3)C(=O)N	0.8569155454841548
SW13_ADRENAL_CORTEX	C1C[C@H](CNC1)C2=CC=C(C=C2)N3C=C4C=CC=C(C4=N3)C(=O)N	0.9691490138214688
SW1463_LARGE_INTESTINE	C1C[C@H](CNC1)C2=CC=C(C=C2)N3C=C4C=CC=C(C4=N3)C(=O)N	0.9628945566208166
SW1573_LUNG	C1C[C@H](CNC1)C2=CC=C(C=C2)N3C=C4C=CC=C(C4=N3)C(=O)N	0.8476777698585523
SW1710_URINARY_TRACT	C1C[C@H](CNC1)C2=CC=C(C=C2)N3C=C4C=CC=C(C4=N3)C(=O)N	0.8811813189585856
SW48_LARGE_INTESTINE	C1C[C@H](CNC1)C2=CC=C(C=C2)N3C=C4C=CC=C(C4=N3)C(=O)N	0.7884641336921567
SW620_LARGE_INTESTINE	C1C[C@H](CNC1)C2=CC=C(C=C2)N3C=C4C=CC=C(C4=N3)C(=O)N	0.8043762633891703
SW626_LARGE_INTESTINE	C1C[C@H](CNC1)C2=CC=C(C=C2)N3C=C4C=CC=C(C4=N3)C(=O)N	0.9063641447015368
SW756_CERVIX	C1C[C@H](CNC1)C2=CC=C(C=C2)N3C=C4C=CC=C(C4=N3)C(=O)N	0.9170839183919778
SW780_URINARY_TRACT	C1C[C@H](CNC1)C2=CC=C(C=C2)N3C=C4C=CC=C(C4=N3)C(=O)N	0.8846017384030345
SW837_LARGE_INTESTINE	C1C[C@H](CNC1)C2=CC=C(C=C2)N3C=C4C=CC=C(C4=N3)C(=O)N	0.9876068299933254
SW872_SOFT_TISSUE	C1C[C@H](CNC1)C2=CC=C(C=C2)N3C=C4C=CC=C(C4=N3)C(=O)N	0.9200535097151348
SW900_LUNG	C1C[C@H](CNC1)C2=CC=C(C=C2)N3C=C4C=CC=C(C4=N3)C(=O)N	0.9231284484641024
SW948_LARGE_INTESTINE	C1C[C@H](CNC1)C2=CC=C(C=C2)N3C=C4C=CC=C(C4=N3)C(=O)N	0.8994019829880012
SW982_SOFT_TISSUE	C1C[C@H](CNC1)C2=CC=C(C=C2)N3C=C4C=CC=C(C4=N3)C(=O)N	0.8614777218097223
TC71_BONE	C1C[C@H](CNC1)C2=CC=C(C=C2)N3C=C4C=CC=C(C4=N3)C(=O)N	0.6690531176850862
TCCSUP_URINARY_TRACT	C1C[C@H](CNC1)C2=CC=C(C=C2)N3C=C4C=CC=C(C4=N3)C(=O)N	0.9059250458419348
TE12_OESOPHAGUS	C1C[C@H](CNC1)C2=CC=C(C=C2)N3C=C4C=CC=C(C4=N3)C(=O)N	0.893170110618975
TE1_OESOPHAGUS	C1C[C@H](CNC1)C2=CC=C(C=C2)N3C=C4C=CC=C(C4=N3)C(=O)N	0.9038458504491348
TE5_OESOPHAGUS	C1C[C@H](CNC1)C2=CC=C(C=C2)N3C=C4C=CC=C(C4=N3)C(=O)N	0.9254111395239312
TE8_OESOPHAGUS	C1C[C@H](CNC1)C2=CC=C(C=C2)N3C=C4C=CC=C(C4=N3)C(=O)N	0.951904973919491
TGBC11TKB_STOMACH	C1C[C@H](CNC1)C2=CC=C(C=C2)N3C=C4C=CC=C(C4=N3)C(=O)N	0.8428350775105815
TGBC24TKB_BILIARY_TRACT	C1C[C@H](CNC1)C2=CC=C(C=C2)N3C=C4C=CC=C(C4=N3)C(=O)N	1.0266251105305768
TGW_AUTONOMIC_GANGLIA	C1C[C@H](CNC1)C2=CC=C(C=C2)N3C=C4C=CC=C(C4=N3)C(=O)N	0.901716360904069
TK_HAEMATOPOIETIC_AND_LYMPHOID_TISSUE	C1C[C@H](CNC1)C2=CC=C(C=C2)N3C=C4C=CC=C(C4=N3)C(=O)N	1.0164537256548525
TOV112D_OVARY	C1C[C@H](CNC1)C2=CC=C(C=C2)N3C=C4C=CC=C(C4=N3)C(=O)N	0.8129422995033114
TOV21G_OVARY	C1C[C@H](CNC1)C2=CC=C(C=C2)N3C=C4C=CC=C(C4=N3)C(=O)N	0.7587299257428954
TT2609C02_THYROID	C1C[C@H](CNC1)C2=CC=C(C=C2)N3C=C4C=CC=C(C4=N3)C(=O)N	0.832362874459421
TUR_HAEMATOPOIETIC_AND_LYMPHOID_TISSUE	C1C[C@H](CNC1)C2=CC=C(C=C2)N3C=C4C=CC=C(C4=N3)C(=O)N	1.021506198518358
U118MG_CENTRAL_NERVOUS_SYSTEM	C1C[C@H](CNC1)C2=CC=C(C=C2)N3C=C4C=CC=C(C4=N3)C(=O)N	0.94736960705545
U251MG_CENTRAL_NERVOUS_SYSTEM	C1C[C@H](CNC1)C2=CC=C(C=C2)N3C=C4C=CC=C(C4=N3)C(=O)N	0.9917499401731052
U266B1_HAEMATOPOIETIC_AND_LYMPHOID_TISSUE	C1C[C@H](CNC1)C2=CC=C(C=C2)N3C=C4C=CC=C(C4=N3)C(=O)N	1.0768505213635962
U2OS_BONE	C1C[C@H](CNC1)C2=CC=C(C=C2)N3C=C4C=CC=C(C4=N3)C(=O)N	0.954179432687384
U698M_HAEMATOPOIETIC_AND_LYMPHOID_TISSUE	C1C[C@H](CNC1)C2=CC=C(C=C2)N3C=C4C=CC=C(C4=N3)C(=O)N	0.81430452321853
U87MG_CENTRAL_NERVOUS_SYSTEM	C1C[C@H](CNC1)C2=CC=C(C=C2)N3C=C4C=CC=C(C4=N3)C(=O)N	0.778186272183272
UACC257_SKIN	C1C[C@H](CNC1)C2=CC=C(C=C2)N3C=C4C=CC=C(C4=N3)C(=O)N	1.043221263392319
UACC62_SKIN	C1C[C@H](CNC1)C2=CC=C(C=C2)N3C=C4C=CC=C(C4=N3)C(=O)N	0.8608728029411977
VAESBJ_SOFT_TISSUE	C1C[C@H](CNC1)C2=CC=C(C=C2)N3C=C4C=CC=C(C4=N3)C(=O)N	0.8663172689363771
VAL_HAEMATOPOIETIC_AND_LYMPHOID_TISSUE	C1C[C@H](CNC1)C2=CC=C(C=C2)N3C=C4C=CC=C(C4=N3)C(=O)N	0.6113039744937006
VCAP_PROSTATE	C1C[C@H](CNC1)C2=CC=C(C=C2)N3C=C4C=CC=C(C4=N3)C(=O)N	0.8988142065885688
VMCUB1_URINARY_TRACT	C1C[C@H](CNC1)C2=CC=C(C=C2)N3C=C4C=CC=C(C4=N3)C(=O)N	0.9625045133691216
VMRCLCD_LUNG	C1C[C@H](CNC1)C2=CC=C(C=C2)N3C=C4C=CC=C(C4=N3)C(=O)N	0.9519648728524648
VMRCRCZ_KIDNEY	C1C[C@H](CNC1)C2=CC=C(C=C2)N3C=C4C=CC=C(C4=N3)C(=O)N	1.0039604942806324
WM793_SKIN	C1C[C@H](CNC1)C2=CC=C(C=C2)N3C=C4C=CC=C(C4=N3)C(=O)N	0.8329996691393116
YAPC_PANCREAS	C1C[C@H](CNC1)C2=CC=C(C=C2)N3C=C4C=CC=C(C4=N3)C(=O)N	0.8963629946336713
