201T_LUNG	C1CCC(C1)[C@@H](CC#N)N2C=C(C=N2)C3=C4C=CNC4=NC=N3	0.911640589773416
22RV1_PROSTATE	C1CCC(C1)[C@@H](CC#N)N2C=C(C=N2)C3=C4C=CNC4=NC=N3	0.9360167522616518
2313287_STOMACH	C1CCC(C1)[C@@H](CC#N)N2C=C(C=N2)C3=C4C=CNC4=NC=N3	0.8618649247293676
42MGBA_CENTRAL_NERVOUS_SYSTEM	C1CCC(C1)[C@@H](CC#N)N2C=C(C=N2)C3=C4C=CNC4=NC=N3	0.8316880605632736
451LU_SKIN	C1CCC(C1)[C@@H](CC#N)N2C=C(C=N2)C3=C4C=CNC4=NC=N3	0.9719900813565912
5637_URINARY_TRACT	C1CCC(C1)[C@@H](CC#N)N2C=C(C=N2)C3=C4C=CNC4=NC=N3	0.788166440827655
639V_URINARY_TRACT	C1CCC(C1)[C@@H](CC#N)N2C=C(C=N2)C3=C4C=CNC4=NC=N3	0.9331798145442249
647V_URINARY_TRACT	C1CCC(C1)[C@@H](CC#N)N2C=C(C=N2)C3=C4C=CNC4=NC=N3	0.842452599288815
697_HAEMATOPOIETIC_AND_LYMPHOID_TISSUE	C1CCC(C1)[C@@H](CC#N)N2C=C(C=N2)C3=C4C=CNC4=NC=N3	0.7902545169826504
769P_KIDNEY	C1CCC(C1)[C@@H](CC#N)N2C=C(C=N2)C3=C4C=CNC4=NC=N3	0.7915653069325619
8305C_THYROID	C1CCC(C1)[C@@H](CC#N)N2C=C(C=N2)C3=C4C=CNC4=NC=N3	0.8740255904922561
8MGBA_CENTRAL_NERVOUS_SYSTEM	C1CCC(C1)[C@@H](CC#N)N2C=C(C=N2)C3=C4C=CNC4=NC=N3	0.9530719966656666
A101D_SKIN	C1CCC(C1)[C@@H](CC#N)N2C=C(C=N2)C3=C4C=CNC4=NC=N3	0.9161699392661066
A172_CENTRAL_NERVOUS_SYSTEM	C1CCC(C1)[C@@H](CC#N)N2C=C(C=N2)C3=C4C=CNC4=NC=N3	0.855356198311156
A204_SOFT_TISSUE	C1CCC(C1)[C@@H](CC#N)N2C=C(C=N2)C3=C4C=CNC4=NC=N3	0.7562152876685477
A253_SALIVARY_GLAND	C1CCC(C1)[C@@H](CC#N)N2C=C(C=N2)C3=C4C=CNC4=NC=N3	0.9080923555305123
A375_SKIN	C1CCC(C1)[C@@H](CC#N)N2C=C(C=N2)C3=C4C=CNC4=NC=N3	0.9665883015130671
A3KAW_HAEMATOPOIETIC_AND_LYMPHOID_TISSUE	C1CCC(C1)[C@@H](CC#N)N2C=C(C=N2)C3=C4C=CNC4=NC=N3	0.26786064694121703
A427_LUNG	C1CCC(C1)[C@@H](CC#N)N2C=C(C=N2)C3=C4C=CNC4=NC=N3	0.909751687025142
A431_SKIN	C1CCC(C1)[C@@H](CC#N)N2C=C(C=N2)C3=C4C=CNC4=NC=N3	1.075408113341346
A498_KIDNEY	C1CCC(C1)[C@@H](CC#N)N2C=C(C=N2)C3=C4C=CNC4=NC=N3	0.891696630105808
A4FUK_HAEMATOPOIETIC_AND_LYMPHOID_TISSUE	C1CCC(C1)[C@@H](CC#N)N2C=C(C=N2)C3=C4C=CNC4=NC=N3	0.8001853371081463
A549_LUNG	C1CCC(C1)[C@@H](CC#N)N2C=C(C=N2)C3=C4C=CNC4=NC=N3	0.7805607152122072
A673_BONE	C1CCC(C1)[C@@H](CC#N)N2C=C(C=N2)C3=C4C=CNC4=NC=N3	0.8691519402085381
A704_KIDNEY	C1CCC(C1)[C@@H](CC#N)N2C=C(C=N2)C3=C4C=CNC4=NC=N3	0.9098342371913547
ACHN_KIDNEY	C1CCC(C1)[C@@H](CC#N)N2C=C(C=N2)C3=C4C=CNC4=NC=N3	0.8971435762409309
AGS_STOMACH	C1CCC(C1)[C@@H](CC#N)N2C=C(C=N2)C3=C4C=CNC4=NC=N3	0.8850495080884944
ALLSIL_HAEMATOPOIETIC_AND_LYMPHOID_TISSUE	C1CCC(C1)[C@@H](CC#N)N2C=C(C=N2)C3=C4C=CNC4=NC=N3	0.8854260615006715
AM38_CENTRAL_NERVOUS_SYSTEM	C1CCC(C1)[C@@H](CC#N)N2C=C(C=N2)C3=C4C=CNC4=NC=N3	0.8404701429477794
AML193_HAEMATOPOIETIC_AND_LYMPHOID_TISSUE	C1CCC(C1)[C@@H](CC#N)N2C=C(C=N2)C3=C4C=CNC4=NC=N3	0.3222505651686414
AMO1_HAEMATOPOIETIC_AND_LYMPHOID_TISSUE	C1CCC(C1)[C@@H](CC#N)N2C=C(C=N2)C3=C4C=CNC4=NC=N3	0.7100337551100254
AN3CA_ENDOMETRIUM	C1CCC(C1)[C@@H](CC#N)N2C=C(C=N2)C3=C4C=CNC4=NC=N3	0.66382645144007
ASH3_THYROID	C1CCC(C1)[C@@H](CC#N)N2C=C(C=N2)C3=C4C=CNC4=NC=N3	0.9644920320587892
ASPC1_PANCREAS	C1CCC(C1)[C@@H](CC#N)N2C=C(C=N2)C3=C4C=CNC4=NC=N3	0.9243924091882013
ATN1_HAEMATOPOIETIC_AND_LYMPHOID_TISSUE	C1CCC(C1)[C@@H](CC#N)N2C=C(C=N2)C3=C4C=CNC4=NC=N3	0.5812130419561905
BALL1_HAEMATOPOIETIC_AND_LYMPHOID_TISSUE	C1CCC(C1)[C@@H](CC#N)N2C=C(C=N2)C3=C4C=CNC4=NC=N3	0.9200117968328784
BB30HNC_UPPER_AERODIGESTIVE_TRACT	C1CCC(C1)[C@@H](CC#N)N2C=C(C=N2)C3=C4C=CNC4=NC=N3	1.0450620703125733
BB49HNC_UPPER_AERODIGESTIVE_TRACT	C1CCC(C1)[C@@H](CC#N)N2C=C(C=N2)C3=C4C=CNC4=NC=N3	0.9143439393893165
BB65RCC_KIDNEY	C1CCC(C1)[C@@H](CC#N)N2C=C(C=N2)C3=C4C=CNC4=NC=N3	1.077562606699749
BC3C_URINARY_TRACT	C1CCC(C1)[C@@H](CC#N)N2C=C(C=N2)C3=C4C=CNC4=NC=N3	0.7447687018546015
BC3_PLEURA	C1CCC(C1)[C@@H](CC#N)N2C=C(C=N2)C3=C4C=CNC4=NC=N3	0.6448382918662608
BCPAP_THYROID	C1CCC(C1)[C@@H](CC#N)N2C=C(C=N2)C3=C4C=CNC4=NC=N3	0.8568283041747562
BE13_HAEMATOPOIETIC_AND_LYMPHOID_TISSUE	C1CCC(C1)[C@@H](CC#N)N2C=C(C=N2)C3=C4C=CNC4=NC=N3	0.8978665262186072
BE2M17_AUTONOMIC_GANGLIA	C1CCC(C1)[C@@H](CC#N)N2C=C(C=N2)C3=C4C=CNC4=NC=N3	0.9098537333814316
BECKER_CENTRAL_NERVOUS_SYSTEM	C1CCC(C1)[C@@H](CC#N)N2C=C(C=N2)C3=C4C=CNC4=NC=N3	0.868070192216429
BEN_LUNG	C1CCC(C1)[C@@H](CC#N)N2C=C(C=N2)C3=C4C=CNC4=NC=N3	1.0648899451690523
BFTC905_URINARY_TRACT	C1CCC(C1)[C@@H](CC#N)N2C=C(C=N2)C3=C4C=CNC4=NC=N3	1.0056405903231185
BICR10_UPPER_AERODIGESTIVE_TRACT	C1CCC(C1)[C@@H](CC#N)N2C=C(C=N2)C3=C4C=CNC4=NC=N3	0.9968616183936704
BICR16_UPPER_AERODIGESTIVE_TRACT	C1CCC(C1)[C@@H](CC#N)N2C=C(C=N2)C3=C4C=CNC4=NC=N3	0.8585604586502621
BICR18_UPPER_AERODIGESTIVE_TRACT	C1CCC(C1)[C@@H](CC#N)N2C=C(C=N2)C3=C4C=CNC4=NC=N3	0.7532703377375072
BICR22_UPPER_AERODIGESTIVE_TRACT	C1CCC(C1)[C@@H](CC#N)N2C=C(C=N2)C3=C4C=CNC4=NC=N3	0.9134542014302948
BICR31_UPPER_AERODIGESTIVE_TRACT	C1CCC(C1)[C@@H](CC#N)N2C=C(C=N2)C3=C4C=CNC4=NC=N3	0.6124625586381405
BICR56_UPPER_AERODIGESTIVE_TRACT	C1CCC(C1)[C@@H](CC#N)N2C=C(C=N2)C3=C4C=CNC4=NC=N3	1.08375788319343
BICR6_UPPER_AERODIGESTIVE_TRACT	C1CCC(C1)[C@@H](CC#N)N2C=C(C=N2)C3=C4C=CNC4=NC=N3	0.7427245736234432
BICR78_UPPER_AERODIGESTIVE_TRACT	C1CCC(C1)[C@@H](CC#N)N2C=C(C=N2)C3=C4C=CNC4=NC=N3	0.9347094731520416
BL70_HAEMATOPOIETIC_AND_LYMPHOID_TISSUE	C1CCC(C1)[C@@H](CC#N)N2C=C(C=N2)C3=C4C=CNC4=NC=N3	0.7748195771083972
BPH1_PROSTATE	C1CCC(C1)[C@@H](CC#N)N2C=C(C=N2)C3=C4C=CNC4=NC=N3	0.7921056417089429
BT16_SOFT_TISSUE	C1CCC(C1)[C@@H](CC#N)N2C=C(C=N2)C3=C4C=CNC4=NC=N3	0.8940253234946515
BT474_BREAST	C1CCC(C1)[C@@H](CC#N)N2C=C(C=N2)C3=C4C=CNC4=NC=N3	0.991233469322105
BT483_BREAST	C1CCC(C1)[C@@H](CC#N)N2C=C(C=N2)C3=C4C=CNC4=NC=N3	1.0603254314813595
BT549_BREAST	C1CCC(C1)[C@@H](CC#N)N2C=C(C=N2)C3=C4C=CNC4=NC=N3	0.9342973763564946
BV173_HAEMATOPOIETIC_AND_LYMPHOID_TISSUE	C1CCC(C1)[C@@H](CC#N)N2C=C(C=N2)C3=C4C=CNC4=NC=N3	0.7246700251854623
BXPC3_PANCREAS	C1CCC(C1)[C@@H](CC#N)N2C=C(C=N2)C3=C4C=CNC4=NC=N3	0.7845638082629939
C32_SKIN	C1CCC(C1)[C@@H](CC#N)N2C=C(C=N2)C3=C4C=CNC4=NC=N3	0.9616184645369491
C33A_CERVIX	C1CCC(C1)[C@@H](CC#N)N2C=C(C=N2)C3=C4C=CNC4=NC=N3	0.9916679705877252
C3A_LIVER	C1CCC(C1)[C@@H](CC#N)N2C=C(C=N2)C3=C4C=CNC4=NC=N3	0.8450796744726756
C4I_CERVIX	C1CCC(C1)[C@@H](CC#N)N2C=C(C=N2)C3=C4C=CNC4=NC=N3	0.828186209352104
CA46_HAEMATOPOIETIC_AND_LYMPHOID_TISSUE	C1CCC(C1)[C@@H](CC#N)N2C=C(C=N2)C3=C4C=CNC4=NC=N3	0.7899373421918069
CA922_UPPER_AERODIGESTIVE_TRACT	C1CCC(C1)[C@@H](CC#N)N2C=C(C=N2)C3=C4C=CNC4=NC=N3	0.9211650827639444
CADOES1_BONE	C1CCC(C1)[C@@H](CC#N)N2C=C(C=N2)C3=C4C=CNC4=NC=N3	0.8500534594414688
CAKI1_KIDNEY	C1CCC(C1)[C@@H](CC#N)N2C=C(C=N2)C3=C4C=CNC4=NC=N3	0.979097119407327
CAKI2_KIDNEY	C1CCC(C1)[C@@H](CC#N)N2C=C(C=N2)C3=C4C=CNC4=NC=N3	0.8325477112185218
CAL120_BREAST	C1CCC(C1)[C@@H](CC#N)N2C=C(C=N2)C3=C4C=CNC4=NC=N3	0.9621673597904129
CAL12T_LUNG	C1CCC(C1)[C@@H](CC#N)N2C=C(C=N2)C3=C4C=CNC4=NC=N3	0.6842394405144754
CAL148_BREAST	C1CCC(C1)[C@@H](CC#N)N2C=C(C=N2)C3=C4C=CNC4=NC=N3	0.9161861864350127
CAL27_UPPER_AERODIGESTIVE_TRACT	C1CCC(C1)[C@@H](CC#N)N2C=C(C=N2)C3=C4C=CNC4=NC=N3	0.8204431801005899
CAL29_URINARY_TRACT	C1CCC(C1)[C@@H](CC#N)N2C=C(C=N2)C3=C4C=CNC4=NC=N3	0.8554785000790582
CAL33_UPPER_AERODIGESTIVE_TRACT	C1CCC(C1)[C@@H](CC#N)N2C=C(C=N2)C3=C4C=CNC4=NC=N3	0.8903359500306086
CAL39_VULVA	C1CCC(C1)[C@@H](CC#N)N2C=C(C=N2)C3=C4C=CNC4=NC=N3	1.0032085128445474
CAL51_BREAST	C1CCC(C1)[C@@H](CC#N)N2C=C(C=N2)C3=C4C=CNC4=NC=N3	0.8557682280490099
CAL54_KIDNEY	C1CCC(C1)[C@@H](CC#N)N2C=C(C=N2)C3=C4C=CNC4=NC=N3	0.7868392386995001
CAL62_THYROID	C1CCC(C1)[C@@H](CC#N)N2C=C(C=N2)C3=C4C=CNC4=NC=N3	0.865753582165234
CAL72_BONE	C1CCC(C1)[C@@H](CC#N)N2C=C(C=N2)C3=C4C=CNC4=NC=N3	0.9112951579020121
CAL78_BONE	C1CCC(C1)[C@@H](CC#N)N2C=C(C=N2)C3=C4C=CNC4=NC=N3	0.925598751115233
CAL851_BREAST	C1CCC(C1)[C@@H](CC#N)N2C=C(C=N2)C3=C4C=CNC4=NC=N3	0.9313224636236773
CALU1_LUNG	C1CCC(C1)[C@@H](CC#N)N2C=C(C=N2)C3=C4C=CNC4=NC=N3	0.9085668967241431
CALU3_LUNG	C1CCC(C1)[C@@H](CC#N)N2C=C(C=N2)C3=C4C=CNC4=NC=N3	0.8641049843136664
CALU6_LUNG	C1CCC(C1)[C@@H](CC#N)N2C=C(C=N2)C3=C4C=CNC4=NC=N3	0.8916857628074696
CAMA1_BREAST	C1CCC(C1)[C@@H](CC#N)N2C=C(C=N2)C3=C4C=CNC4=NC=N3	0.9118806622245582
CAOV3_OVARY	C1CCC(C1)[C@@H](CC#N)N2C=C(C=N2)C3=C4C=CNC4=NC=N3	0.782180475317654
CAPAN2_PANCREAS	C1CCC(C1)[C@@H](CC#N)N2C=C(C=N2)C3=C4C=CNC4=NC=N3	0.8861783157350754
CAR1_LARGE_INTESTINE	C1CCC(C1)[C@@H](CC#N)N2C=C(C=N2)C3=C4C=CNC4=NC=N3	0.9256755500463572
CCFSTTG1_CENTRAL_NERVOUS_SYSTEM	C1CCC(C1)[C@@H](CC#N)N2C=C(C=N2)C3=C4C=CNC4=NC=N3	0.916887599826838
CCK81_LARGE_INTESTINE	C1CCC(C1)[C@@H](CC#N)N2C=C(C=N2)C3=C4C=CNC4=NC=N3	0.9283804315914033
CCRFCEM_HAEMATOPOIETIC_AND_LYMPHOID_TISSUE	C1CCC(C1)[C@@H](CC#N)N2C=C(C=N2)C3=C4C=CNC4=NC=N3	1.005601902148927
CESS_HAEMATOPOIETIC_AND_LYMPHOID_TISSUE	C1CCC(C1)[C@@H](CC#N)N2C=C(C=N2)C3=C4C=CNC4=NC=N3	0.8809500586120333
CFPAC1_PANCREAS	C1CCC(C1)[C@@H](CC#N)N2C=C(C=N2)C3=C4C=CNC4=NC=N3	0.9234198614350149
CGTHW1_THYROID	C1CCC(C1)[C@@H](CC#N)N2C=C(C=N2)C3=C4C=CNC4=NC=N3	0.7963063100396981
CHAGOK1_LUNG	C1CCC(C1)[C@@H](CC#N)N2C=C(C=N2)C3=C4C=CNC4=NC=N3	0.8981178437988814
CHL1_SKIN	C1CCC(C1)[C@@H](CC#N)N2C=C(C=N2)C3=C4C=CNC4=NC=N3	0.9630219992402815
CHP126_AUTONOMIC_GANGLIA	C1CCC(C1)[C@@H](CC#N)N2C=C(C=N2)C3=C4C=CNC4=NC=N3	0.3928566988393587
CHP134_AUTONOMIC_GANGLIA	C1CCC(C1)[C@@H](CC#N)N2C=C(C=N2)C3=C4C=CNC4=NC=N3	0.935685934865643
CHP212_AUTONOMIC_GANGLIA	C1CCC(C1)[C@@H](CC#N)N2C=C(C=N2)C3=C4C=CNC4=NC=N3	0.666552852352472
CHSA8926_BONE	C1CCC(C1)[C@@H](CC#N)N2C=C(C=N2)C3=C4C=CNC4=NC=N3	0.9181367713137092
CJM_SKIN	C1CCC(C1)[C@@H](CC#N)N2C=C(C=N2)C3=C4C=CNC4=NC=N3	0.7648208872996152
CL11_LARGE_INTESTINE	C1CCC(C1)[C@@H](CC#N)N2C=C(C=N2)C3=C4C=CNC4=NC=N3	0.8512770459960832
CL34_LARGE_INTESTINE	C1CCC(C1)[C@@H](CC#N)N2C=C(C=N2)C3=C4C=CNC4=NC=N3	0.923173540280292
CL40_LARGE_INTESTINE	C1CCC(C1)[C@@H](CC#N)N2C=C(C=N2)C3=C4C=CNC4=NC=N3	0.9451440458504629
CMLT1_HAEMATOPOIETIC_AND_LYMPHOID_TISSUE	C1CCC(C1)[C@@H](CC#N)N2C=C(C=N2)C3=C4C=CNC4=NC=N3	0.7350353351929957
COLO201_LARGE_INTESTINE	C1CCC(C1)[C@@H](CC#N)N2C=C(C=N2)C3=C4C=CNC4=NC=N3	0.6868634838934514
COLO205_LARGE_INTESTINE	C1CCC(C1)[C@@H](CC#N)N2C=C(C=N2)C3=C4C=CNC4=NC=N3	0.9373609043724022
COLO678_LARGE_INTESTINE	C1CCC(C1)[C@@H](CC#N)N2C=C(C=N2)C3=C4C=CNC4=NC=N3	0.9575620155738749
COLO680N_OESOPHAGUS	C1CCC(C1)[C@@H](CC#N)N2C=C(C=N2)C3=C4C=CNC4=NC=N3	0.9161648231031227
COLO684_ENDOMETRIUM	C1CCC(C1)[C@@H](CC#N)N2C=C(C=N2)C3=C4C=CNC4=NC=N3	0.7008299106565739
COLO741_SKIN	C1CCC(C1)[C@@H](CC#N)N2C=C(C=N2)C3=C4C=CNC4=NC=N3	0.7521159868480862
COLO783_SKIN	C1CCC(C1)[C@@H](CC#N)N2C=C(C=N2)C3=C4C=CNC4=NC=N3	0.8684477319608195
COLO792_SKIN	C1CCC(C1)[C@@H](CC#N)N2C=C(C=N2)C3=C4C=CNC4=NC=N3	0.9449585118784118
COLO824_BREAST	C1CCC(C1)[C@@H](CC#N)N2C=C(C=N2)C3=C4C=CNC4=NC=N3	0.9545039547955507
CORL105_LUNG	C1CCC(C1)[C@@H](CC#N)N2C=C(C=N2)C3=C4C=CNC4=NC=N3	0.8443877297406694
CORL23_LUNG	C1CCC(C1)[C@@H](CC#N)N2C=C(C=N2)C3=C4C=CNC4=NC=N3	0.9152113184799964
CORL51_LUNG	C1CCC(C1)[C@@H](CC#N)N2C=C(C=N2)C3=C4C=CNC4=NC=N3	0.73341583131307
CORL88_LUNG	C1CCC(C1)[C@@H](CC#N)N2C=C(C=N2)C3=C4C=CNC4=NC=N3	0.9911313226674008
CORL95_LUNG	C1CCC(C1)[C@@H](CC#N)N2C=C(C=N2)C3=C4C=CNC4=NC=N3	0.9227064351646724
COV362_OVARY	C1CCC(C1)[C@@H](CC#N)N2C=C(C=N2)C3=C4C=CNC4=NC=N3	0.7618979014515593
COV644_OVARY	C1CCC(C1)[C@@H](CC#N)N2C=C(C=N2)C3=C4C=CNC4=NC=N3	0.7512424659080579
CP50MELB_SKIN	C1CCC(C1)[C@@H](CC#N)N2C=C(C=N2)C3=C4C=CNC4=NC=N3	0.9973988385998176
CPCN_LUNG	C1CCC(C1)[C@@H](CC#N)N2C=C(C=N2)C3=C4C=CNC4=NC=N3	0.9578520643986879
CS1_BONE	C1CCC(C1)[C@@H](CC#N)N2C=C(C=N2)C3=C4C=CNC4=NC=N3	0.913698965322946
CW2_LARGE_INTESTINE	C1CCC(C1)[C@@H](CC#N)N2C=C(C=N2)C3=C4C=CNC4=NC=N3	0.8657681445691782
D263MG_CENTRAL_NERVOUS_SYSTEM	C1CCC(C1)[C@@H](CC#N)N2C=C(C=N2)C3=C4C=CNC4=NC=N3	0.9385813085497507
D392MG_CENTRAL_NERVOUS_SYSTEM	C1CCC(C1)[C@@H](CC#N)N2C=C(C=N2)C3=C4C=CNC4=NC=N3	0.9040535510692348
D502MG_CENTRAL_NERVOUS_SYSTEM	C1CCC(C1)[C@@H](CC#N)N2C=C(C=N2)C3=C4C=CNC4=NC=N3	0.910379195255357
D542MG_CENTRAL_NERVOUS_SYSTEM	C1CCC(C1)[C@@H](CC#N)N2C=C(C=N2)C3=C4C=CNC4=NC=N3	0.9528035699395369
DANG_PANCREAS	C1CCC(C1)[C@@H](CC#N)N2C=C(C=N2)C3=C4C=CNC4=NC=N3	0.9022539646987237
DAUDI_HAEMATOPOIETIC_AND_LYMPHOID_TISSUE	C1CCC(C1)[C@@H](CC#N)N2C=C(C=N2)C3=C4C=CNC4=NC=N3	0.7828789802853544
DBTRG05MG_CENTRAL_NERVOUS_SYSTEM	C1CCC(C1)[C@@H](CC#N)N2C=C(C=N2)C3=C4C=CNC4=NC=N3	0.9528551037327722
DB_HAEMATOPOIETIC_AND_LYMPHOID_TISSUE	C1CCC(C1)[C@@H](CC#N)N2C=C(C=N2)C3=C4C=CNC4=NC=N3	0.8398735229806743
DEL_HAEMATOPOIETIC_AND_LYMPHOID_TISSUE	C1CCC(C1)[C@@H](CC#N)N2C=C(C=N2)C3=C4C=CNC4=NC=N3	0.6049612049819545
DG75_HAEMATOPOIETIC_AND_LYMPHOID_TISSUE	C1CCC(C1)[C@@H](CC#N)N2C=C(C=N2)C3=C4C=CNC4=NC=N3	0.9242657328958866
DIFI_LARGE_INTESTINE	C1CCC(C1)[C@@H](CC#N)N2C=C(C=N2)C3=C4C=CNC4=NC=N3	0.997460912914165
DKMG_CENTRAL_NERVOUS_SYSTEM	C1CCC(C1)[C@@H](CC#N)N2C=C(C=N2)C3=C4C=CNC4=NC=N3	0.8551442251913243
DMS114_LUNG	C1CCC(C1)[C@@H](CC#N)N2C=C(C=N2)C3=C4C=CNC4=NC=N3	0.9614461228845602
DMS273_LUNG	C1CCC(C1)[C@@H](CC#N)N2C=C(C=N2)C3=C4C=CNC4=NC=N3	0.9152106728868641
DMS454_LUNG	C1CCC(C1)[C@@H](CC#N)N2C=C(C=N2)C3=C4C=CNC4=NC=N3	0.7920125091669444
DMS53_LUNG	C1CCC(C1)[C@@H](CC#N)N2C=C(C=N2)C3=C4C=CNC4=NC=N3	0.9449354212206943
DMS79_LUNG	C1CCC(C1)[C@@H](CC#N)N2C=C(C=N2)C3=C4C=CNC4=NC=N3	0.8241917705134889
DND41_HAEMATOPOIETIC_AND_LYMPHOID_TISSUE	C1CCC(C1)[C@@H](CC#N)N2C=C(C=N2)C3=C4C=CNC4=NC=N3	0.4719851649517641
DOTC24510_CERVIX	C1CCC(C1)[C@@H](CC#N)N2C=C(C=N2)C3=C4C=CNC4=NC=N3	0.8918984144908579
DOV13_OVARY	C1CCC(C1)[C@@H](CC#N)N2C=C(C=N2)C3=C4C=CNC4=NC=N3	0.9019997228235044
DSH1_URINARY_TRACT	C1CCC(C1)[C@@H](CC#N)N2C=C(C=N2)C3=C4C=CNC4=NC=N3	0.7886844367755638
DU145_PROSTATE	C1CCC(C1)[C@@H](CC#N)N2C=C(C=N2)C3=C4C=CNC4=NC=N3	0.8723392061892368
DU4475_BREAST	C1CCC(C1)[C@@H](CC#N)N2C=C(C=N2)C3=C4C=CNC4=NC=N3	0.8912742440449558
DV90_LUNG	C1CCC(C1)[C@@H](CC#N)N2C=C(C=N2)C3=C4C=CNC4=NC=N3	0.7371158619958181
EB1_HAEMATOPOIETIC_AND_LYMPHOID_TISSUE	C1CCC(C1)[C@@H](CC#N)N2C=C(C=N2)C3=C4C=CNC4=NC=N3	0.4860216665656534
EB2_HAEMATOPOIETIC_AND_LYMPHOID_TISSUE	C1CCC(C1)[C@@H](CC#N)N2C=C(C=N2)C3=C4C=CNC4=NC=N3	0.7587317874417253
EB3_HAEMATOPOIETIC_AND_LYMPHOID_TISSUE	C1CCC(C1)[C@@H](CC#N)N2C=C(C=N2)C3=C4C=CNC4=NC=N3	0.8526509286198625
EBC1_LUNG	C1CCC(C1)[C@@H](CC#N)N2C=C(C=N2)C3=C4C=CNC4=NC=N3	0.8811910791436484
EFE184_ENDOMETRIUM	C1CCC(C1)[C@@H](CC#N)N2C=C(C=N2)C3=C4C=CNC4=NC=N3	0.853102575987151
EFM192A_BREAST	C1CCC(C1)[C@@H](CC#N)N2C=C(C=N2)C3=C4C=CNC4=NC=N3	0.9337946677632872
EFM19_BREAST	C1CCC(C1)[C@@H](CC#N)N2C=C(C=N2)C3=C4C=CNC4=NC=N3	0.9324911432494922
EFO21_OVARY	C1CCC(C1)[C@@H](CC#N)N2C=C(C=N2)C3=C4C=CNC4=NC=N3	0.8968746169921248
EFO27_OVARY	C1CCC(C1)[C@@H](CC#N)N2C=C(C=N2)C3=C4C=CNC4=NC=N3	0.8925742501004367
EJM_HAEMATOPOIETIC_AND_LYMPHOID_TISSUE	C1CCC(C1)[C@@H](CC#N)N2C=C(C=N2)C3=C4C=CNC4=NC=N3	0.7182664450288332
EKVX_LUNG	C1CCC(C1)[C@@H](CC#N)N2C=C(C=N2)C3=C4C=CNC4=NC=N3	0.9681953845077409
EM2_HAEMATOPOIETIC_AND_LYMPHOID_TISSUE	C1CCC(C1)[C@@H](CC#N)N2C=C(C=N2)C3=C4C=CNC4=NC=N3	0.6827302633551712
EMCBAC2_LUNG	C1CCC(C1)[C@@H](CC#N)N2C=C(C=N2)C3=C4C=CNC4=NC=N3	0.8229398598027379
EN_ENDOMETRIUM	C1CCC(C1)[C@@H](CC#N)N2C=C(C=N2)C3=C4C=CNC4=NC=N3	0.9131753635526838
EPLC272H_LUNG	C1CCC(C1)[C@@H](CC#N)N2C=C(C=N2)C3=C4C=CNC4=NC=N3	0.8273773511116858
ES1_BONE	C1CCC(C1)[C@@H](CC#N)N2C=C(C=N2)C3=C4C=CNC4=NC=N3	0.9101730706601016
ES4_BONE	C1CCC(C1)[C@@H](CC#N)N2C=C(C=N2)C3=C4C=CNC4=NC=N3	0.9683248830978934
ES6_BONE	C1CCC(C1)[C@@H](CC#N)N2C=C(C=N2)C3=C4C=CNC4=NC=N3	0.8836477685516029
ESS1_ENDOMETRIUM	C1CCC(C1)[C@@H](CC#N)N2C=C(C=N2)C3=C4C=CNC4=NC=N3	0.816358832860602
EVSAT_BREAST	C1CCC(C1)[C@@H](CC#N)N2C=C(C=N2)C3=C4C=CNC4=NC=N3	0.9774047657102984
EW11_BONE	C1CCC(C1)[C@@H](CC#N)N2C=C(C=N2)C3=C4C=CNC4=NC=N3	0.9507067916723007
EW13_BONE	C1CCC(C1)[C@@H](CC#N)N2C=C(C=N2)C3=C4C=CNC4=NC=N3	0.9014680507132544
EW1_BONE	C1CCC(C1)[C@@H](CC#N)N2C=C(C=N2)C3=C4C=CNC4=NC=N3	0.9056236973947147
EW22_BONE	C1CCC(C1)[C@@H](CC#N)N2C=C(C=N2)C3=C4C=CNC4=NC=N3	1.0224597141267902
EW7_BONE	C1CCC(C1)[C@@H](CC#N)N2C=C(C=N2)C3=C4C=CNC4=NC=N3	0.9594299996903053
FADU_UPPER_AERODIGESTIVE_TRACT	C1CCC(C1)[C@@H](CC#N)N2C=C(C=N2)C3=C4C=CNC4=NC=N3	0.8948409367156889
FARAGE_HAEMATOPOIETIC_AND_LYMPHOID_TISSUE	C1CCC(C1)[C@@H](CC#N)N2C=C(C=N2)C3=C4C=CNC4=NC=N3	0.9346319501435615
FLO1_OESOPHAGUS	C1CCC(C1)[C@@H](CC#N)N2C=C(C=N2)C3=C4C=CNC4=NC=N3	0.9171203718545748
FTC133_THYROID	C1CCC(C1)[C@@H](CC#N)N2C=C(C=N2)C3=C4C=CNC4=NC=N3	0.9011838879722385
FU97_STOMACH	C1CCC(C1)[C@@H](CC#N)N2C=C(C=N2)C3=C4C=CNC4=NC=N3	0.7765757270384388
FUOV1_OVARY	C1CCC(C1)[C@@H](CC#N)N2C=C(C=N2)C3=C4C=CNC4=NC=N3	0.8580840261483663
G292CLONEA141B1_BONE	C1CCC(C1)[C@@H](CC#N)N2C=C(C=N2)C3=C4C=CNC4=NC=N3	0.8387177528368296
G401_SOFT_TISSUE	C1CCC(C1)[C@@H](CC#N)N2C=C(C=N2)C3=C4C=CNC4=NC=N3	0.8398483353036136
G402_SOFT_TISSUE	C1CCC(C1)[C@@H](CC#N)N2C=C(C=N2)C3=C4C=CNC4=NC=N3	0.8779614188996848
GA10_HAEMATOPOIETIC_AND_LYMPHOID_TISSUE	C1CCC(C1)[C@@H](CC#N)N2C=C(C=N2)C3=C4C=CNC4=NC=N3	0.6668225997084019
GAK_SKIN	C1CCC(C1)[C@@H](CC#N)N2C=C(C=N2)C3=C4C=CNC4=NC=N3	0.924472008834224
GB1_CENTRAL_NERVOUS_SYSTEM	C1CCC(C1)[C@@H](CC#N)N2C=C(C=N2)C3=C4C=CNC4=NC=N3	0.8439278492028226
GCT_SOFT_TISSUE	C1CCC(C1)[C@@H](CC#N)N2C=C(C=N2)C3=C4C=CNC4=NC=N3	0.6178595214020317
GDM1_HAEMATOPOIETIC_AND_LYMPHOID_TISSUE	C1CCC(C1)[C@@H](CC#N)N2C=C(C=N2)C3=C4C=CNC4=NC=N3	0.5813974025457784
GI1_CENTRAL_NERVOUS_SYSTEM	C1CCC(C1)[C@@H](CC#N)N2C=C(C=N2)C3=C4C=CNC4=NC=N3	0.877871138797386
GMEL_SKIN	C1CCC(C1)[C@@H](CC#N)N2C=C(C=N2)C3=C4C=CNC4=NC=N3	0.94795396478831
GMS10_CENTRAL_NERVOUS_SYSTEM	C1CCC(C1)[C@@H](CC#N)N2C=C(C=N2)C3=C4C=CNC4=NC=N3	0.9069174570411782
GOS3_CENTRAL_NERVOUS_SYSTEM	C1CCC(C1)[C@@H](CC#N)N2C=C(C=N2)C3=C4C=CNC4=NC=N3	0.9119622009757872
GOTO_AUTONOMIC_GANGLIA	C1CCC(C1)[C@@H](CC#N)N2C=C(C=N2)C3=C4C=CNC4=NC=N3	0.8014109400354847
GP2D_LARGE_INTESTINE	C1CCC(C1)[C@@H](CC#N)N2C=C(C=N2)C3=C4C=CNC4=NC=N3	0.8498294896057458
GRST_HAEMATOPOIETIC_AND_LYMPHOID_TISSUE	C1CCC(C1)[C@@H](CC#N)N2C=C(C=N2)C3=C4C=CNC4=NC=N3	0.9939753065458709
GSS_STOMACH	C1CCC(C1)[C@@H](CC#N)N2C=C(C=N2)C3=C4C=CNC4=NC=N3	0.6917600202278857
GSU_STOMACH	C1CCC(C1)[C@@H](CC#N)N2C=C(C=N2)C3=C4C=CNC4=NC=N3	0.9483357169914238
H2369_PLEURA	C1CCC(C1)[C@@H](CC#N)N2C=C(C=N2)C3=C4C=CNC4=NC=N3	0.9272143679392584
H3118_UPPER_AERODIGESTIVE_TRACT	C1CCC(C1)[C@@H](CC#N)N2C=C(C=N2)C3=C4C=CNC4=NC=N3	0.940213575797222
H4_CENTRAL_NERVOUS_SYSTEM	C1CCC(C1)[C@@H](CC#N)N2C=C(C=N2)C3=C4C=CNC4=NC=N3	0.9353141860103348
H9_HAEMATOPOIETIC_AND_LYMPHOID_TISSUE	C1CCC(C1)[C@@H](CC#N)N2C=C(C=N2)C3=C4C=CNC4=NC=N3	0.674164612302279
HA7RCC_KIDNEY	C1CCC(C1)[C@@H](CC#N)N2C=C(C=N2)C3=C4C=CNC4=NC=N3	0.996184173465784
HAL01_HAEMATOPOIETIC_AND_LYMPHOID_TISSUE	C1CCC(C1)[C@@H](CC#N)N2C=C(C=N2)C3=C4C=CNC4=NC=N3	0.9170081319495731
HARA_LUNG	C1CCC(C1)[C@@H](CC#N)N2C=C(C=N2)C3=C4C=CNC4=NC=N3	0.693607170842551
HC1_HAEMATOPOIETIC_AND_LYMPHOID_TISSUE	C1CCC(C1)[C@@H](CC#N)N2C=C(C=N2)C3=C4C=CNC4=NC=N3	0.9662750825042916
HCC1143_BREAST	C1CCC(C1)[C@@H](CC#N)N2C=C(C=N2)C3=C4C=CNC4=NC=N3	0.9403103496738469
HCC1195_LUNG	C1CCC(C1)[C@@H](CC#N)N2C=C(C=N2)C3=C4C=CNC4=NC=N3	0.6884115659565442
HCC1395_BREAST	C1CCC(C1)[C@@H](CC#N)N2C=C(C=N2)C3=C4C=CNC4=NC=N3	0.8325653441205383
HCC1428_BREAST	C1CCC(C1)[C@@H](CC#N)N2C=C(C=N2)C3=C4C=CNC4=NC=N3	0.9555695081761516
HCC1569_BREAST	C1CCC(C1)[C@@H](CC#N)N2C=C(C=N2)C3=C4C=CNC4=NC=N3	0.9381309520391005
HCC1599_BREAST	C1CCC(C1)[C@@H](CC#N)N2C=C(C=N2)C3=C4C=CNC4=NC=N3	0.968709778891898
HCC15_LUNG	C1CCC(C1)[C@@H](CC#N)N2C=C(C=N2)C3=C4C=CNC4=NC=N3	0.8558760939833961
HCC1806_BREAST	C1CCC(C1)[C@@H](CC#N)N2C=C(C=N2)C3=C4C=CNC4=NC=N3	0.8935691700685301
HCC1833_LUNG	C1CCC(C1)[C@@H](CC#N)N2C=C(C=N2)C3=C4C=CNC4=NC=N3	0.630415546683233
HCC1937_BREAST	C1CCC(C1)[C@@H](CC#N)N2C=C(C=N2)C3=C4C=CNC4=NC=N3	0.9481673579687926
HCC1954_BREAST	C1CCC(C1)[C@@H](CC#N)N2C=C(C=N2)C3=C4C=CNC4=NC=N3	0.8366831632976356
HCC202_BREAST	C1CCC(C1)[C@@H](CC#N)N2C=C(C=N2)C3=C4C=CNC4=NC=N3	0.946341594185905
HCC2108_LUNG	C1CCC(C1)[C@@H](CC#N)N2C=C(C=N2)C3=C4C=CNC4=NC=N3	0.551343774205279
HCC2218_BREAST	C1CCC(C1)[C@@H](CC#N)N2C=C(C=N2)C3=C4C=CNC4=NC=N3	0.9930770199770672
HCC2279_LUNG	C1CCC(C1)[C@@H](CC#N)N2C=C(C=N2)C3=C4C=CNC4=NC=N3	0.6967637722355223
HCC2998_LARGE_INTESTINE	C1CCC(C1)[C@@H](CC#N)N2C=C(C=N2)C3=C4C=CNC4=NC=N3	1.0056910462004045
HCC33_LUNG	C1CCC(C1)[C@@H](CC#N)N2C=C(C=N2)C3=C4C=CNC4=NC=N3	0.891241705400834
HCC38_BREAST	C1CCC(C1)[C@@H](CC#N)N2C=C(C=N2)C3=C4C=CNC4=NC=N3	0.9234491260668859
HCC4006_LUNG	C1CCC(C1)[C@@H](CC#N)N2C=C(C=N2)C3=C4C=CNC4=NC=N3	0.8145085222279462
HCC44_LUNG	C1CCC(C1)[C@@H](CC#N)N2C=C(C=N2)C3=C4C=CNC4=NC=N3	0.6460810653085635
HCC56_LARGE_INTESTINE	C1CCC(C1)[C@@H](CC#N)N2C=C(C=N2)C3=C4C=CNC4=NC=N3	0.9098676340192126
HCC70_BREAST	C1CCC(C1)[C@@H](CC#N)N2C=C(C=N2)C3=C4C=CNC4=NC=N3	0.9831170423222676
HCC78_LUNG	C1CCC(C1)[C@@H](CC#N)N2C=C(C=N2)C3=C4C=CNC4=NC=N3	0.8747122122580014
HCC95_LUNG	C1CCC(C1)[C@@H](CC#N)N2C=C(C=N2)C3=C4C=CNC4=NC=N3	0.8102944269523319
HCE4_OESOPHAGUS	C1CCC(C1)[C@@H](CC#N)N2C=C(C=N2)C3=C4C=CNC4=NC=N3	0.97459781498354
HCT116_LARGE_INTESTINE	C1CCC(C1)[C@@H](CC#N)N2C=C(C=N2)C3=C4C=CNC4=NC=N3	0.8849179856514424
HDLM2_HAEMATOPOIETIC_AND_LYMPHOID_TISSUE	C1CCC(C1)[C@@H](CC#N)N2C=C(C=N2)C3=C4C=CNC4=NC=N3	0.4877751970109258
HDMYZ_HAEMATOPOIETIC_AND_LYMPHOID_TISSUE	C1CCC(C1)[C@@H](CC#N)N2C=C(C=N2)C3=C4C=CNC4=NC=N3	0.8796067648726488
HEC108_ENDOMETRIUM	C1CCC(C1)[C@@H](CC#N)N2C=C(C=N2)C3=C4C=CNC4=NC=N3	0.80599359086639
HEC1A_ENDOMETRIUM	C1CCC(C1)[C@@H](CC#N)N2C=C(C=N2)C3=C4C=CNC4=NC=N3	0.875065692142186
HEC1B_ENDOMETRIUM	C1CCC(C1)[C@@H](CC#N)N2C=C(C=N2)C3=C4C=CNC4=NC=N3	0.6916154478166004
HEC1_ENDOMETRIUM	C1CCC(C1)[C@@H](CC#N)N2C=C(C=N2)C3=C4C=CNC4=NC=N3	0.9754361825032626
HEC251_ENDOMETRIUM	C1CCC(C1)[C@@H](CC#N)N2C=C(C=N2)C3=C4C=CNC4=NC=N3	0.8644864920149096
HEC50B_ENDOMETRIUM	C1CCC(C1)[C@@H](CC#N)N2C=C(C=N2)C3=C4C=CNC4=NC=N3	0.8348125617442953
HEC59_ENDOMETRIUM	C1CCC(C1)[C@@H](CC#N)N2C=C(C=N2)C3=C4C=CNC4=NC=N3	0.7353379822115823
HEC6_ENDOMETRIUM	C1CCC(C1)[C@@H](CC#N)N2C=C(C=N2)C3=C4C=CNC4=NC=N3	0.598692036046547
HEL9217_HAEMATOPOIETIC_AND_LYMPHOID_TISSUE	C1CCC(C1)[C@@H](CC#N)N2C=C(C=N2)C3=C4C=CNC4=NC=N3	0.3608623552986453
HELA_CERVIX	C1CCC(C1)[C@@H](CC#N)N2C=C(C=N2)C3=C4C=CNC4=NC=N3	0.9215811606370563
HEL_HAEMATOPOIETIC_AND_LYMPHOID_TISSUE	C1CCC(C1)[C@@H](CC#N)N2C=C(C=N2)C3=C4C=CNC4=NC=N3	0.38208780382958923
HEPG2_LIVER	C1CCC(C1)[C@@H](CC#N)N2C=C(C=N2)C3=C4C=CNC4=NC=N3	0.7696624564380737
HEYA8_OVARY	C1CCC(C1)[C@@H](CC#N)N2C=C(C=N2)C3=C4C=CNC4=NC=N3	0.7719483239643625
HEY_OVARY	C1CCC(C1)[C@@H](CC#N)N2C=C(C=N2)C3=C4C=CNC4=NC=N3	0.844102760367077
HH_HAEMATOPOIETIC_AND_LYMPHOID_TISSUE	C1CCC(C1)[C@@H](CC#N)N2C=C(C=N2)C3=C4C=CNC4=NC=N3	0.8048037687205193
HL60_HAEMATOPOIETIC_AND_LYMPHOID_TISSUE	C1CCC(C1)[C@@H](CC#N)N2C=C(C=N2)C3=C4C=CNC4=NC=N3	0.916707365124272
HLE_LIVER	C1CCC(C1)[C@@H](CC#N)N2C=C(C=N2)C3=C4C=CNC4=NC=N3	0.965101149908602
HLF_LIVER	C1CCC(C1)[C@@H](CC#N)N2C=C(C=N2)C3=C4C=CNC4=NC=N3	0.8136966976272009
HMC18_BREAST	C1CCC(C1)[C@@H](CC#N)N2C=C(C=N2)C3=C4C=CNC4=NC=N3	0.7795662849631808
HMVII_SKIN	C1CCC(C1)[C@@H](CC#N)N2C=C(C=N2)C3=C4C=CNC4=NC=N3	0.9471689960757518
HN_UPPER_AERODIGESTIVE_TRACT	C1CCC(C1)[C@@H](CC#N)N2C=C(C=N2)C3=C4C=CNC4=NC=N3	0.954509331733534
HO1U1_UPPER_AERODIGESTIVE_TRACT	C1CCC(C1)[C@@H](CC#N)N2C=C(C=N2)C3=C4C=CNC4=NC=N3	1.0500708782244994
HOS_BONE	C1CCC(C1)[C@@H](CC#N)N2C=C(C=N2)C3=C4C=CNC4=NC=N3	0.8399932184831647
HPAC_PANCREAS	C1CCC(C1)[C@@H](CC#N)N2C=C(C=N2)C3=C4C=CNC4=NC=N3	0.8558987520337462
HS294T_SKIN	C1CCC(C1)[C@@H](CC#N)N2C=C(C=N2)C3=C4C=CNC4=NC=N3	0.8184096116548985
HS445_HAEMATOPOIETIC_AND_LYMPHOID_TISSUE	C1CCC(C1)[C@@H](CC#N)N2C=C(C=N2)C3=C4C=CNC4=NC=N3	0.9375384038038298
HS578T_BREAST	C1CCC(C1)[C@@H](CC#N)N2C=C(C=N2)C3=C4C=CNC4=NC=N3	0.8637554174229704
HS611T_HAEMATOPOIETIC_AND_LYMPHOID_TISSUE	C1CCC(C1)[C@@H](CC#N)N2C=C(C=N2)C3=C4C=CNC4=NC=N3	0.6479150792448255
HS688AT_FIBROBLAST	C1CCC(C1)[C@@H](CC#N)N2C=C(C=N2)C3=C4C=CNC4=NC=N3	0.8852277235673808
HS729_SOFT_TISSUE	C1CCC(C1)[C@@H](CC#N)N2C=C(C=N2)C3=C4C=CNC4=NC=N3	0.7339333593442225
HS766T_PANCREAS	C1CCC(C1)[C@@H](CC#N)N2C=C(C=N2)C3=C4C=CNC4=NC=N3	0.9679674868236889
HS822T_FIBROBLAST	C1CCC(C1)[C@@H](CC#N)N2C=C(C=N2)C3=C4C=CNC4=NC=N3	0.9069843770265764
HS839T_FIBROBLAST	C1CCC(C1)[C@@H](CC#N)N2C=C(C=N2)C3=C4C=CNC4=NC=N3	0.92909478772084
HS852T_SKIN	C1CCC(C1)[C@@H](CC#N)N2C=C(C=N2)C3=C4C=CNC4=NC=N3	0.6288983976029576
HS888T_FIBROBLAST	C1CCC(C1)[C@@H](CC#N)N2C=C(C=N2)C3=C4C=CNC4=NC=N3	0.5866161706415346
HS895T_FIBROBLAST	C1CCC(C1)[C@@H](CC#N)N2C=C(C=N2)C3=C4C=CNC4=NC=N3	0.633653456922937
HS934T_FIBROBLAST	C1CCC(C1)[C@@H](CC#N)N2C=C(C=N2)C3=C4C=CNC4=NC=N3	1.1439176225037122
HS936T_SKIN	C1CCC(C1)[C@@H](CC#N)N2C=C(C=N2)C3=C4C=CNC4=NC=N3	1.017523771174884
HS939T_SKIN	C1CCC(C1)[C@@H](CC#N)N2C=C(C=N2)C3=C4C=CNC4=NC=N3	0.983959239676522
HS940T_FIBROBLAST	C1CCC(C1)[C@@H](CC#N)N2C=C(C=N2)C3=C4C=CNC4=NC=N3	0.8523048562077639
HS944T_SKIN	C1CCC(C1)[C@@H](CC#N)N2C=C(C=N2)C3=C4C=CNC4=NC=N3	0.8807169924846208
HSC3_UPPER_AERODIGESTIVE_TRACT	C1CCC(C1)[C@@H](CC#N)N2C=C(C=N2)C3=C4C=CNC4=NC=N3	0.6981807197169174
HSC4_UPPER_AERODIGESTIVE_TRACT	C1CCC(C1)[C@@H](CC#N)N2C=C(C=N2)C3=C4C=CNC4=NC=N3	0.8394894738539677
HT1080_SOFT_TISSUE	C1CCC(C1)[C@@H](CC#N)N2C=C(C=N2)C3=C4C=CNC4=NC=N3	0.7639540869555894
HT115_LARGE_INTESTINE	C1CCC(C1)[C@@H](CC#N)N2C=C(C=N2)C3=C4C=CNC4=NC=N3	0.8653608052032995
HT55_LARGE_INTESTINE	C1CCC(C1)[C@@H](CC#N)N2C=C(C=N2)C3=C4C=CNC4=NC=N3	0.9349542820455681
HTCC3_THYROID	C1CCC(C1)[C@@H](CC#N)N2C=C(C=N2)C3=C4C=CNC4=NC=N3	0.954142892642576
HT_HAEMATOPOIETIC_AND_LYMPHOID_TISSUE	C1CCC(C1)[C@@H](CC#N)N2C=C(C=N2)C3=C4C=CNC4=NC=N3	0.8875176963043847
HUCCT1_BILIARY_TRACT	C1CCC(C1)[C@@H](CC#N)N2C=C(C=N2)C3=C4C=CNC4=NC=N3	0.9206697324920559
HUG1N_STOMACH	C1CCC(C1)[C@@H](CC#N)N2C=C(C=N2)C3=C4C=CNC4=NC=N3	0.884189238764811
HUH1_LIVER	C1CCC(C1)[C@@H](CC#N)N2C=C(C=N2)C3=C4C=CNC4=NC=N3	0.8246100695981735
HUH28_BILIARY_TRACT	C1CCC(C1)[C@@H](CC#N)N2C=C(C=N2)C3=C4C=CNC4=NC=N3	0.4668474735598047
HUH6_LIVER	C1CCC(C1)[C@@H](CC#N)N2C=C(C=N2)C3=C4C=CNC4=NC=N3	0.7141929511500348
HUH7_LIVER	C1CCC(C1)[C@@H](CC#N)N2C=C(C=N2)C3=C4C=CNC4=NC=N3	1.0423136757239475
HUO3N1_BONE	C1CCC(C1)[C@@H](CC#N)N2C=C(C=N2)C3=C4C=CNC4=NC=N3	0.9633586961082397
HUO9_BONE	C1CCC(C1)[C@@H](CC#N)N2C=C(C=N2)C3=C4C=CNC4=NC=N3	0.958939358352696
HUPT3_PANCREAS	C1CCC(C1)[C@@H](CC#N)N2C=C(C=N2)C3=C4C=CNC4=NC=N3	0.8717867477211912
HUPT4_PANCREAS	C1CCC(C1)[C@@H](CC#N)N2C=C(C=N2)C3=C4C=CNC4=NC=N3	0.7613917814054476
HUTU80_SMALL_INTESTINE	C1CCC(C1)[C@@H](CC#N)N2C=C(C=N2)C3=C4C=CNC4=NC=N3	0.9329479441071605
IALM_LUNG	C1CCC(C1)[C@@H](CC#N)N2C=C(C=N2)C3=C4C=CNC4=NC=N3	0.9032167043756522
IGR1_SKIN	C1CCC(C1)[C@@H](CC#N)N2C=C(C=N2)C3=C4C=CNC4=NC=N3	0.9606731415126347
IGR37_SKIN	C1CCC(C1)[C@@H](CC#N)N2C=C(C=N2)C3=C4C=CNC4=NC=N3	0.9344450469938993
IGR39_SKIN	C1CCC(C1)[C@@H](CC#N)N2C=C(C=N2)C3=C4C=CNC4=NC=N3	0.6910826980363041
IGROV1_OVARY	C1CCC(C1)[C@@H](CC#N)N2C=C(C=N2)C3=C4C=CNC4=NC=N3	0.7255377728102208
IHH4_THYROID	C1CCC(C1)[C@@H](CC#N)N2C=C(C=N2)C3=C4C=CNC4=NC=N3	0.9397009860096552
IM95_STOMACH	C1CCC(C1)[C@@H](CC#N)N2C=C(C=N2)C3=C4C=CNC4=NC=N3	0.9189782203436573
IM9_HAEMATOPOIETIC_AND_LYMPHOID_TISSUE	C1CCC(C1)[C@@H](CC#N)N2C=C(C=N2)C3=C4C=CNC4=NC=N3	1.000636164178547
IPC298_SKIN	C1CCC(C1)[C@@H](CC#N)N2C=C(C=N2)C3=C4C=CNC4=NC=N3	0.9703029768866949
ISHIKAWAHERAKLIO02ER_ENDOMETRIUM	C1CCC(C1)[C@@H](CC#N)N2C=C(C=N2)C3=C4C=CNC4=NC=N3	0.8988726128064488
ISTMEL1_SKIN	C1CCC(C1)[C@@H](CC#N)N2C=C(C=N2)C3=C4C=CNC4=NC=N3	0.9812910890484317
ISTMES1_PLEURA	C1CCC(C1)[C@@H](CC#N)N2C=C(C=N2)C3=C4C=CNC4=NC=N3	0.7903240999594672
ISTSL2_LUNG	C1CCC(C1)[C@@H](CC#N)N2C=C(C=N2)C3=C4C=CNC4=NC=N3	0.8806945014899058
J82_URINARY_TRACT	C1CCC(C1)[C@@H](CC#N)N2C=C(C=N2)C3=C4C=CNC4=NC=N3	0.8837683333985783
JHH1_LIVER	C1CCC(C1)[C@@H](CC#N)N2C=C(C=N2)C3=C4C=CNC4=NC=N3	0.8567430787844622
JHH2_LIVER	C1CCC(C1)[C@@H](CC#N)N2C=C(C=N2)C3=C4C=CNC4=NC=N3	0.9447182700890909
JHH5_LIVER	C1CCC(C1)[C@@H](CC#N)N2C=C(C=N2)C3=C4C=CNC4=NC=N3	0.7427457935088942
JHH6_LIVER	C1CCC(C1)[C@@H](CC#N)N2C=C(C=N2)C3=C4C=CNC4=NC=N3	0.8770612496465489
JHH7_LIVER	C1CCC(C1)[C@@H](CC#N)N2C=C(C=N2)C3=C4C=CNC4=NC=N3	0.839769677219295
JHOM1_OVARY	C1CCC(C1)[C@@H](CC#N)N2C=C(C=N2)C3=C4C=CNC4=NC=N3	0.6583744522561291
JHOS2_OVARY	C1CCC(C1)[C@@H](CC#N)N2C=C(C=N2)C3=C4C=CNC4=NC=N3	0.7920381513076152
JHU022_UPPER_AERODIGESTIVE_TRACT	C1CCC(C1)[C@@H](CC#N)N2C=C(C=N2)C3=C4C=CNC4=NC=N3	0.8348242368670308
JHUEM3_ENDOMETRIUM	C1CCC(C1)[C@@H](CC#N)N2C=C(C=N2)C3=C4C=CNC4=NC=N3	1.0382237719324832
JIMT1_BREAST	C1CCC(C1)[C@@H](CC#N)N2C=C(C=N2)C3=C4C=CNC4=NC=N3	1.0079869170645386
JK1_HAEMATOPOIETIC_AND_LYMPHOID_TISSUE	C1CCC(C1)[C@@H](CC#N)N2C=C(C=N2)C3=C4C=CNC4=NC=N3	0.5476912159459378
JL1_PLEURA	C1CCC(C1)[C@@H](CC#N)N2C=C(C=N2)C3=C4C=CNC4=NC=N3	0.723010393951332
JM1_HAEMATOPOIETIC_AND_LYMPHOID_TISSUE	C1CCC(C1)[C@@H](CC#N)N2C=C(C=N2)C3=C4C=CNC4=NC=N3	0.467382366132307
JMSU1_URINARY_TRACT	C1CCC(C1)[C@@H](CC#N)N2C=C(C=N2)C3=C4C=CNC4=NC=N3	0.6294746158974514
JSC1_HAEMATOPOIETIC_AND_LYMPHOID_TISSUE	C1CCC(C1)[C@@H](CC#N)N2C=C(C=N2)C3=C4C=CNC4=NC=N3	0.7327566719576716
JURKAT_HAEMATOPOIETIC_AND_LYMPHOID_TISSUE	C1CCC(C1)[C@@H](CC#N)N2C=C(C=N2)C3=C4C=CNC4=NC=N3	0.7381308182433857
JURLMK1_HAEMATOPOIETIC_AND_LYMPHOID_TISSUE	C1CCC(C1)[C@@H](CC#N)N2C=C(C=N2)C3=C4C=CNC4=NC=N3	0.6950373153083018
JVM2_HAEMATOPOIETIC_AND_LYMPHOID_TISSUE	C1CCC(C1)[C@@H](CC#N)N2C=C(C=N2)C3=C4C=CNC4=NC=N3	0.8289556666877149
K5_THYROID	C1CCC(C1)[C@@H](CC#N)N2C=C(C=N2)C3=C4C=CNC4=NC=N3	0.9336516719435628
KARPAS1106P_HAEMATOPOIETIC_AND_LYMPHOID_TISSUE	C1CCC(C1)[C@@H](CC#N)N2C=C(C=N2)C3=C4C=CNC4=NC=N3	0.8684423815904875
KARPAS231_HAEMATOPOIETIC_AND_LYMPHOID_TISSUE	C1CCC(C1)[C@@H](CC#N)N2C=C(C=N2)C3=C4C=CNC4=NC=N3	0.982978073606967
KARPAS299_HAEMATOPOIETIC_AND_LYMPHOID_TISSUE	C1CCC(C1)[C@@H](CC#N)N2C=C(C=N2)C3=C4C=CNC4=NC=N3	0.5615564614535394
KARPAS422_HAEMATOPOIETIC_AND_LYMPHOID_TISSUE	C1CCC(C1)[C@@H](CC#N)N2C=C(C=N2)C3=C4C=CNC4=NC=N3	0.8880174920072658
KARPAS45_HAEMATOPOIETIC_AND_LYMPHOID_TISSUE	C1CCC(C1)[C@@H](CC#N)N2C=C(C=N2)C3=C4C=CNC4=NC=N3	0.7516716114727463
KASUMI1_HAEMATOPOIETIC_AND_LYMPHOID_TISSUE	C1CCC(C1)[C@@H](CC#N)N2C=C(C=N2)C3=C4C=CNC4=NC=N3	0.6830373388215806
KASUMI2_HAEMATOPOIETIC_AND_LYMPHOID_TISSUE	C1CCC(C1)[C@@H](CC#N)N2C=C(C=N2)C3=C4C=CNC4=NC=N3	0.866486171550653
KCL22_HAEMATOPOIETIC_AND_LYMPHOID_TISSUE	C1CCC(C1)[C@@H](CC#N)N2C=C(C=N2)C3=C4C=CNC4=NC=N3	0.7829126178912512
KE39_STOMACH	C1CCC(C1)[C@@H](CC#N)N2C=C(C=N2)C3=C4C=CNC4=NC=N3	0.7139313563668594
KE97_STOMACH	C1CCC(C1)[C@@H](CC#N)N2C=C(C=N2)C3=C4C=CNC4=NC=N3	0.4999592260371526
KELLY_AUTONOMIC_GANGLIA	C1CCC(C1)[C@@H](CC#N)N2C=C(C=N2)C3=C4C=CNC4=NC=N3	0.953905038962297
KG1C_CENTRAL_NERVOUS_SYSTEM	C1CCC(C1)[C@@H](CC#N)N2C=C(C=N2)C3=C4C=CNC4=NC=N3	0.8921028644807416
KG1_HAEMATOPOIETIC_AND_LYMPHOID_TISSUE	C1CCC(C1)[C@@H](CC#N)N2C=C(C=N2)C3=C4C=CNC4=NC=N3	0.829496387574794
KGN_OVARY	C1CCC(C1)[C@@H](CC#N)N2C=C(C=N2)C3=C4C=CNC4=NC=N3	0.9679830011929595
KHM1B_HAEMATOPOIETIC_AND_LYMPHOID_TISSUE	C1CCC(C1)[C@@H](CC#N)N2C=C(C=N2)C3=C4C=CNC4=NC=N3	0.5937108169944543
KIJK_HAEMATOPOIETIC_AND_LYMPHOID_TISSUE	C1CCC(C1)[C@@H](CC#N)N2C=C(C=N2)C3=C4C=CNC4=NC=N3	0.198235216976272
KLE_ENDOMETRIUM	C1CCC(C1)[C@@H](CC#N)N2C=C(C=N2)C3=C4C=CNC4=NC=N3	0.9239295223615228
KM12_LARGE_INTESTINE	C1CCC(C1)[C@@H](CC#N)N2C=C(C=N2)C3=C4C=CNC4=NC=N3	0.6838121555761135
KMBC2_URINARY_TRACT	C1CCC(C1)[C@@H](CC#N)N2C=C(C=N2)C3=C4C=CNC4=NC=N3	0.792751340192127
KMH2_HAEMATOPOIETIC_AND_LYMPHOID_TISSUE	C1CCC(C1)[C@@H](CC#N)N2C=C(C=N2)C3=C4C=CNC4=NC=N3	0.8287770353750535
KMM1_HAEMATOPOIETIC_AND_LYMPHOID_TISSUE	C1CCC(C1)[C@@H](CC#N)N2C=C(C=N2)C3=C4C=CNC4=NC=N3	0.7133356372920392
KMOE2_HAEMATOPOIETIC_AND_LYMPHOID_TISSUE	C1CCC(C1)[C@@H](CC#N)N2C=C(C=N2)C3=C4C=CNC4=NC=N3	1.0177545637961802
KMRC1_KIDNEY	C1CCC(C1)[C@@H](CC#N)N2C=C(C=N2)C3=C4C=CNC4=NC=N3	0.8059931053506153
KMRC20_KIDNEY	C1CCC(C1)[C@@H](CC#N)N2C=C(C=N2)C3=C4C=CNC4=NC=N3	0.8902886618041411
KMRC2_KIDNEY	C1CCC(C1)[C@@H](CC#N)N2C=C(C=N2)C3=C4C=CNC4=NC=N3	0.6750849184066183
KMRC3_KIDNEY	C1CCC(C1)[C@@H](CC#N)N2C=C(C=N2)C3=C4C=CNC4=NC=N3	0.8124485969271794
KMS21BM_HAEMATOPOIETIC_AND_LYMPHOID_TISSUE	C1CCC(C1)[C@@H](CC#N)N2C=C(C=N2)C3=C4C=CNC4=NC=N3	0.5171466294433164
KMS26_HAEMATOPOIETIC_AND_LYMPHOID_TISSUE	C1CCC(C1)[C@@H](CC#N)N2C=C(C=N2)C3=C4C=CNC4=NC=N3	0.4266273707536591
KMS34_HAEMATOPOIETIC_AND_LYMPHOID_TISSUE	C1CCC(C1)[C@@H](CC#N)N2C=C(C=N2)C3=C4C=CNC4=NC=N3	0.3675122355222885
KNS42_CENTRAL_NERVOUS_SYSTEM	C1CCC(C1)[C@@H](CC#N)N2C=C(C=N2)C3=C4C=CNC4=NC=N3	0.8619973951582587
KNS60_CENTRAL_NERVOUS_SYSTEM	C1CCC(C1)[C@@H](CC#N)N2C=C(C=N2)C3=C4C=CNC4=NC=N3	0.464076640883057
KNS81FD_CENTRAL_NERVOUS_SYSTEM	C1CCC(C1)[C@@H](CC#N)N2C=C(C=N2)C3=C4C=CNC4=NC=N3	0.8825770133078015
KNS81_CENTRAL_NERVOUS_SYSTEM	C1CCC(C1)[C@@H](CC#N)N2C=C(C=N2)C3=C4C=CNC4=NC=N3	1.0143966029273614
KON_UPPER_AERODIGESTIVE_TRACT	C1CCC(C1)[C@@H](CC#N)N2C=C(C=N2)C3=C4C=CNC4=NC=N3	0.9888381044573143
KOPN8_HAEMATOPOIETIC_AND_LYMPHOID_TISSUE	C1CCC(C1)[C@@H](CC#N)N2C=C(C=N2)C3=C4C=CNC4=NC=N3	0.9353855395863546
KP1N_PANCREAS	C1CCC(C1)[C@@H](CC#N)N2C=C(C=N2)C3=C4C=CNC4=NC=N3	0.9283946158251537
KP2_PANCREAS	C1CCC(C1)[C@@H](CC#N)N2C=C(C=N2)C3=C4C=CNC4=NC=N3	0.9364232379777212
KP3_PANCREAS	C1CCC(C1)[C@@H](CC#N)N2C=C(C=N2)C3=C4C=CNC4=NC=N3	0.8639587693867546
KP4_PANCREAS	C1CCC(C1)[C@@H](CC#N)N2C=C(C=N2)C3=C4C=CNC4=NC=N3	0.8413257135679738
KPNYN_AUTONOMIC_GANGLIA	C1CCC(C1)[C@@H](CC#N)N2C=C(C=N2)C3=C4C=CNC4=NC=N3	0.8233090467250197
KS1_CENTRAL_NERVOUS_SYSTEM	C1CCC(C1)[C@@H](CC#N)N2C=C(C=N2)C3=C4C=CNC4=NC=N3	0.9927171558809147
KU1919_URINARY_TRACT	C1CCC(C1)[C@@H](CC#N)N2C=C(C=N2)C3=C4C=CNC4=NC=N3	0.9047131464484169
KU812_HAEMATOPOIETIC_AND_LYMPHOID_TISSUE	C1CCC(C1)[C@@H](CC#N)N2C=C(C=N2)C3=C4C=CNC4=NC=N3	0.8163882104201091
KY821_HAEMATOPOIETIC_AND_LYMPHOID_TISSUE	C1CCC(C1)[C@@H](CC#N)N2C=C(C=N2)C3=C4C=CNC4=NC=N3	0.9090251520649657
KYAE1_OESOPHAGUS	C1CCC(C1)[C@@H](CC#N)N2C=C(C=N2)C3=C4C=CNC4=NC=N3	0.97455346468603
KYO1_HAEMATOPOIETIC_AND_LYMPHOID_TISSUE	C1CCC(C1)[C@@H](CC#N)N2C=C(C=N2)C3=C4C=CNC4=NC=N3	0.7434997674171945
KYSE140_OESOPHAGUS	C1CCC(C1)[C@@H](CC#N)N2C=C(C=N2)C3=C4C=CNC4=NC=N3	0.857065826544167
KYSE150_OESOPHAGUS	C1CCC(C1)[C@@H](CC#N)N2C=C(C=N2)C3=C4C=CNC4=NC=N3	0.8884227596838451
KYSE180_OESOPHAGUS	C1CCC(C1)[C@@H](CC#N)N2C=C(C=N2)C3=C4C=CNC4=NC=N3	0.8172327787854389
KYSE220_OESOPHAGUS	C1CCC(C1)[C@@H](CC#N)N2C=C(C=N2)C3=C4C=CNC4=NC=N3	0.948685120116471
KYSE270_OESOPHAGUS	C1CCC(C1)[C@@H](CC#N)N2C=C(C=N2)C3=C4C=CNC4=NC=N3	0.8724281607990744
KYSE30_OESOPHAGUS	C1CCC(C1)[C@@H](CC#N)N2C=C(C=N2)C3=C4C=CNC4=NC=N3	0.8071042478559955
KYSE450_OESOPHAGUS	C1CCC(C1)[C@@H](CC#N)N2C=C(C=N2)C3=C4C=CNC4=NC=N3	0.8583891820963586
KYSE510_OESOPHAGUS	C1CCC(C1)[C@@H](CC#N)N2C=C(C=N2)C3=C4C=CNC4=NC=N3	0.8746841097684734
KYSE70_OESOPHAGUS	C1CCC(C1)[C@@H](CC#N)N2C=C(C=N2)C3=C4C=CNC4=NC=N3	0.8875713607054306
L33_PANCREAS	C1CCC(C1)[C@@H](CC#N)N2C=C(C=N2)C3=C4C=CNC4=NC=N3	0.8320978080396375
L363_HAEMATOPOIETIC_AND_LYMPHOID_TISSUE	C1CCC(C1)[C@@H](CC#N)N2C=C(C=N2)C3=C4C=CNC4=NC=N3	0.8549084233383791
L540_HAEMATOPOIETIC_AND_LYMPHOID_TISSUE	C1CCC(C1)[C@@H](CC#N)N2C=C(C=N2)C3=C4C=CNC4=NC=N3	0.7792530650721625
LAMA84_HAEMATOPOIETIC_AND_LYMPHOID_TISSUE	C1CCC(C1)[C@@H](CC#N)N2C=C(C=N2)C3=C4C=CNC4=NC=N3	0.7195152367524796
LB1047RCC_KIDNEY	C1CCC(C1)[C@@H](CC#N)N2C=C(C=N2)C3=C4C=CNC4=NC=N3	1.0151537606343772
LB2518MEL_SKIN	C1CCC(C1)[C@@H](CC#N)N2C=C(C=N2)C3=C4C=CNC4=NC=N3	0.9615286178594716
LB373MELD_SKIN	C1CCC(C1)[C@@H](CC#N)N2C=C(C=N2)C3=C4C=CNC4=NC=N3	0.9291319884675496
LB647SCLC_LUNG	C1CCC(C1)[C@@H](CC#N)N2C=C(C=N2)C3=C4C=CNC4=NC=N3	0.8914569943274956
LB771HNC_UPPER_AERODIGESTIVE_TRACT	C1CCC(C1)[C@@H](CC#N)N2C=C(C=N2)C3=C4C=CNC4=NC=N3	0.9190178167610262
LB831BLC_URINARY_TRACT	C1CCC(C1)[C@@H](CC#N)N2C=C(C=N2)C3=C4C=CNC4=NC=N3	0.921292289776364
LC1SQ_LUNG	C1CCC(C1)[C@@H](CC#N)N2C=C(C=N2)C3=C4C=CNC4=NC=N3	0.9443604856040698
LC2AD_LUNG	C1CCC(C1)[C@@H](CC#N)N2C=C(C=N2)C3=C4C=CNC4=NC=N3	0.8707265326271002
LC41_HAEMATOPOIETIC_AND_LYMPHOID_TISSUE	C1CCC(C1)[C@@H](CC#N)N2C=C(C=N2)C3=C4C=CNC4=NC=N3	0.9834960879416336
LCLC103H_LUNG	C1CCC(C1)[C@@H](CC#N)N2C=C(C=N2)C3=C4C=CNC4=NC=N3	0.9523447813491949
LCLC97TM1_LUNG	C1CCC(C1)[C@@H](CC#N)N2C=C(C=N2)C3=C4C=CNC4=NC=N3	0.881981817904702
LK2_LUNG	C1CCC(C1)[C@@H](CC#N)N2C=C(C=N2)C3=C4C=CNC4=NC=N3	0.8648047293959523
LMSU_STOMACH	C1CCC(C1)[C@@H](CC#N)N2C=C(C=N2)C3=C4C=CNC4=NC=N3	0.7004961865511077
LN229_CENTRAL_NERVOUS_SYSTEM	C1CCC(C1)[C@@H](CC#N)N2C=C(C=N2)C3=C4C=CNC4=NC=N3	0.8683512902202266
LN405_CENTRAL_NERVOUS_SYSTEM	C1CCC(C1)[C@@H](CC#N)N2C=C(C=N2)C3=C4C=CNC4=NC=N3	0.9610901283100957
LNZTA3WT4_CENTRAL_NERVOUS_SYSTEM	C1CCC(C1)[C@@H](CC#N)N2C=C(C=N2)C3=C4C=CNC4=NC=N3	1.0134216709052084
LOUCY_HAEMATOPOIETIC_AND_LYMPHOID_TISSUE	C1CCC(C1)[C@@H](CC#N)N2C=C(C=N2)C3=C4C=CNC4=NC=N3	0.7887422027156885
LOUNH91_LUNG	C1CCC(C1)[C@@H](CC#N)N2C=C(C=N2)C3=C4C=CNC4=NC=N3	0.8634534800951746
LOVO_LARGE_INTESTINE	C1CCC(C1)[C@@H](CC#N)N2C=C(C=N2)C3=C4C=CNC4=NC=N3	0.8714227321201845
LOXIMVI_SKIN	C1CCC(C1)[C@@H](CC#N)N2C=C(C=N2)C3=C4C=CNC4=NC=N3	0.8939225829390018
LP1_HAEMATOPOIETIC_AND_LYMPHOID_TISSUE	C1CCC(C1)[C@@H](CC#N)N2C=C(C=N2)C3=C4C=CNC4=NC=N3	0.83802099593091
LS123_LARGE_INTESTINE	C1CCC(C1)[C@@H](CC#N)N2C=C(C=N2)C3=C4C=CNC4=NC=N3	0.8955957483210164
LS411N_LARGE_INTESTINE	C1CCC(C1)[C@@H](CC#N)N2C=C(C=N2)C3=C4C=CNC4=NC=N3	0.9751312204041108
LS513_LARGE_INTESTINE	C1CCC(C1)[C@@H](CC#N)N2C=C(C=N2)C3=C4C=CNC4=NC=N3	0.9009927881608529
LU134A_LUNG	C1CCC(C1)[C@@H](CC#N)N2C=C(C=N2)C3=C4C=CNC4=NC=N3	0.9824679991753448
LU139_LUNG	C1CCC(C1)[C@@H](CC#N)N2C=C(C=N2)C3=C4C=CNC4=NC=N3	0.9112999168895055
LU65_LUNG	C1CCC(C1)[C@@H](CC#N)N2C=C(C=N2)C3=C4C=CNC4=NC=N3	0.8199759373070435
LU99_LUNG	C1CCC(C1)[C@@H](CC#N)N2C=C(C=N2)C3=C4C=CNC4=NC=N3	0.5015878253886481
M059J_CENTRAL_NERVOUS_SYSTEM	C1CCC(C1)[C@@H](CC#N)N2C=C(C=N2)C3=C4C=CNC4=NC=N3	0.9400787566554853
M07E_HAEMATOPOIETIC_AND_LYMPHOID_TISSUE	C1CCC(C1)[C@@H](CC#N)N2C=C(C=N2)C3=C4C=CNC4=NC=N3	0.2787660457892663
MC116_HAEMATOPOIETIC_AND_LYMPHOID_TISSUE	C1CCC(C1)[C@@H](CC#N)N2C=C(C=N2)C3=C4C=CNC4=NC=N3	0.8975801201380444
MCCAR_HAEMATOPOIETIC_AND_LYMPHOID_TISSUE	C1CCC(C1)[C@@H](CC#N)N2C=C(C=N2)C3=C4C=CNC4=NC=N3	0.8994718618296234
MCF7_BREAST	C1CCC(C1)[C@@H](CC#N)N2C=C(C=N2)C3=C4C=CNC4=NC=N3	0.9637313924404544
MDAMB157_BREAST	C1CCC(C1)[C@@H](CC#N)N2C=C(C=N2)C3=C4C=CNC4=NC=N3	0.7968808716541247
MDAMB175VII_BREAST	C1CCC(C1)[C@@H](CC#N)N2C=C(C=N2)C3=C4C=CNC4=NC=N3	0.9993518174920686
MDAMB231_BREAST	C1CCC(C1)[C@@H](CC#N)N2C=C(C=N2)C3=C4C=CNC4=NC=N3	0.8568259524508982
MDAMB330_BREAST	C1CCC(C1)[C@@H](CC#N)N2C=C(C=N2)C3=C4C=CNC4=NC=N3	0.9898785401470168
MDAMB415_BREAST	C1CCC(C1)[C@@H](CC#N)N2C=C(C=N2)C3=C4C=CNC4=NC=N3	0.966031649369103
MDAMB435S_SKIN	C1CCC(C1)[C@@H](CC#N)N2C=C(C=N2)C3=C4C=CNC4=NC=N3	0.8179271932482802
MDAMB436_BREAST	C1CCC(C1)[C@@H](CC#N)N2C=C(C=N2)C3=C4C=CNC4=NC=N3	1.0055460758261487
MDAMB453_BREAST	C1CCC(C1)[C@@H](CC#N)N2C=C(C=N2)C3=C4C=CNC4=NC=N3	0.7968852043831637
MDAMB468_BREAST	C1CCC(C1)[C@@H](CC#N)N2C=C(C=N2)C3=C4C=CNC4=NC=N3	0.9345043004126717
MDST8_LARGE_INTESTINE	C1CCC(C1)[C@@H](CC#N)N2C=C(C=N2)C3=C4C=CNC4=NC=N3	0.9181202756355985
ME180_CERVIX	C1CCC(C1)[C@@H](CC#N)N2C=C(C=N2)C3=C4C=CNC4=NC=N3	0.8954326777353605
ME1_HAEMATOPOIETIC_AND_LYMPHOID_TISSUE	C1CCC(C1)[C@@H](CC#N)N2C=C(C=N2)C3=C4C=CNC4=NC=N3	0.9407802006721425
MEC1_HAEMATOPOIETIC_AND_LYMPHOID_TISSUE	C1CCC(C1)[C@@H](CC#N)N2C=C(C=N2)C3=C4C=CNC4=NC=N3	0.5695610081366101
MEG01_HAEMATOPOIETIC_AND_LYMPHOID_TISSUE	C1CCC(C1)[C@@H](CC#N)N2C=C(C=N2)C3=C4C=CNC4=NC=N3	0.8501728053705976
MELHO_SKIN	C1CCC(C1)[C@@H](CC#N)N2C=C(C=N2)C3=C4C=CNC4=NC=N3	0.9599406289584532
MELJUSO_SKIN	C1CCC(C1)[C@@H](CC#N)N2C=C(C=N2)C3=C4C=CNC4=NC=N3	0.9397648502490293
MESSA_SOFT_TISSUE	C1CCC(C1)[C@@H](CC#N)N2C=C(C=N2)C3=C4C=CNC4=NC=N3	0.9022840916657521
MFE296_ENDOMETRIUM	C1CCC(C1)[C@@H](CC#N)N2C=C(C=N2)C3=C4C=CNC4=NC=N3	0.8467361610606541
MFE319_ENDOMETRIUM	C1CCC(C1)[C@@H](CC#N)N2C=C(C=N2)C3=C4C=CNC4=NC=N3	0.9227338639211999
MFM223_BREAST	C1CCC(C1)[C@@H](CC#N)N2C=C(C=N2)C3=C4C=CNC4=NC=N3	0.8907840502020514
MG63_BONE	C1CCC(C1)[C@@H](CC#N)N2C=C(C=N2)C3=C4C=CNC4=NC=N3	0.8915258822747164
MHHCALL2_HAEMATOPOIETIC_AND_LYMPHOID_TISSUE	C1CCC(C1)[C@@H](CC#N)N2C=C(C=N2)C3=C4C=CNC4=NC=N3	0.9586327602028836
MHHCALL3_HAEMATOPOIETIC_AND_LYMPHOID_TISSUE	C1CCC(C1)[C@@H](CC#N)N2C=C(C=N2)C3=C4C=CNC4=NC=N3	0.7572035460923058
MHHCALL4_HAEMATOPOIETIC_AND_LYMPHOID_TISSUE	C1CCC(C1)[C@@H](CC#N)N2C=C(C=N2)C3=C4C=CNC4=NC=N3	0.7518992891451256
MHHES1_BONE	C1CCC(C1)[C@@H](CC#N)N2C=C(C=N2)C3=C4C=CNC4=NC=N3	0.7899769749605164
MHHNB11_AUTONOMIC_GANGLIA	C1CCC(C1)[C@@H](CC#N)N2C=C(C=N2)C3=C4C=CNC4=NC=N3	0.4510718499045425
MHHPREB1_HAEMATOPOIETIC_AND_LYMPHOID_TISSUE	C1CCC(C1)[C@@H](CC#N)N2C=C(C=N2)C3=C4C=CNC4=NC=N3	0.9357204787189544
MIAPACA2_PANCREAS	C1CCC(C1)[C@@H](CC#N)N2C=C(C=N2)C3=C4C=CNC4=NC=N3	0.9028466672496331
MINO_HAEMATOPOIETIC_AND_LYMPHOID_TISSUE	C1CCC(C1)[C@@H](CC#N)N2C=C(C=N2)C3=C4C=CNC4=NC=N3	0.5550771546107457
MKN1_STOMACH	C1CCC(C1)[C@@H](CC#N)N2C=C(C=N2)C3=C4C=CNC4=NC=N3	0.8435655997352476
MKN28_STOMACH	C1CCC(C1)[C@@H](CC#N)N2C=C(C=N2)C3=C4C=CNC4=NC=N3	0.9140141086155116
MKN45_STOMACH	C1CCC(C1)[C@@H](CC#N)N2C=C(C=N2)C3=C4C=CNC4=NC=N3	0.9820243879645142
MKN74_STOMACH	C1CCC(C1)[C@@H](CC#N)N2C=C(C=N2)C3=C4C=CNC4=NC=N3	0.8269420722976454
MKN7_STOMACH	C1CCC(C1)[C@@H](CC#N)N2C=C(C=N2)C3=C4C=CNC4=NC=N3	0.9137903133428288
ML1_THYROID	C1CCC(C1)[C@@H](CC#N)N2C=C(C=N2)C3=C4C=CNC4=NC=N3	0.8822205832977805
ML2_HAEMATOPOIETIC_AND_LYMPHOID_TISSUE	C1CCC(C1)[C@@H](CC#N)N2C=C(C=N2)C3=C4C=CNC4=NC=N3	0.8566005370515676
MLMA_HAEMATOPOIETIC_AND_LYMPHOID_TISSUE	C1CCC(C1)[C@@H](CC#N)N2C=C(C=N2)C3=C4C=CNC4=NC=N3	0.8357380089939856
MM1S_HAEMATOPOIETIC_AND_LYMPHOID_TISSUE	C1CCC(C1)[C@@H](CC#N)N2C=C(C=N2)C3=C4C=CNC4=NC=N3	0.8375420591052329
MMACSF_SKIN	C1CCC(C1)[C@@H](CC#N)N2C=C(C=N2)C3=C4C=CNC4=NC=N3	0.9777388006280716
MOGGCCM_CENTRAL_NERVOUS_SYSTEM	C1CCC(C1)[C@@H](CC#N)N2C=C(C=N2)C3=C4C=CNC4=NC=N3	0.9052521967715796
MOGGUVW_CENTRAL_NERVOUS_SYSTEM	C1CCC(C1)[C@@H](CC#N)N2C=C(C=N2)C3=C4C=CNC4=NC=N3	0.773211116792517
MOLM13_HAEMATOPOIETIC_AND_LYMPHOID_TISSUE	C1CCC(C1)[C@@H](CC#N)N2C=C(C=N2)C3=C4C=CNC4=NC=N3	0.5131264616311123
MOLM16_HAEMATOPOIETIC_AND_LYMPHOID_TISSUE	C1CCC(C1)[C@@H](CC#N)N2C=C(C=N2)C3=C4C=CNC4=NC=N3	0.1698180441073971
MOLT13_HAEMATOPOIETIC_AND_LYMPHOID_TISSUE	C1CCC(C1)[C@@H](CC#N)N2C=C(C=N2)C3=C4C=CNC4=NC=N3	0.8142385079802679
MOLT16_HAEMATOPOIETIC_AND_LYMPHOID_TISSUE	C1CCC(C1)[C@@H](CC#N)N2C=C(C=N2)C3=C4C=CNC4=NC=N3	0.6993854296839468
MOLT3_HAEMATOPOIETIC_AND_LYMPHOID_TISSUE	C1CCC(C1)[C@@H](CC#N)N2C=C(C=N2)C3=C4C=CNC4=NC=N3	0.6961255621382466
MOLT4_HAEMATOPOIETIC_AND_LYMPHOID_TISSUE	C1CCC(C1)[C@@H](CC#N)N2C=C(C=N2)C3=C4C=CNC4=NC=N3	0.8861424279809585
MONOMAC1_HAEMATOPOIETIC_AND_LYMPHOID_TISSUE	C1CCC(C1)[C@@H](CC#N)N2C=C(C=N2)C3=C4C=CNC4=NC=N3	0.5419125268947543
MORCPR_LUNG	C1CCC(C1)[C@@H](CC#N)N2C=C(C=N2)C3=C4C=CNC4=NC=N3	0.74144889155732
MOTN1_HAEMATOPOIETIC_AND_LYMPHOID_TISSUE	C1CCC(C1)[C@@H](CC#N)N2C=C(C=N2)C3=C4C=CNC4=NC=N3	0.5754817412648868
MOT_HAEMATOPOIETIC_AND_LYMPHOID_TISSUE	C1CCC(C1)[C@@H](CC#N)N2C=C(C=N2)C3=C4C=CNC4=NC=N3	0.9195640580357347
MRKNU1_BREAST	C1CCC(C1)[C@@H](CC#N)N2C=C(C=N2)C3=C4C=CNC4=NC=N3	0.9815824156352682
MS751_CERVIX	C1CCC(C1)[C@@H](CC#N)N2C=C(C=N2)C3=C4C=CNC4=NC=N3	0.9619034110560076
MSTO211H_PLEURA	C1CCC(C1)[C@@H](CC#N)N2C=C(C=N2)C3=C4C=CNC4=NC=N3	0.8046504702698724
MV411_HAEMATOPOIETIC_AND_LYMPHOID_TISSUE	C1CCC(C1)[C@@H](CC#N)N2C=C(C=N2)C3=C4C=CNC4=NC=N3	0.5424561727777711
MZ1PC_PANCREAS	C1CCC(C1)[C@@H](CC#N)N2C=C(C=N2)C3=C4C=CNC4=NC=N3	0.9634296105858166
MZ2MEL_SKIN	C1CCC(C1)[C@@H](CC#N)N2C=C(C=N2)C3=C4C=CNC4=NC=N3	0.9604403360859044
MZ7MEL_SKIN	C1CCC(C1)[C@@H](CC#N)N2C=C(C=N2)C3=C4C=CNC4=NC=N3	0.9237693817957416
NB10_AUTONOMIC_GANGLIA	C1CCC(C1)[C@@H](CC#N)N2C=C(C=N2)C3=C4C=CNC4=NC=N3	0.9182499640210386
NB14_AUTONOMIC_GANGLIA	C1CCC(C1)[C@@H](CC#N)N2C=C(C=N2)C3=C4C=CNC4=NC=N3	0.836925544047264
NB1_AUTONOMIC_GANGLIA	C1CCC(C1)[C@@H](CC#N)N2C=C(C=N2)C3=C4C=CNC4=NC=N3	0.3683772969635444
NB69_AUTONOMIC_GANGLIA	C1CCC(C1)[C@@H](CC#N)N2C=C(C=N2)C3=C4C=CNC4=NC=N3	0.9342149723892295
NB7_AUTONOMIC_GANGLIA	C1CCC(C1)[C@@H](CC#N)N2C=C(C=N2)C3=C4C=CNC4=NC=N3	0.9207186768061948
NCC010_KIDNEY	C1CCC(C1)[C@@H](CC#N)N2C=C(C=N2)C3=C4C=CNC4=NC=N3	0.962899381405294
NCIH1092_LUNG	C1CCC(C1)[C@@H](CC#N)N2C=C(C=N2)C3=C4C=CNC4=NC=N3	0.8946400425239648
NCIH1105_LUNG	C1CCC(C1)[C@@H](CC#N)N2C=C(C=N2)C3=C4C=CNC4=NC=N3	0.8724695926391708
NCIH1184_LUNG	C1CCC(C1)[C@@H](CC#N)N2C=C(C=N2)C3=C4C=CNC4=NC=N3	0.8881206127458408
NCIH1304_LUNG	C1CCC(C1)[C@@H](CC#N)N2C=C(C=N2)C3=C4C=CNC4=NC=N3	0.8654148827712631
NCIH1339_LUNG	C1CCC(C1)[C@@H](CC#N)N2C=C(C=N2)C3=C4C=CNC4=NC=N3	0.6267523052213704
NCIH1355_LUNG	C1CCC(C1)[C@@H](CC#N)N2C=C(C=N2)C3=C4C=CNC4=NC=N3	0.799144571187797
NCIH1373_LUNG	C1CCC(C1)[C@@H](CC#N)N2C=C(C=N2)C3=C4C=CNC4=NC=N3	0.7780212225370464
NCIH1395_LUNG	C1CCC(C1)[C@@H](CC#N)N2C=C(C=N2)C3=C4C=CNC4=NC=N3	0.8096880375920482
NCIH1563_LUNG	C1CCC(C1)[C@@H](CC#N)N2C=C(C=N2)C3=C4C=CNC4=NC=N3	0.7597237078375532
NCIH1573_LUNG	C1CCC(C1)[C@@H](CC#N)N2C=C(C=N2)C3=C4C=CNC4=NC=N3	0.9234932619224485
NCIH1581_LUNG	C1CCC(C1)[C@@H](CC#N)N2C=C(C=N2)C3=C4C=CNC4=NC=N3	0.7905760839034185
NCIH1623_LUNG	C1CCC(C1)[C@@H](CC#N)N2C=C(C=N2)C3=C4C=CNC4=NC=N3	0.8934319709709349
NCIH1666_LUNG	C1CCC(C1)[C@@H](CC#N)N2C=C(C=N2)C3=C4C=CNC4=NC=N3	0.8563752283475395
NCIH1688_LUNG	C1CCC(C1)[C@@H](CC#N)N2C=C(C=N2)C3=C4C=CNC4=NC=N3	0.925034254340974
NCIH1703_LUNG	C1CCC(C1)[C@@H](CC#N)N2C=C(C=N2)C3=C4C=CNC4=NC=N3	0.8106746222471244
NCIH1734_LUNG	C1CCC(C1)[C@@H](CC#N)N2C=C(C=N2)C3=C4C=CNC4=NC=N3	0.7562493715954038
NCIH1781_LUNG	C1CCC(C1)[C@@H](CC#N)N2C=C(C=N2)C3=C4C=CNC4=NC=N3	1.133160751224751
NCIH1792_LUNG	C1CCC(C1)[C@@H](CC#N)N2C=C(C=N2)C3=C4C=CNC4=NC=N3	0.8063748899387043
NCIH1793_LUNG	C1CCC(C1)[C@@H](CC#N)N2C=C(C=N2)C3=C4C=CNC4=NC=N3	0.9898901686761032
NCIH1838_LUNG	C1CCC(C1)[C@@H](CC#N)N2C=C(C=N2)C3=C4C=CNC4=NC=N3	0.7988261254503355
NCIH1876_LUNG	C1CCC(C1)[C@@H](CC#N)N2C=C(C=N2)C3=C4C=CNC4=NC=N3	0.9030858434709068
NCIH1915_LUNG	C1CCC(C1)[C@@H](CC#N)N2C=C(C=N2)C3=C4C=CNC4=NC=N3	0.8641815783929369
NCIH1944_LUNG	C1CCC(C1)[C@@H](CC#N)N2C=C(C=N2)C3=C4C=CNC4=NC=N3	0.7472595048320443
NCIH1993_LUNG	C1CCC(C1)[C@@H](CC#N)N2C=C(C=N2)C3=C4C=CNC4=NC=N3	0.9794786848432143
NCIH2009_LUNG	C1CCC(C1)[C@@H](CC#N)N2C=C(C=N2)C3=C4C=CNC4=NC=N3	0.7643411944498559
NCIH2023_LUNG	C1CCC(C1)[C@@H](CC#N)N2C=C(C=N2)C3=C4C=CNC4=NC=N3	0.9096743794263388
NCIH2029_LUNG	C1CCC(C1)[C@@H](CC#N)N2C=C(C=N2)C3=C4C=CNC4=NC=N3	0.9686203693527361
NCIH2030_LUNG	C1CCC(C1)[C@@H](CC#N)N2C=C(C=N2)C3=C4C=CNC4=NC=N3	0.7703873844077305
NCIH2081_LUNG	C1CCC(C1)[C@@H](CC#N)N2C=C(C=N2)C3=C4C=CNC4=NC=N3	0.9917722207236721
NCIH2085_LUNG	C1CCC(C1)[C@@H](CC#N)N2C=C(C=N2)C3=C4C=CNC4=NC=N3	0.9495512685652945
NCIH2087_LUNG	C1CCC(C1)[C@@H](CC#N)N2C=C(C=N2)C3=C4C=CNC4=NC=N3	0.7997678642181354
NCIH209_LUNG	C1CCC(C1)[C@@H](CC#N)N2C=C(C=N2)C3=C4C=CNC4=NC=N3	0.974568285674988
NCIH2106_LUNG	C1CCC(C1)[C@@H](CC#N)N2C=C(C=N2)C3=C4C=CNC4=NC=N3	0.8250246062759476
NCIH2110_LUNG	C1CCC(C1)[C@@H](CC#N)N2C=C(C=N2)C3=C4C=CNC4=NC=N3	0.7698631856858824
NCIH211_LUNG	C1CCC(C1)[C@@H](CC#N)N2C=C(C=N2)C3=C4C=CNC4=NC=N3	0.7244386762622304
NCIH2122_LUNG	C1CCC(C1)[C@@H](CC#N)N2C=C(C=N2)C3=C4C=CNC4=NC=N3	0.7980597212883267
NCIH2126_LUNG	C1CCC(C1)[C@@H](CC#N)N2C=C(C=N2)C3=C4C=CNC4=NC=N3	0.8080246423376465
NCIH2135_LUNG	C1CCC(C1)[C@@H](CC#N)N2C=C(C=N2)C3=C4C=CNC4=NC=N3	0.9517336293238662
NCIH2141_LUNG	C1CCC(C1)[C@@H](CC#N)N2C=C(C=N2)C3=C4C=CNC4=NC=N3	0.8866812165744308
NCIH2170_LUNG	C1CCC(C1)[C@@H](CC#N)N2C=C(C=N2)C3=C4C=CNC4=NC=N3	0.8815049165336513
NCIH2172_LUNG	C1CCC(C1)[C@@H](CC#N)N2C=C(C=N2)C3=C4C=CNC4=NC=N3	0.8525252615345598
NCIH2196_LUNG	C1CCC(C1)[C@@H](CC#N)N2C=C(C=N2)C3=C4C=CNC4=NC=N3	0.9969643288318071
NCIH2227_LUNG	C1CCC(C1)[C@@H](CC#N)N2C=C(C=N2)C3=C4C=CNC4=NC=N3	0.9059311287103904
NCIH226_LUNG	C1CCC(C1)[C@@H](CC#N)N2C=C(C=N2)C3=C4C=CNC4=NC=N3	0.8736162620133796
NCIH2286_LUNG	C1CCC(C1)[C@@H](CC#N)N2C=C(C=N2)C3=C4C=CNC4=NC=N3	0.6689091645958968
NCIH2291_LUNG	C1CCC(C1)[C@@H](CC#N)N2C=C(C=N2)C3=C4C=CNC4=NC=N3	0.973068267093579
NCIH2342_LUNG	C1CCC(C1)[C@@H](CC#N)N2C=C(C=N2)C3=C4C=CNC4=NC=N3	0.9718247372935849
NCIH2373_PLEURA	C1CCC(C1)[C@@H](CC#N)N2C=C(C=N2)C3=C4C=CNC4=NC=N3	0.9331506247908268
NCIH23_LUNG	C1CCC(C1)[C@@H](CC#N)N2C=C(C=N2)C3=C4C=CNC4=NC=N3	0.8420777045755322
NCIH2405_LUNG	C1CCC(C1)[C@@H](CC#N)N2C=C(C=N2)C3=C4C=CNC4=NC=N3	0.8464116958696525
NCIH2452_PLEURA	C1CCC(C1)[C@@H](CC#N)N2C=C(C=N2)C3=C4C=CNC4=NC=N3	0.7179119137811334
NCIH2461_PLEURA	C1CCC(C1)[C@@H](CC#N)N2C=C(C=N2)C3=C4C=CNC4=NC=N3	0.9884223498882792
NCIH250_LUNG	C1CCC(C1)[C@@H](CC#N)N2C=C(C=N2)C3=C4C=CNC4=NC=N3	0.899537179373555
NCIH2595_PLEURA	C1CCC(C1)[C@@H](CC#N)N2C=C(C=N2)C3=C4C=CNC4=NC=N3	0.8862094336757447
NCIH2722_PLEURA	C1CCC(C1)[C@@H](CC#N)N2C=C(C=N2)C3=C4C=CNC4=NC=N3	0.8871263632016162
NCIH2731_PLEURA	C1CCC(C1)[C@@H](CC#N)N2C=C(C=N2)C3=C4C=CNC4=NC=N3	0.9217289541351916
NCIH2804_PLEURA	C1CCC(C1)[C@@H](CC#N)N2C=C(C=N2)C3=C4C=CNC4=NC=N3	1.027332654616576
NCIH2810_PLEURA	C1CCC(C1)[C@@H](CC#N)N2C=C(C=N2)C3=C4C=CNC4=NC=N3	0.8507587555756765
NCIH2818_PLEURA	C1CCC(C1)[C@@H](CC#N)N2C=C(C=N2)C3=C4C=CNC4=NC=N3	0.9535614329863262
NCIH2869_PLEURA	C1CCC(C1)[C@@H](CC#N)N2C=C(C=N2)C3=C4C=CNC4=NC=N3	0.8322622887284653
NCIH28_PLEURA	C1CCC(C1)[C@@H](CC#N)N2C=C(C=N2)C3=C4C=CNC4=NC=N3	0.7378267154743043
NCIH292_LUNG	C1CCC(C1)[C@@H](CC#N)N2C=C(C=N2)C3=C4C=CNC4=NC=N3	0.7368747884933082
NCIH3122_LUNG	C1CCC(C1)[C@@H](CC#N)N2C=C(C=N2)C3=C4C=CNC4=NC=N3	0.8753750250484107
NCIH322_LUNG	C1CCC(C1)[C@@H](CC#N)N2C=C(C=N2)C3=C4C=CNC4=NC=N3	0.8157506319130882
NCIH3255_LUNG	C1CCC(C1)[C@@H](CC#N)N2C=C(C=N2)C3=C4C=CNC4=NC=N3	0.9397062148073192
NCIH345_LUNG	C1CCC(C1)[C@@H](CC#N)N2C=C(C=N2)C3=C4C=CNC4=NC=N3	0.9951239704421896
NCIH358_LUNG	C1CCC(C1)[C@@H](CC#N)N2C=C(C=N2)C3=C4C=CNC4=NC=N3	0.7327640279480411
NCIH441_LUNG	C1CCC(C1)[C@@H](CC#N)N2C=C(C=N2)C3=C4C=CNC4=NC=N3	0.9064986814732651
NCIH446_LUNG	C1CCC(C1)[C@@H](CC#N)N2C=C(C=N2)C3=C4C=CNC4=NC=N3	0.8704165350053742
NCIH460_LUNG	C1CCC(C1)[C@@H](CC#N)N2C=C(C=N2)C3=C4C=CNC4=NC=N3	0.9064732661878887
NCIH520_LUNG	C1CCC(C1)[C@@H](CC#N)N2C=C(C=N2)C3=C4C=CNC4=NC=N3	0.8825498007578189
NCIH522_LUNG	C1CCC(C1)[C@@H](CC#N)N2C=C(C=N2)C3=C4C=CNC4=NC=N3	0.8727648859900924
NCIH524_LUNG	C1CCC(C1)[C@@H](CC#N)N2C=C(C=N2)C3=C4C=CNC4=NC=N3	0.9023122305187703
NCIH526_LUNG	C1CCC(C1)[C@@H](CC#N)N2C=C(C=N2)C3=C4C=CNC4=NC=N3	0.8412395517756309
NCIH596_LUNG	C1CCC(C1)[C@@H](CC#N)N2C=C(C=N2)C3=C4C=CNC4=NC=N3	0.9449319242882965
NCIH647_LUNG	C1CCC(C1)[C@@H](CC#N)N2C=C(C=N2)C3=C4C=CNC4=NC=N3	0.6983701257479326
NCIH650_LUNG	C1CCC(C1)[C@@H](CC#N)N2C=C(C=N2)C3=C4C=CNC4=NC=N3	0.8529300104650721
NCIH661_LUNG	C1CCC(C1)[C@@H](CC#N)N2C=C(C=N2)C3=C4C=CNC4=NC=N3	0.8783748765299028
NCIH69_LUNG	C1CCC(C1)[C@@H](CC#N)N2C=C(C=N2)C3=C4C=CNC4=NC=N3	0.8731435896854194
NCIH716_LARGE_INTESTINE	C1CCC(C1)[C@@H](CC#N)N2C=C(C=N2)C3=C4C=CNC4=NC=N3	0.6614806379476689
NCIH720_LUNG	C1CCC(C1)[C@@H](CC#N)N2C=C(C=N2)C3=C4C=CNC4=NC=N3	0.9128126935093159
NCIH810_LUNG	C1CCC(C1)[C@@H](CC#N)N2C=C(C=N2)C3=C4C=CNC4=NC=N3	0.9756223881857305
NCIH82_LUNG	C1CCC(C1)[C@@H](CC#N)N2C=C(C=N2)C3=C4C=CNC4=NC=N3	0.8472084304768581
NCIH841_LUNG	C1CCC(C1)[C@@H](CC#N)N2C=C(C=N2)C3=C4C=CNC4=NC=N3	0.8979293249419836
NCIH847_LUNG	C1CCC(C1)[C@@H](CC#N)N2C=C(C=N2)C3=C4C=CNC4=NC=N3	0.811472684764504
NCIH889_LUNG	C1CCC(C1)[C@@H](CC#N)N2C=C(C=N2)C3=C4C=CNC4=NC=N3	0.8832987770083942
NCIN87_STOMACH	C1CCC(C1)[C@@H](CC#N)N2C=C(C=N2)C3=C4C=CNC4=NC=N3	0.8937261492085953
NCO2_HAEMATOPOIETIC_AND_LYMPHOID_TISSUE	C1CCC(C1)[C@@H](CC#N)N2C=C(C=N2)C3=C4C=CNC4=NC=N3	0.4713543699051485
NH6_AUTONOMIC_GANGLIA	C1CCC(C1)[C@@H](CC#N)N2C=C(C=N2)C3=C4C=CNC4=NC=N3	0.6905489246643838
NIHOVCAR3_OVARY	C1CCC(C1)[C@@H](CC#N)N2C=C(C=N2)C3=C4C=CNC4=NC=N3	0.9344724670458044
NKM1_HAEMATOPOIETIC_AND_LYMPHOID_TISSUE	C1CCC(C1)[C@@H](CC#N)N2C=C(C=N2)C3=C4C=CNC4=NC=N3	0.9791829710475918
NO10_CENTRAL_NERVOUS_SYSTEM	C1CCC(C1)[C@@H](CC#N)N2C=C(C=N2)C3=C4C=CNC4=NC=N3	0.9594127325614372
NO11_CENTRAL_NERVOUS_SYSTEM	C1CCC(C1)[C@@H](CC#N)N2C=C(C=N2)C3=C4C=CNC4=NC=N3	0.8710962830009805
NOMO1_HAEMATOPOIETIC_AND_LYMPHOID_TISSUE	C1CCC(C1)[C@@H](CC#N)N2C=C(C=N2)C3=C4C=CNC4=NC=N3	0.849436934354503
NTERA2CLD1_TESTIS	C1CCC(C1)[C@@H](CC#N)N2C=C(C=N2)C3=C4C=CNC4=NC=N3	0.9571121094623942
NUDHL1_HAEMATOPOIETIC_AND_LYMPHOID_TISSUE	C1CCC(C1)[C@@H](CC#N)N2C=C(C=N2)C3=C4C=CNC4=NC=N3	0.631685071290039
NUDUL1_HAEMATOPOIETIC_AND_LYMPHOID_TISSUE	C1CCC(C1)[C@@H](CC#N)N2C=C(C=N2)C3=C4C=CNC4=NC=N3	0.7468253202161392
NUGC3_STOMACH	C1CCC(C1)[C@@H](CC#N)N2C=C(C=N2)C3=C4C=CNC4=NC=N3	0.8409464974183647
NUGC4_STOMACH	C1CCC(C1)[C@@H](CC#N)N2C=C(C=N2)C3=C4C=CNC4=NC=N3	0.9000722403061733
OACM51_OESOPHAGUS	C1CCC(C1)[C@@H](CC#N)N2C=C(C=N2)C3=C4C=CNC4=NC=N3	0.954370886926334
OACP4C_OESOPHAGUS	C1CCC(C1)[C@@H](CC#N)N2C=C(C=N2)C3=C4C=CNC4=NC=N3	0.924630320842801
OAW28_OVARY	C1CCC(C1)[C@@H](CC#N)N2C=C(C=N2)C3=C4C=CNC4=NC=N3	0.9986046751394254
OAW42_OVARY	C1CCC(C1)[C@@H](CC#N)N2C=C(C=N2)C3=C4C=CNC4=NC=N3	0.9056486233745199
OC314_OVARY	C1CCC(C1)[C@@H](CC#N)N2C=C(C=N2)C3=C4C=CNC4=NC=N3	0.9703322287369444
OCIAML2_HAEMATOPOIETIC_AND_LYMPHOID_TISSUE	C1CCC(C1)[C@@H](CC#N)N2C=C(C=N2)C3=C4C=CNC4=NC=N3	0.7457731136720485
OCIAML3_HAEMATOPOIETIC_AND_LYMPHOID_TISSUE	C1CCC(C1)[C@@H](CC#N)N2C=C(C=N2)C3=C4C=CNC4=NC=N3	0.8176818320172096
OCIAML5_HAEMATOPOIETIC_AND_LYMPHOID_TISSUE	C1CCC(C1)[C@@H](CC#N)N2C=C(C=N2)C3=C4C=CNC4=NC=N3	0.6092815881066072
OCILY3_HAEMATOPOIETIC_AND_LYMPHOID_TISSUE	C1CCC(C1)[C@@H](CC#N)N2C=C(C=N2)C3=C4C=CNC4=NC=N3	0.649975850783357
OCUBM_BREAST	C1CCC(C1)[C@@H](CC#N)N2C=C(C=N2)C3=C4C=CNC4=NC=N3	0.9481073317370282
OE19_OESOPHAGUS	C1CCC(C1)[C@@H](CC#N)N2C=C(C=N2)C3=C4C=CNC4=NC=N3	0.8528613921483031
OE21_OESOPHAGUS	C1CCC(C1)[C@@H](CC#N)N2C=C(C=N2)C3=C4C=CNC4=NC=N3	0.8322382793334923
OMC1_CERVIX	C1CCC(C1)[C@@H](CC#N)N2C=C(C=N2)C3=C4C=CNC4=NC=N3	0.909054165080686
ONS76_CENTRAL_NERVOUS_SYSTEM	C1CCC(C1)[C@@H](CC#N)N2C=C(C=N2)C3=C4C=CNC4=NC=N3	0.9044350525902402
OPM2_HAEMATOPOIETIC_AND_LYMPHOID_TISSUE	C1CCC(C1)[C@@H](CC#N)N2C=C(C=N2)C3=C4C=CNC4=NC=N3	0.7885012729717515
OSC20_UPPER_AERODIGESTIVE_TRACT	C1CCC(C1)[C@@H](CC#N)N2C=C(C=N2)C3=C4C=CNC4=NC=N3	0.953856378482105
OV56_OVARY	C1CCC(C1)[C@@H](CC#N)N2C=C(C=N2)C3=C4C=CNC4=NC=N3	0.9570042518750481
OV7_OVARY	C1CCC(C1)[C@@H](CC#N)N2C=C(C=N2)C3=C4C=CNC4=NC=N3	0.7273583663898904
OV90_OVARY	C1CCC(C1)[C@@H](CC#N)N2C=C(C=N2)C3=C4C=CNC4=NC=N3	0.8844409948524649
OVCAR4_OVARY	C1CCC(C1)[C@@H](CC#N)N2C=C(C=N2)C3=C4C=CNC4=NC=N3	0.8817726244180334
OVCAR8_OVARY	C1CCC(C1)[C@@H](CC#N)N2C=C(C=N2)C3=C4C=CNC4=NC=N3	0.9013950660577271
OVKATE_OVARY	C1CCC(C1)[C@@H](CC#N)N2C=C(C=N2)C3=C4C=CNC4=NC=N3	0.9850556124711932
OVMIU_OVARY	C1CCC(C1)[C@@H](CC#N)N2C=C(C=N2)C3=C4C=CNC4=NC=N3	0.9371923296710745
OVSAHO_OVARY	C1CCC(C1)[C@@H](CC#N)N2C=C(C=N2)C3=C4C=CNC4=NC=N3	0.867217649777266
P12ICHIKAWA_HAEMATOPOIETIC_AND_LYMPHOID_TISSUE	C1CCC(C1)[C@@H](CC#N)N2C=C(C=N2)C3=C4C=CNC4=NC=N3	0.7622234112956932
P32ISH_HAEMATOPOIETIC_AND_LYMPHOID_TISSUE	C1CCC(C1)[C@@H](CC#N)N2C=C(C=N2)C3=C4C=CNC4=NC=N3	0.932306440636514
PANC0203_PANCREAS	C1CCC(C1)[C@@H](CC#N)N2C=C(C=N2)C3=C4C=CNC4=NC=N3	0.9855398943472133
PANC0327_PANCREAS	C1CCC(C1)[C@@H](CC#N)N2C=C(C=N2)C3=C4C=CNC4=NC=N3	0.8153115729549859
PANC0813_PANCREAS	C1CCC(C1)[C@@H](CC#N)N2C=C(C=N2)C3=C4C=CNC4=NC=N3	0.9344307095112937
PANC1005_PANCREAS	C1CCC(C1)[C@@H](CC#N)N2C=C(C=N2)C3=C4C=CNC4=NC=N3	0.9646892387479383
PATU8902_PANCREAS	C1CCC(C1)[C@@H](CC#N)N2C=C(C=N2)C3=C4C=CNC4=NC=N3	0.942349306827612
PATU8988S_PANCREAS	C1CCC(C1)[C@@H](CC#N)N2C=C(C=N2)C3=C4C=CNC4=NC=N3	0.8292805175156823
PATU8988T_PANCREAS	C1CCC(C1)[C@@H](CC#N)N2C=C(C=N2)C3=C4C=CNC4=NC=N3	0.9364147682131323
PCI30_UPPER_AERODIGESTIVE_TRACT	C1CCC(C1)[C@@H](CC#N)N2C=C(C=N2)C3=C4C=CNC4=NC=N3	1.0611554247566608
PCI38_UPPER_AERODIGESTIVE_TRACT	C1CCC(C1)[C@@H](CC#N)N2C=C(C=N2)C3=C4C=CNC4=NC=N3	0.9675793883364026
PCI4B_UPPER_AERODIGESTIVE_TRACT	C1CCC(C1)[C@@H](CC#N)N2C=C(C=N2)C3=C4C=CNC4=NC=N3	0.8966196122912969
PCI6A_UPPER_AERODIGESTIVE_TRACT	C1CCC(C1)[C@@H](CC#N)N2C=C(C=N2)C3=C4C=CNC4=NC=N3	0.9379741281043928
PECAPJ15_UPPER_AERODIGESTIVE_TRACT	C1CCC(C1)[C@@H](CC#N)N2C=C(C=N2)C3=C4C=CNC4=NC=N3	0.8550693494299894
PECAPJ41CLONED2_UPPER_AERODIGESTIVE_TRACT	C1CCC(C1)[C@@H](CC#N)N2C=C(C=N2)C3=C4C=CNC4=NC=N3	0.7944263603442528
PEER_HAEMATOPOIETIC_AND_LYMPHOID_TISSUE	C1CCC(C1)[C@@H](CC#N)N2C=C(C=N2)C3=C4C=CNC4=NC=N3	0.4840068827843267
PEO1_OVARY	C1CCC(C1)[C@@H](CC#N)N2C=C(C=N2)C3=C4C=CNC4=NC=N3	0.940784968935172
PF382_HAEMATOPOIETIC_AND_LYMPHOID_TISSUE	C1CCC(C1)[C@@H](CC#N)N2C=C(C=N2)C3=C4C=CNC4=NC=N3	0.8042917126381949
PFEIFFER_HAEMATOPOIETIC_AND_LYMPHOID_TISSUE	C1CCC(C1)[C@@H](CC#N)N2C=C(C=N2)C3=C4C=CNC4=NC=N3	0.2999497809782114
PFSK1_CENTRAL_NERVOUS_SYSTEM	C1CCC(C1)[C@@H](CC#N)N2C=C(C=N2)C3=C4C=CNC4=NC=N3	0.9340050146094124
PK1_PANCREAS	C1CCC(C1)[C@@H](CC#N)N2C=C(C=N2)C3=C4C=CNC4=NC=N3	0.7566864867117186
PK59_PANCREAS	C1CCC(C1)[C@@H](CC#N)N2C=C(C=N2)C3=C4C=CNC4=NC=N3	0.6845007863874663
PL18_PANCREAS	C1CCC(C1)[C@@H](CC#N)N2C=C(C=N2)C3=C4C=CNC4=NC=N3	0.9754794969695497
PL21_HAEMATOPOIETIC_AND_LYMPHOID_TISSUE	C1CCC(C1)[C@@H](CC#N)N2C=C(C=N2)C3=C4C=CNC4=NC=N3	0.7253404279869275
PL4_PANCREAS	C1CCC(C1)[C@@H](CC#N)N2C=C(C=N2)C3=C4C=CNC4=NC=N3	0.916295117838569
PSN1_PANCREAS	C1CCC(C1)[C@@H](CC#N)N2C=C(C=N2)C3=C4C=CNC4=NC=N3	0.8686858121434975
PWR1E_PROSTATE	C1CCC(C1)[C@@H](CC#N)N2C=C(C=N2)C3=C4C=CNC4=NC=N3	0.920306450016976
QGP1_PANCREAS	C1CCC(C1)[C@@H](CC#N)N2C=C(C=N2)C3=C4C=CNC4=NC=N3	1.0973014750454928
RAJI_HAEMATOPOIETIC_AND_LYMPHOID_TISSUE	C1CCC(C1)[C@@H](CC#N)N2C=C(C=N2)C3=C4C=CNC4=NC=N3	0.91523149895455
RAMOS2G64C10_HAEMATOPOIETIC_AND_LYMPHOID_TISSUE	C1CCC(C1)[C@@H](CC#N)N2C=C(C=N2)C3=C4C=CNC4=NC=N3	0.9518560385451988
RCC10RGB_KIDNEY	C1CCC(C1)[C@@H](CC#N)N2C=C(C=N2)C3=C4C=CNC4=NC=N3	0.9901985773840583
RCCJW_KIDNEY	C1CCC(C1)[C@@H](CC#N)N2C=C(C=N2)C3=C4C=CNC4=NC=N3	0.8698322377546737
RCHACV_HAEMATOPOIETIC_AND_LYMPHOID_TISSUE	C1CCC(C1)[C@@H](CC#N)N2C=C(C=N2)C3=C4C=CNC4=NC=N3	0.6909208063123123
RCK8_HAEMATOPOIETIC_AND_LYMPHOID_TISSUE	C1CCC(C1)[C@@H](CC#N)N2C=C(C=N2)C3=C4C=CNC4=NC=N3	0.9874524976743327
RCM1_LARGE_INTESTINE	C1CCC(C1)[C@@H](CC#N)N2C=C(C=N2)C3=C4C=CNC4=NC=N3	0.9108684203459542
RD_SOFT_TISSUE	C1CCC(C1)[C@@H](CC#N)N2C=C(C=N2)C3=C4C=CNC4=NC=N3	0.9736841868300917
REH_HAEMATOPOIETIC_AND_LYMPHOID_TISSUE	C1CCC(C1)[C@@H](CC#N)N2C=C(C=N2)C3=C4C=CNC4=NC=N3	0.8979060260270141
RERFGC1B_STOMACH	C1CCC(C1)[C@@H](CC#N)N2C=C(C=N2)C3=C4C=CNC4=NC=N3	0.8400292865816364
RERFLCAD2_LUNG	C1CCC(C1)[C@@H](CC#N)N2C=C(C=N2)C3=C4C=CNC4=NC=N3	0.8997717142943724
RERFLCMS_LUNG	C1CCC(C1)[C@@H](CC#N)N2C=C(C=N2)C3=C4C=CNC4=NC=N3	0.5653328211460953
RH18_SOFT_TISSUE	C1CCC(C1)[C@@H](CC#N)N2C=C(C=N2)C3=C4C=CNC4=NC=N3	0.8853083119923558
RH30_SOFT_TISSUE	C1CCC(C1)[C@@H](CC#N)N2C=C(C=N2)C3=C4C=CNC4=NC=N3	0.6042006368374798
RI1_HAEMATOPOIETIC_AND_LYMPHOID_TISSUE	C1CCC(C1)[C@@H](CC#N)N2C=C(C=N2)C3=C4C=CNC4=NC=N3	0.5625373371920361
RKN_SOFT_TISSUE	C1CCC(C1)[C@@H](CC#N)N2C=C(C=N2)C3=C4C=CNC4=NC=N3	0.92237911545298
RKO_LARGE_INTESTINE	C1CCC(C1)[C@@H](CC#N)N2C=C(C=N2)C3=C4C=CNC4=NC=N3	0.8851716621459876
RL952_ENDOMETRIUM	C1CCC(C1)[C@@H](CC#N)N2C=C(C=N2)C3=C4C=CNC4=NC=N3	0.6479421446062668
RL_HAEMATOPOIETIC_AND_LYMPHOID_TISSUE	C1CCC(C1)[C@@H](CC#N)N2C=C(C=N2)C3=C4C=CNC4=NC=N3	0.9356085853102383
RMGI_OVARY	C1CCC(C1)[C@@H](CC#N)N2C=C(C=N2)C3=C4C=CNC4=NC=N3	0.9122454598312527
RPMI2650_UPPER_AERODIGESTIVE_TRACT	C1CCC(C1)[C@@H](CC#N)N2C=C(C=N2)C3=C4C=CNC4=NC=N3	0.9566785067866576
RPMI6666_HAEMATOPOIETIC_AND_LYMPHOID_TISSUE	C1CCC(C1)[C@@H](CC#N)N2C=C(C=N2)C3=C4C=CNC4=NC=N3	0.7962762660381951
RPMI7951_SKIN	C1CCC(C1)[C@@H](CC#N)N2C=C(C=N2)C3=C4C=CNC4=NC=N3	0.7800852519178815
RPMI8402_HAEMATOPOIETIC_AND_LYMPHOID_TISSUE	C1CCC(C1)[C@@H](CC#N)N2C=C(C=N2)C3=C4C=CNC4=NC=N3	0.7989789607485082
RPMI8866_HAEMATOPOIETIC_AND_LYMPHOID_TISSUE	C1CCC(C1)[C@@H](CC#N)N2C=C(C=N2)C3=C4C=CNC4=NC=N3	0.9449241307952988
RS411_HAEMATOPOIETIC_AND_LYMPHOID_TISSUE	C1CCC(C1)[C@@H](CC#N)N2C=C(C=N2)C3=C4C=CNC4=NC=N3	0.8268560381321671
RT112_URINARY_TRACT	C1CCC(C1)[C@@H](CC#N)N2C=C(C=N2)C3=C4C=CNC4=NC=N3	0.7066182137038514
RT4_URINARY_TRACT	C1CCC(C1)[C@@H](CC#N)N2C=C(C=N2)C3=C4C=CNC4=NC=N3	0.7975653474913317
RVH421_SKIN	C1CCC(C1)[C@@H](CC#N)N2C=C(C=N2)C3=C4C=CNC4=NC=N3	0.8443785124728478
RXF393_KIDNEY	C1CCC(C1)[C@@H](CC#N)N2C=C(C=N2)C3=C4C=CNC4=NC=N3	0.9312476132545416
SAOS2_BONE	C1CCC(C1)[C@@H](CC#N)N2C=C(C=N2)C3=C4C=CNC4=NC=N3	0.9807049843631265
SAT_UPPER_AERODIGESTIVE_TRACT	C1CCC(C1)[C@@H](CC#N)N2C=C(C=N2)C3=C4C=CNC4=NC=N3	0.8078401673702186
SBC5_LUNG	C1CCC(C1)[C@@H](CC#N)N2C=C(C=N2)C3=C4C=CNC4=NC=N3	0.9703259418497702
SCABER_URINARY_TRACT	C1CCC(C1)[C@@H](CC#N)N2C=C(C=N2)C3=C4C=CNC4=NC=N3	0.7139922090063335
SCC15_UPPER_AERODIGESTIVE_TRACT	C1CCC(C1)[C@@H](CC#N)N2C=C(C=N2)C3=C4C=CNC4=NC=N3	0.9034447547889484
SCC4_UPPER_AERODIGESTIVE_TRACT	C1CCC(C1)[C@@H](CC#N)N2C=C(C=N2)C3=C4C=CNC4=NC=N3	0.8604086766648629
SCC9_UPPER_AERODIGESTIVE_TRACT	C1CCC(C1)[C@@H](CC#N)N2C=C(C=N2)C3=C4C=CNC4=NC=N3	0.7857209732569055
SEM_HAEMATOPOIETIC_AND_LYMPHOID_TISSUE	C1CCC(C1)[C@@H](CC#N)N2C=C(C=N2)C3=C4C=CNC4=NC=N3	0.8068503575865935
SF126_CENTRAL_NERVOUS_SYSTEM	C1CCC(C1)[C@@H](CC#N)N2C=C(C=N2)C3=C4C=CNC4=NC=N3	0.8875433683126591
SF268_CENTRAL_NERVOUS_SYSTEM	C1CCC(C1)[C@@H](CC#N)N2C=C(C=N2)C3=C4C=CNC4=NC=N3	0.8557442037009695
SF295_CENTRAL_NERVOUS_SYSTEM	C1CCC(C1)[C@@H](CC#N)N2C=C(C=N2)C3=C4C=CNC4=NC=N3	0.8929928615868779
SF539_CENTRAL_NERVOUS_SYSTEM	C1CCC(C1)[C@@H](CC#N)N2C=C(C=N2)C3=C4C=CNC4=NC=N3	0.8391243367931377
SH4_SKIN	C1CCC(C1)[C@@H](CC#N)N2C=C(C=N2)C3=C4C=CNC4=NC=N3	0.8933041992714079
SIGM5_HAEMATOPOIETIC_AND_LYMPHOID_TISSUE	C1CCC(C1)[C@@H](CC#N)N2C=C(C=N2)C3=C4C=CNC4=NC=N3	0.7921034624193433
SIHA_CERVIX	C1CCC(C1)[C@@H](CC#N)N2C=C(C=N2)C3=C4C=CNC4=NC=N3	0.9399933973437524
SISO_CERVIX	C1CCC(C1)[C@@H](CC#N)N2C=C(C=N2)C3=C4C=CNC4=NC=N3	0.9784541170908276
SJSA1_BONE	C1CCC(C1)[C@@H](CC#N)N2C=C(C=N2)C3=C4C=CNC4=NC=N3	0.7848747721114566
SKES1_BONE	C1CCC(C1)[C@@H](CC#N)N2C=C(C=N2)C3=C4C=CNC4=NC=N3	0.8239043298308051
SKGIIIA_CERVIX	C1CCC(C1)[C@@H](CC#N)N2C=C(C=N2)C3=C4C=CNC4=NC=N3	0.8812309447020965
SKGT2_STOMACH	C1CCC(C1)[C@@H](CC#N)N2C=C(C=N2)C3=C4C=CNC4=NC=N3	0.9190819427069638
SKGT4_OESOPHAGUS	C1CCC(C1)[C@@H](CC#N)N2C=C(C=N2)C3=C4C=CNC4=NC=N3	0.8447008473091793
SKHEP1_LIVER	C1CCC(C1)[C@@H](CC#N)N2C=C(C=N2)C3=C4C=CNC4=NC=N3	0.8748306594546091
SKLMS1_SOFT_TISSUE	C1CCC(C1)[C@@H](CC#N)N2C=C(C=N2)C3=C4C=CNC4=NC=N3	0.8890112966353717
SKLU1_LUNG	C1CCC(C1)[C@@H](CC#N)N2C=C(C=N2)C3=C4C=CNC4=NC=N3	0.9187103973379463
SKM1_HAEMATOPOIETIC_AND_LYMPHOID_TISSUE	C1CCC(C1)[C@@H](CC#N)N2C=C(C=N2)C3=C4C=CNC4=NC=N3	0.7337776712290335
SKMEL1_SKIN	C1CCC(C1)[C@@H](CC#N)N2C=C(C=N2)C3=C4C=CNC4=NC=N3	0.9640112319036598
SKMEL24_SKIN	C1CCC(C1)[C@@H](CC#N)N2C=C(C=N2)C3=C4C=CNC4=NC=N3	0.9871860314092626
SKMEL28_SKIN	C1CCC(C1)[C@@H](CC#N)N2C=C(C=N2)C3=C4C=CNC4=NC=N3	0.996169626124375
SKMEL2_SKIN	C1CCC(C1)[C@@H](CC#N)N2C=C(C=N2)C3=C4C=CNC4=NC=N3	1.024235153540926
SKMEL31_SKIN	C1CCC(C1)[C@@H](CC#N)N2C=C(C=N2)C3=C4C=CNC4=NC=N3	1.028722389011788
SKMEL3_SKIN	C1CCC(C1)[C@@H](CC#N)N2C=C(C=N2)C3=C4C=CNC4=NC=N3	1.0056296133994187
SKMEL5_SKIN	C1CCC(C1)[C@@H](CC#N)N2C=C(C=N2)C3=C4C=CNC4=NC=N3	0.9397351941727136
SKMES1_LUNG	C1CCC(C1)[C@@H](CC#N)N2C=C(C=N2)C3=C4C=CNC4=NC=N3	0.8907264422522742
SKMM2_HAEMATOPOIETIC_AND_LYMPHOID_TISSUE	C1CCC(C1)[C@@H](CC#N)N2C=C(C=N2)C3=C4C=CNC4=NC=N3	0.8794439471321671
SKN3_UPPER_AERODIGESTIVE_TRACT	C1CCC(C1)[C@@H](CC#N)N2C=C(C=N2)C3=C4C=CNC4=NC=N3	0.9612734251640708
SKNAS_AUTONOMIC_GANGLIA	C1CCC(C1)[C@@H](CC#N)N2C=C(C=N2)C3=C4C=CNC4=NC=N3	0.8527763811136359
SKNBE2_AUTONOMIC_GANGLIA	C1CCC(C1)[C@@H](CC#N)N2C=C(C=N2)C3=C4C=CNC4=NC=N3	0.6970053562229158
SKNDZ_AUTONOMIC_GANGLIA	C1CCC(C1)[C@@H](CC#N)N2C=C(C=N2)C3=C4C=CNC4=NC=N3	0.865290844682113
SKNMC_BONE	C1CCC(C1)[C@@H](CC#N)N2C=C(C=N2)C3=C4C=CNC4=NC=N3	0.7450045858207823
SKNSH_AUTONOMIC_GANGLIA	C1CCC(C1)[C@@H](CC#N)N2C=C(C=N2)C3=C4C=CNC4=NC=N3	0.8480564473104566
SKN_ENDOMETRIUM	C1CCC(C1)[C@@H](CC#N)N2C=C(C=N2)C3=C4C=CNC4=NC=N3	0.9642529985074952
SKOV3_OVARY	C1CCC(C1)[C@@H](CC#N)N2C=C(C=N2)C3=C4C=CNC4=NC=N3	0.8749872255246197
SKPNDW_BONE	C1CCC(C1)[C@@H](CC#N)N2C=C(C=N2)C3=C4C=CNC4=NC=N3	0.8986011203525766
SKUT1_SOFT_TISSUE	C1CCC(C1)[C@@H](CC#N)N2C=C(C=N2)C3=C4C=CNC4=NC=N3	0.8960640472292183
SLVL_HAEMATOPOIETIC_AND_LYMPHOID_TISSUE	C1CCC(C1)[C@@H](CC#N)N2C=C(C=N2)C3=C4C=CNC4=NC=N3	0.8316743345312887
SNB75_CENTRAL_NERVOUS_SYSTEM	C1CCC(C1)[C@@H](CC#N)N2C=C(C=N2)C3=C4C=CNC4=NC=N3	0.9361984193599191
SNGM_ENDOMETRIUM	C1CCC(C1)[C@@H](CC#N)N2C=C(C=N2)C3=C4C=CNC4=NC=N3	0.8846464518509346
SNU1040_LARGE_INTESTINE	C1CCC(C1)[C@@H](CC#N)N2C=C(C=N2)C3=C4C=CNC4=NC=N3	1.0413213996905004
SNU1066_UPPER_AERODIGESTIVE_TRACT	C1CCC(C1)[C@@H](CC#N)N2C=C(C=N2)C3=C4C=CNC4=NC=N3	0.8174192892208854
SNU1076_UPPER_AERODIGESTIVE_TRACT	C1CCC(C1)[C@@H](CC#N)N2C=C(C=N2)C3=C4C=CNC4=NC=N3	0.7411070671080942
SNU1077_ENDOMETRIUM	C1CCC(C1)[C@@H](CC#N)N2C=C(C=N2)C3=C4C=CNC4=NC=N3	0.7822659915451983
SNU1079_BILIARY_TRACT	C1CCC(C1)[C@@H](CC#N)N2C=C(C=N2)C3=C4C=CNC4=NC=N3	0.9573912592048244
SNU1105_CENTRAL_NERVOUS_SYSTEM	C1CCC(C1)[C@@H](CC#N)N2C=C(C=N2)C3=C4C=CNC4=NC=N3	0.7932139626200794
SNU1196_BILIARY_TRACT	C1CCC(C1)[C@@H](CC#N)N2C=C(C=N2)C3=C4C=CNC4=NC=N3	0.8740578903906179
SNU119_OVARY	C1CCC(C1)[C@@H](CC#N)N2C=C(C=N2)C3=C4C=CNC4=NC=N3	0.7571631072153703
SNU1214_UPPER_AERODIGESTIVE_TRACT	C1CCC(C1)[C@@H](CC#N)N2C=C(C=N2)C3=C4C=CNC4=NC=N3	0.737150597821146
SNU1_STOMACH	C1CCC(C1)[C@@H](CC#N)N2C=C(C=N2)C3=C4C=CNC4=NC=N3	0.8297884487271374
SNU213_PANCREAS	C1CCC(C1)[C@@H](CC#N)N2C=C(C=N2)C3=C4C=CNC4=NC=N3	0.6840280857753265
SNU216_STOMACH	C1CCC(C1)[C@@H](CC#N)N2C=C(C=N2)C3=C4C=CNC4=NC=N3	0.9881824396193823
SNU308_BILIARY_TRACT	C1CCC(C1)[C@@H](CC#N)N2C=C(C=N2)C3=C4C=CNC4=NC=N3	0.7570592562653414
SNU387_LIVER	C1CCC(C1)[C@@H](CC#N)N2C=C(C=N2)C3=C4C=CNC4=NC=N3	0.8769956232325198
SNU398_LIVER	C1CCC(C1)[C@@H](CC#N)N2C=C(C=N2)C3=C4C=CNC4=NC=N3	0.7655926087496897
SNU407_LARGE_INTESTINE	C1CCC(C1)[C@@H](CC#N)N2C=C(C=N2)C3=C4C=CNC4=NC=N3	0.8171991869469133
SNU410_PANCREAS	C1CCC(C1)[C@@H](CC#N)N2C=C(C=N2)C3=C4C=CNC4=NC=N3	0.9105085915482286
SNU423_LIVER	C1CCC(C1)[C@@H](CC#N)N2C=C(C=N2)C3=C4C=CNC4=NC=N3	0.8694403583364543
SNU46_UPPER_AERODIGESTIVE_TRACT	C1CCC(C1)[C@@H](CC#N)N2C=C(C=N2)C3=C4C=CNC4=NC=N3	0.6924410907148703
SNU475_LIVER	C1CCC(C1)[C@@H](CC#N)N2C=C(C=N2)C3=C4C=CNC4=NC=N3	0.7920447255977454
SNU478_BILIARY_TRACT	C1CCC(C1)[C@@H](CC#N)N2C=C(C=N2)C3=C4C=CNC4=NC=N3	0.5361458076759903
SNU503_LARGE_INTESTINE	C1CCC(C1)[C@@H](CC#N)N2C=C(C=N2)C3=C4C=CNC4=NC=N3	0.8256176323524955
SNU5_STOMACH	C1CCC(C1)[C@@H](CC#N)N2C=C(C=N2)C3=C4C=CNC4=NC=N3	0.7425484817905037
SNU61_LARGE_INTESTINE	C1CCC(C1)[C@@H](CC#N)N2C=C(C=N2)C3=C4C=CNC4=NC=N3	0.9683370663515376
SNU620_STOMACH	C1CCC(C1)[C@@H](CC#N)N2C=C(C=N2)C3=C4C=CNC4=NC=N3	0.7144419633928301
SNU626_CENTRAL_NERVOUS_SYSTEM	C1CCC(C1)[C@@H](CC#N)N2C=C(C=N2)C3=C4C=CNC4=NC=N3	0.8537123925725021
SNU719_STOMACH	C1CCC(C1)[C@@H](CC#N)N2C=C(C=N2)C3=C4C=CNC4=NC=N3	0.6826924007545685
SNU738_CENTRAL_NERVOUS_SYSTEM	C1CCC(C1)[C@@H](CC#N)N2C=C(C=N2)C3=C4C=CNC4=NC=N3	0.6683039963332221
SNU81_LARGE_INTESTINE	C1CCC(C1)[C@@H](CC#N)N2C=C(C=N2)C3=C4C=CNC4=NC=N3	0.9998981644406304
SNU840_OVARY	C1CCC(C1)[C@@H](CC#N)N2C=C(C=N2)C3=C4C=CNC4=NC=N3	0.7350078669050577
SNU878_LIVER	C1CCC(C1)[C@@H](CC#N)N2C=C(C=N2)C3=C4C=CNC4=NC=N3	0.9515998007454995
SNU886_LIVER	C1CCC(C1)[C@@H](CC#N)N2C=C(C=N2)C3=C4C=CNC4=NC=N3	0.6450472126428074
SNU8_OVARY	C1CCC(C1)[C@@H](CC#N)N2C=C(C=N2)C3=C4C=CNC4=NC=N3	0.8412739714082245
SNUC2A_LARGE_INTESTINE	C1CCC(C1)[C@@H](CC#N)N2C=C(C=N2)C3=C4C=CNC4=NC=N3	0.6689762192793721
SNUC4_LARGE_INTESTINE	C1CCC(C1)[C@@H](CC#N)N2C=C(C=N2)C3=C4C=CNC4=NC=N3	0.8759915023940118
SNUC5_LARGE_INTESTINE	C1CCC(C1)[C@@H](CC#N)N2C=C(C=N2)C3=C4C=CNC4=NC=N3	0.7667313124893443
SQ1_LUNG	C1CCC(C1)[C@@H](CC#N)N2C=C(C=N2)C3=C4C=CNC4=NC=N3	0.763267988726931
SR786_HAEMATOPOIETIC_AND_LYMPHOID_TISSUE	C1CCC(C1)[C@@H](CC#N)N2C=C(C=N2)C3=C4C=CNC4=NC=N3	0.558536508299161
ST486_HAEMATOPOIETIC_AND_LYMPHOID_TISSUE	C1CCC(C1)[C@@H](CC#N)N2C=C(C=N2)C3=C4C=CNC4=NC=N3	0.7487359121156733
SU8686_PANCREAS	C1CCC(C1)[C@@H](CC#N)N2C=C(C=N2)C3=C4C=CNC4=NC=N3	0.9077080204715199
SUDHL16_HAEMATOPOIETIC_AND_LYMPHOID_TISSUE	C1CCC(C1)[C@@H](CC#N)N2C=C(C=N2)C3=C4C=CNC4=NC=N3	0.932105252382562
SUDHL4_HAEMATOPOIETIC_AND_LYMPHOID_TISSUE	C1CCC(C1)[C@@H](CC#N)N2C=C(C=N2)C3=C4C=CNC4=NC=N3	0.8545285928258873
SUDHL6_HAEMATOPOIETIC_AND_LYMPHOID_TISSUE	C1CCC(C1)[C@@H](CC#N)N2C=C(C=N2)C3=C4C=CNC4=NC=N3	0.6903199274979012
SUDHL8_HAEMATOPOIETIC_AND_LYMPHOID_TISSUE	C1CCC(C1)[C@@H](CC#N)N2C=C(C=N2)C3=C4C=CNC4=NC=N3	0.7943563187990965
SUIT2_PANCREAS	C1CCC(C1)[C@@H](CC#N)N2C=C(C=N2)C3=C4C=CNC4=NC=N3	0.905271566208015
SUPHD1_HAEMATOPOIETIC_AND_LYMPHOID_TISSUE	C1CCC(C1)[C@@H](CC#N)N2C=C(C=N2)C3=C4C=CNC4=NC=N3	0.4738752422560631
SUPM2_HAEMATOPOIETIC_AND_LYMPHOID_TISSUE	C1CCC(C1)[C@@H](CC#N)N2C=C(C=N2)C3=C4C=CNC4=NC=N3	0.5419713407595309
SUPT11_HAEMATOPOIETIC_AND_LYMPHOID_TISSUE	C1CCC(C1)[C@@H](CC#N)N2C=C(C=N2)C3=C4C=CNC4=NC=N3	0.9131242969483924
SUPT1_HAEMATOPOIETIC_AND_LYMPHOID_TISSUE	C1CCC(C1)[C@@H](CC#N)N2C=C(C=N2)C3=C4C=CNC4=NC=N3	0.847781909868595
SW1088_CENTRAL_NERVOUS_SYSTEM	C1CCC(C1)[C@@H](CC#N)N2C=C(C=N2)C3=C4C=CNC4=NC=N3	0.9006057175639205
SW1116_LARGE_INTESTINE	C1CCC(C1)[C@@H](CC#N)N2C=C(C=N2)C3=C4C=CNC4=NC=N3	0.9562262136568357
SW13_ADRENAL_CORTEX	C1CCC(C1)[C@@H](CC#N)N2C=C(C=N2)C3=C4C=CNC4=NC=N3	0.9460273646526098
SW1417_LARGE_INTESTINE	C1CCC(C1)[C@@H](CC#N)N2C=C(C=N2)C3=C4C=CNC4=NC=N3	1.0194866843058161
SW1463_LARGE_INTESTINE	C1CCC(C1)[C@@H](CC#N)N2C=C(C=N2)C3=C4C=CNC4=NC=N3	1.02326743741021
SW156_KIDNEY	C1CCC(C1)[C@@H](CC#N)N2C=C(C=N2)C3=C4C=CNC4=NC=N3	0.9262222926829944
SW1990_PANCREAS	C1CCC(C1)[C@@H](CC#N)N2C=C(C=N2)C3=C4C=CNC4=NC=N3	0.7539855905943642
SW48_LARGE_INTESTINE	C1CCC(C1)[C@@H](CC#N)N2C=C(C=N2)C3=C4C=CNC4=NC=N3	0.7742823850434156
SW626_LARGE_INTESTINE	C1CCC(C1)[C@@H](CC#N)N2C=C(C=N2)C3=C4C=CNC4=NC=N3	1.005459783684042
SW756_CERVIX	C1CCC(C1)[C@@H](CC#N)N2C=C(C=N2)C3=C4C=CNC4=NC=N3	0.9970650026921554
SW837_LARGE_INTESTINE	C1CCC(C1)[C@@H](CC#N)N2C=C(C=N2)C3=C4C=CNC4=NC=N3	0.9273837911943401
SW900_LUNG	C1CCC(C1)[C@@H](CC#N)N2C=C(C=N2)C3=C4C=CNC4=NC=N3	0.9559033631479363
SW948_LARGE_INTESTINE	C1CCC(C1)[C@@H](CC#N)N2C=C(C=N2)C3=C4C=CNC4=NC=N3	0.8161195663860648
SW962_VULVA	C1CCC(C1)[C@@H](CC#N)N2C=C(C=N2)C3=C4C=CNC4=NC=N3	0.9750490643524136
SW982_SOFT_TISSUE	C1CCC(C1)[C@@H](CC#N)N2C=C(C=N2)C3=C4C=CNC4=NC=N3	0.7495939711349335
SYO1_SOFT_TISSUE	C1CCC(C1)[C@@H](CC#N)N2C=C(C=N2)C3=C4C=CNC4=NC=N3	0.5903800552289462
T47D_BREAST	C1CCC(C1)[C@@H](CC#N)N2C=C(C=N2)C3=C4C=CNC4=NC=N3	0.9432169240650725
T98G_CENTRAL_NERVOUS_SYSTEM	C1CCC(C1)[C@@H](CC#N)N2C=C(C=N2)C3=C4C=CNC4=NC=N3	0.9075952273891863
TALL1_HAEMATOPOIETIC_AND_LYMPHOID_TISSUE	C1CCC(C1)[C@@H](CC#N)N2C=C(C=N2)C3=C4C=CNC4=NC=N3	0.9214913557589708
TC71_BONE	C1CCC(C1)[C@@H](CC#N)N2C=C(C=N2)C3=C4C=CNC4=NC=N3	0.8368567261632259
TCCPAN2_PANCREAS	C1CCC(C1)[C@@H](CC#N)N2C=C(C=N2)C3=C4C=CNC4=NC=N3	0.8894779781205491
TE10_OESOPHAGUS	C1CCC(C1)[C@@H](CC#N)N2C=C(C=N2)C3=C4C=CNC4=NC=N3	0.8580304487900328
TE11_OESOPHAGUS	C1CCC(C1)[C@@H](CC#N)N2C=C(C=N2)C3=C4C=CNC4=NC=N3	0.8248763396830538
TE12_OESOPHAGUS	C1CCC(C1)[C@@H](CC#N)N2C=C(C=N2)C3=C4C=CNC4=NC=N3	0.9017079759753549
TE15_OESOPHAGUS	C1CCC(C1)[C@@H](CC#N)N2C=C(C=N2)C3=C4C=CNC4=NC=N3	0.797886567388029
TE1_OESOPHAGUS	C1CCC(C1)[C@@H](CC#N)N2C=C(C=N2)C3=C4C=CNC4=NC=N3	0.9361727275856735
TE441T_SOFT_TISSUE	C1CCC(C1)[C@@H](CC#N)N2C=C(C=N2)C3=C4C=CNC4=NC=N3	0.6383199972726445
TE4_OESOPHAGUS	C1CCC(C1)[C@@H](CC#N)N2C=C(C=N2)C3=C4C=CNC4=NC=N3	0.7502548509694131
TE5_OESOPHAGUS	C1CCC(C1)[C@@H](CC#N)N2C=C(C=N2)C3=C4C=CNC4=NC=N3	0.901333414960947
TE617T_SOFT_TISSUE	C1CCC(C1)[C@@H](CC#N)N2C=C(C=N2)C3=C4C=CNC4=NC=N3	0.5675740083032819
TE6_OESOPHAGUS	C1CCC(C1)[C@@H](CC#N)N2C=C(C=N2)C3=C4C=CNC4=NC=N3	0.7904682277943715
TE8_OESOPHAGUS	C1CCC(C1)[C@@H](CC#N)N2C=C(C=N2)C3=C4C=CNC4=NC=N3	0.8133275923831359
TE9_OESOPHAGUS	C1CCC(C1)[C@@H](CC#N)N2C=C(C=N2)C3=C4C=CNC4=NC=N3	0.9089451451083908
TGBC11TKB_STOMACH	C1CCC(C1)[C@@H](CC#N)N2C=C(C=N2)C3=C4C=CNC4=NC=N3	0.8539905558754618
TGBC1TKB_BILIARY_TRACT	C1CCC(C1)[C@@H](CC#N)N2C=C(C=N2)C3=C4C=CNC4=NC=N3	0.9158665363273
TGBC24TKB_BILIARY_TRACT	C1CCC(C1)[C@@H](CC#N)N2C=C(C=N2)C3=C4C=CNC4=NC=N3	0.9051868913529367
TK10_KIDNEY	C1CCC(C1)[C@@H](CC#N)N2C=C(C=N2)C3=C4C=CNC4=NC=N3	1.0063773379742735
TK_HAEMATOPOIETIC_AND_LYMPHOID_TISSUE	C1CCC(C1)[C@@H](CC#N)N2C=C(C=N2)C3=C4C=CNC4=NC=N3	0.9800017723344576
TM31_CENTRAL_NERVOUS_SYSTEM	C1CCC(C1)[C@@H](CC#N)N2C=C(C=N2)C3=C4C=CNC4=NC=N3	0.7757116533834358
TOV112D_OVARY	C1CCC(C1)[C@@H](CC#N)N2C=C(C=N2)C3=C4C=CNC4=NC=N3	0.8458398810968036
TOV21G_OVARY	C1CCC(C1)[C@@H](CC#N)N2C=C(C=N2)C3=C4C=CNC4=NC=N3	0.9582681410575508
TT2609C02_THYROID	C1CCC(C1)[C@@H](CC#N)N2C=C(C=N2)C3=C4C=CNC4=NC=N3	0.8124138182440763
TTC709_SOFT_TISSUE	C1CCC(C1)[C@@H](CC#N)N2C=C(C=N2)C3=C4C=CNC4=NC=N3	0.6375031198672686
TT_THYROID	C1CCC(C1)[C@@H](CC#N)N2C=C(C=N2)C3=C4C=CNC4=NC=N3	0.8153886388743181
TUHR14TKB_KIDNEY	C1CCC(C1)[C@@H](CC#N)N2C=C(C=N2)C3=C4C=CNC4=NC=N3	1.1281920785478348
TUR_HAEMATOPOIETIC_AND_LYMPHOID_TISSUE	C1CCC(C1)[C@@H](CC#N)N2C=C(C=N2)C3=C4C=CNC4=NC=N3	0.6920630988654353
TYKNU_OVARY	C1CCC(C1)[C@@H](CC#N)N2C=C(C=N2)C3=C4C=CNC4=NC=N3	0.943600431379604
U118MG_CENTRAL_NERVOUS_SYSTEM	C1CCC(C1)[C@@H](CC#N)N2C=C(C=N2)C3=C4C=CNC4=NC=N3	0.8852199450725614
U698M_HAEMATOPOIETIC_AND_LYMPHOID_TISSUE	C1CCC(C1)[C@@H](CC#N)N2C=C(C=N2)C3=C4C=CNC4=NC=N3	0.9326546780869376
U87MG_CENTRAL_NERVOUS_SYSTEM	C1CCC(C1)[C@@H](CC#N)N2C=C(C=N2)C3=C4C=CNC4=NC=N3	0.9137927864297039
U937_HAEMATOPOIETIC_AND_LYMPHOID_TISSUE	C1CCC(C1)[C@@H](CC#N)N2C=C(C=N2)C3=C4C=CNC4=NC=N3	0.3869685043486166
UACC257_SKIN	C1CCC(C1)[C@@H](CC#N)N2C=C(C=N2)C3=C4C=CNC4=NC=N3	0.9868740819437094
UACC812_BREAST	C1CCC(C1)[C@@H](CC#N)N2C=C(C=N2)C3=C4C=CNC4=NC=N3	0.914727172807532
UACC893_BREAST	C1CCC(C1)[C@@H](CC#N)N2C=C(C=N2)C3=C4C=CNC4=NC=N3	0.9828060106527188
UMUC1_URINARY_TRACT	C1CCC(C1)[C@@H](CC#N)N2C=C(C=N2)C3=C4C=CNC4=NC=N3	0.5912260959423012
UMUC3_URINARY_TRACT	C1CCC(C1)[C@@H](CC#N)N2C=C(C=N2)C3=C4C=CNC4=NC=N3	0.7581493777160273
UO31_KIDNEY	C1CCC(C1)[C@@H](CC#N)N2C=C(C=N2)C3=C4C=CNC4=NC=N3	0.8268215692817581
VAESBJ_SOFT_TISSUE	C1CCC(C1)[C@@H](CC#N)N2C=C(C=N2)C3=C4C=CNC4=NC=N3	0.8682777435529373
VMRCLCD_LUNG	C1CCC(C1)[C@@H](CC#N)N2C=C(C=N2)C3=C4C=CNC4=NC=N3	0.904904712819075
VMRCRCZ_KIDNEY	C1CCC(C1)[C@@H](CC#N)N2C=C(C=N2)C3=C4C=CNC4=NC=N3	0.8400569506536847
WIL2NS_HAEMATOPOIETIC_AND_LYMPHOID_TISSUE	C1CCC(C1)[C@@H](CC#N)N2C=C(C=N2)C3=C4C=CNC4=NC=N3	0.7883871841597963
WM115_SKIN	C1CCC(C1)[C@@H](CC#N)N2C=C(C=N2)C3=C4C=CNC4=NC=N3	0.9768179121704904
WM1552C_SKIN	C1CCC(C1)[C@@H](CC#N)N2C=C(C=N2)C3=C4C=CNC4=NC=N3	0.9667364564337237
WM1799_SKIN	C1CCC(C1)[C@@H](CC#N)N2C=C(C=N2)C3=C4C=CNC4=NC=N3	1.031494909694233
WM278_SKIN	C1CCC(C1)[C@@H](CC#N)N2C=C(C=N2)C3=C4C=CNC4=NC=N3	0.9442239555971164
WM35_SKIN	C1CCC(C1)[C@@H](CC#N)N2C=C(C=N2)C3=C4C=CNC4=NC=N3	1.0105477528718352
WM88_SKIN	C1CCC(C1)[C@@H](CC#N)N2C=C(C=N2)C3=C4C=CNC4=NC=N3	0.8531938720870328
WM983B_SKIN	C1CCC(C1)[C@@H](CC#N)N2C=C(C=N2)C3=C4C=CNC4=NC=N3	1.0126994461953391
YAPC_PANCREAS	C1CCC(C1)[C@@H](CC#N)N2C=C(C=N2)C3=C4C=CNC4=NC=N3	0.9172334145918847
YD15_SALIVARY_GLAND	C1CCC(C1)[C@@H](CC#N)N2C=C(C=N2)C3=C4C=CNC4=NC=N3	0.4850745796084729
YD38_UPPER_AERODIGESTIVE_TRACT	C1CCC(C1)[C@@H](CC#N)N2C=C(C=N2)C3=C4C=CNC4=NC=N3	0.8277929286493533
YH13_CENTRAL_NERVOUS_SYSTEM	C1CCC(C1)[C@@H](CC#N)N2C=C(C=N2)C3=C4C=CNC4=NC=N3	0.9424116606052668
YMB1E_BREAST	C1CCC(C1)[C@@H](CC#N)N2C=C(C=N2)C3=C4C=CNC4=NC=N3	0.9680885124550512
ZR7530_BREAST	C1CCC(C1)[C@@H](CC#N)N2C=C(C=N2)C3=C4C=CNC4=NC=N3	0.917383777430216
