201T_LUNG	CNCC1=CC=C(C=C1)C2=C3CCNC(=O)C4=C3C(=CC(=C4)F)N2	1.1476670494974914
2313287_STOMACH	CNCC1=CC=C(C=C1)C2=C3CCNC(=O)C4=C3C(=CC(=C4)F)N2	0.9663019063564172
42MGBA_CENTRAL_NERVOUS_SYSTEM	CNCC1=CC=C(C=C1)C2=C3CCNC(=O)C4=C3C(=CC(=C4)F)N2	0.8022607482514286
451LU_SKIN	CNCC1=CC=C(C=C1)C2=C3CCNC(=O)C4=C3C(=CC(=C4)F)N2	1.048993320000701
5637_URINARY_TRACT	CNCC1=CC=C(C=C1)C2=C3CCNC(=O)C4=C3C(=CC(=C4)F)N2	0.7775229270779752
639V_URINARY_TRACT	CNCC1=CC=C(C=C1)C2=C3CCNC(=O)C4=C3C(=CC(=C4)F)N2	1.0139343501434743
697_HAEMATOPOIETIC_AND_LYMPHOID_TISSUE	CNCC1=CC=C(C=C1)C2=C3CCNC(=O)C4=C3C(=CC(=C4)F)N2	0.383521870684036
769P_KIDNEY	CNCC1=CC=C(C=C1)C2=C3CCNC(=O)C4=C3C(=CC(=C4)F)N2	0.5631847336228415
786O_KIDNEY	CNCC1=CC=C(C=C1)C2=C3CCNC(=O)C4=C3C(=CC(=C4)F)N2	0.9373169698586138
8505C_THYROID	CNCC1=CC=C(C=C1)C2=C3CCNC(=O)C4=C3C(=CC(=C4)F)N2	0.7615861702728977
8MGBA_CENTRAL_NERVOUS_SYSTEM	CNCC1=CC=C(C=C1)C2=C3CCNC(=O)C4=C3C(=CC(=C4)F)N2	0.6301448713724678
A101D_SKIN	CNCC1=CC=C(C=C1)C2=C3CCNC(=O)C4=C3C(=CC(=C4)F)N2	0.9617911825891824
A172_CENTRAL_NERVOUS_SYSTEM	CNCC1=CC=C(C=C1)C2=C3CCNC(=O)C4=C3C(=CC(=C4)F)N2	0.8815018141834521
A204_SOFT_TISSUE	CNCC1=CC=C(C=C1)C2=C3CCNC(=O)C4=C3C(=CC(=C4)F)N2	0.7012963209271986
A253_SALIVARY_GLAND	CNCC1=CC=C(C=C1)C2=C3CCNC(=O)C4=C3C(=CC(=C4)F)N2	0.9450276417770374
A2780_OVARY	CNCC1=CC=C(C=C1)C2=C3CCNC(=O)C4=C3C(=CC(=C4)F)N2	0.482311904385761
A375_SKIN	CNCC1=CC=C(C=C1)C2=C3CCNC(=O)C4=C3C(=CC(=C4)F)N2	0.8190909332304795
A388_SKIN	CNCC1=CC=C(C=C1)C2=C3CCNC(=O)C4=C3C(=CC(=C4)F)N2	0.9780281797997178
A3KAW_HAEMATOPOIETIC_AND_LYMPHOID_TISSUE	CNCC1=CC=C(C=C1)C2=C3CCNC(=O)C4=C3C(=CC(=C4)F)N2	0.9080841868532568
A427_LUNG	CNCC1=CC=C(C=C1)C2=C3CCNC(=O)C4=C3C(=CC(=C4)F)N2	0.7756023810805812
A431_SKIN	CNCC1=CC=C(C=C1)C2=C3CCNC(=O)C4=C3C(=CC(=C4)F)N2	0.8145307679636299
A498_KIDNEY	CNCC1=CC=C(C=C1)C2=C3CCNC(=O)C4=C3C(=CC(=C4)F)N2	0.8883401328240812
A549_LUNG	CNCC1=CC=C(C=C1)C2=C3CCNC(=O)C4=C3C(=CC(=C4)F)N2	0.8997210390392115
A673_BONE	CNCC1=CC=C(C=C1)C2=C3CCNC(=O)C4=C3C(=CC(=C4)F)N2	0.6952594901228323
ABC1_LUNG	CNCC1=CC=C(C=C1)C2=C3CCNC(=O)C4=C3C(=CC(=C4)F)N2	1.0893417120815667
ACHN_KIDNEY	CNCC1=CC=C(C=C1)C2=C3CCNC(=O)C4=C3C(=CC(=C4)F)N2	0.8615690008167018
ALLPO_HAEMATOPOIETIC_AND_LYMPHOID_TISSUE	CNCC1=CC=C(C=C1)C2=C3CCNC(=O)C4=C3C(=CC(=C4)F)N2	0.6602722305799571
ALLSIL_HAEMATOPOIETIC_AND_LYMPHOID_TISSUE	CNCC1=CC=C(C=C1)C2=C3CCNC(=O)C4=C3C(=CC(=C4)F)N2	0.9796704759684124
ASH3_THYROID	CNCC1=CC=C(C=C1)C2=C3CCNC(=O)C4=C3C(=CC(=C4)F)N2	1.015418530969772
ATN1_HAEMATOPOIETIC_AND_LYMPHOID_TISSUE	CNCC1=CC=C(C=C1)C2=C3CCNC(=O)C4=C3C(=CC(=C4)F)N2	0.9610791861578576
AU565_BREAST	CNCC1=CC=C(C=C1)C2=C3CCNC(=O)C4=C3C(=CC(=C4)F)N2	0.7724601997033627
BALL1_HAEMATOPOIETIC_AND_LYMPHOID_TISSUE	CNCC1=CC=C(C=C1)C2=C3CCNC(=O)C4=C3C(=CC(=C4)F)N2	0.9396931109527936
BB65RCC_KIDNEY	CNCC1=CC=C(C=C1)C2=C3CCNC(=O)C4=C3C(=CC(=C4)F)N2	0.848200637822312
BC1_HAEMATOPOIETIC_AND_LYMPHOID_TISSUE	CNCC1=CC=C(C=C1)C2=C3CCNC(=O)C4=C3C(=CC(=C4)F)N2	0.8985354686435058
BCPAP_THYROID	CNCC1=CC=C(C=C1)C2=C3CCNC(=O)C4=C3C(=CC(=C4)F)N2	0.8612549607975801
BE13_HAEMATOPOIETIC_AND_LYMPHOID_TISSUE	CNCC1=CC=C(C=C1)C2=C3CCNC(=O)C4=C3C(=CC(=C4)F)N2	0.8107745937320694
BE2M17_AUTONOMIC_GANGLIA	CNCC1=CC=C(C=C1)C2=C3CCNC(=O)C4=C3C(=CC(=C4)F)N2	1.0075431988177337
BECKER_CENTRAL_NERVOUS_SYSTEM	CNCC1=CC=C(C=C1)C2=C3CCNC(=O)C4=C3C(=CC(=C4)F)N2	0.8095381863202801
BEN_LUNG	CNCC1=CC=C(C=C1)C2=C3CCNC(=O)C4=C3C(=CC(=C4)F)N2	0.9287864311400288
BFTC909_KIDNEY	CNCC1=CC=C(C=C1)C2=C3CCNC(=O)C4=C3C(=CC(=C4)F)N2	0.8777369993734025
BHT101_THYROID	CNCC1=CC=C(C=C1)C2=C3CCNC(=O)C4=C3C(=CC(=C4)F)N2	0.6891833769547004
BHY_UPPER_AERODIGESTIVE_TRACT	CNCC1=CC=C(C=C1)C2=C3CCNC(=O)C4=C3C(=CC(=C4)F)N2	0.9435138288810634
BICR10_UPPER_AERODIGESTIVE_TRACT	CNCC1=CC=C(C=C1)C2=C3CCNC(=O)C4=C3C(=CC(=C4)F)N2	0.8479212387028309
BICR22_UPPER_AERODIGESTIVE_TRACT	CNCC1=CC=C(C=C1)C2=C3CCNC(=O)C4=C3C(=CC(=C4)F)N2	0.7438280611025907
BL41_HAEMATOPOIETIC_AND_LYMPHOID_TISSUE	CNCC1=CC=C(C=C1)C2=C3CCNC(=O)C4=C3C(=CC(=C4)F)N2	1.059525227956115
BPH1_PROSTATE	CNCC1=CC=C(C=C1)C2=C3CCNC(=O)C4=C3C(=CC(=C4)F)N2	0.7199131316173492
BT20_BREAST	CNCC1=CC=C(C=C1)C2=C3CCNC(=O)C4=C3C(=CC(=C4)F)N2	0.8085336659412659
BT474_BREAST	CNCC1=CC=C(C=C1)C2=C3CCNC(=O)C4=C3C(=CC(=C4)F)N2	0.9622369811539132
BT549_BREAST	CNCC1=CC=C(C=C1)C2=C3CCNC(=O)C4=C3C(=CC(=C4)F)N2	0.9297301358628716
BV173_HAEMATOPOIETIC_AND_LYMPHOID_TISSUE	CNCC1=CC=C(C=C1)C2=C3CCNC(=O)C4=C3C(=CC(=C4)F)N2	0.6114888214866452
BXPC3_PANCREAS	CNCC1=CC=C(C=C1)C2=C3CCNC(=O)C4=C3C(=CC(=C4)F)N2	0.8571364314995812
C2BBE1_LARGE_INTESTINE	CNCC1=CC=C(C=C1)C2=C3CCNC(=O)C4=C3C(=CC(=C4)F)N2	1.063651246395548
C32_SKIN	CNCC1=CC=C(C=C1)C2=C3CCNC(=O)C4=C3C(=CC(=C4)F)N2	0.8934376879397441
C33A_CERVIX	CNCC1=CC=C(C=C1)C2=C3CCNC(=O)C4=C3C(=CC(=C4)F)N2	1.0129599121128896
C3A_LIVER	CNCC1=CC=C(C=C1)C2=C3CCNC(=O)C4=C3C(=CC(=C4)F)N2	0.9079297643745255
C4I_CERVIX	CNCC1=CC=C(C=C1)C2=C3CCNC(=O)C4=C3C(=CC(=C4)F)N2	1.0230779935339682
CA46_HAEMATOPOIETIC_AND_LYMPHOID_TISSUE	CNCC1=CC=C(C=C1)C2=C3CCNC(=O)C4=C3C(=CC(=C4)F)N2	0.87644899947508
CA922_UPPER_AERODIGESTIVE_TRACT	CNCC1=CC=C(C=C1)C2=C3CCNC(=O)C4=C3C(=CC(=C4)F)N2	0.8243575824181597
CAKI1_KIDNEY	CNCC1=CC=C(C=C1)C2=C3CCNC(=O)C4=C3C(=CC(=C4)F)N2	0.776374326129654
CAL120_BREAST	CNCC1=CC=C(C=C1)C2=C3CCNC(=O)C4=C3C(=CC(=C4)F)N2	0.8662537478204646
CAL33_UPPER_AERODIGESTIVE_TRACT	CNCC1=CC=C(C=C1)C2=C3CCNC(=O)C4=C3C(=CC(=C4)F)N2	0.8818613594644035
CAL54_KIDNEY	CNCC1=CC=C(C=C1)C2=C3CCNC(=O)C4=C3C(=CC(=C4)F)N2	0.7639032819298541
CAL72_BONE	CNCC1=CC=C(C=C1)C2=C3CCNC(=O)C4=C3C(=CC(=C4)F)N2	0.9634740657292292
CAL78_BONE	CNCC1=CC=C(C=C1)C2=C3CCNC(=O)C4=C3C(=CC(=C4)F)N2	0.9995735660183852
CAL851_BREAST	CNCC1=CC=C(C=C1)C2=C3CCNC(=O)C4=C3C(=CC(=C4)F)N2	1.0278061517542787
CALU3_LUNG	CNCC1=CC=C(C=C1)C2=C3CCNC(=O)C4=C3C(=CC(=C4)F)N2	0.8176995090569967
CALU6_LUNG	CNCC1=CC=C(C=C1)C2=C3CCNC(=O)C4=C3C(=CC(=C4)F)N2	0.9974979571943404
CAMA1_BREAST	CNCC1=CC=C(C=C1)C2=C3CCNC(=O)C4=C3C(=CC(=C4)F)N2	0.954321303258386
CAOV3_OVARY	CNCC1=CC=C(C=C1)C2=C3CCNC(=O)C4=C3C(=CC(=C4)F)N2	0.8390449032036341
CAPAN1_PANCREAS	CNCC1=CC=C(C=C1)C2=C3CCNC(=O)C4=C3C(=CC(=C4)F)N2	0.9401549746794764
CAPAN2_PANCREAS	CNCC1=CC=C(C=C1)C2=C3CCNC(=O)C4=C3C(=CC(=C4)F)N2	0.9767806199272494
CAR1_LARGE_INTESTINE	CNCC1=CC=C(C=C1)C2=C3CCNC(=O)C4=C3C(=CC(=C4)F)N2	0.8174433884884267
CAS1_CENTRAL_NERVOUS_SYSTEM	CNCC1=CC=C(C=C1)C2=C3CCNC(=O)C4=C3C(=CC(=C4)F)N2	0.8009889297613418
CASKI_CERVIX	CNCC1=CC=C(C=C1)C2=C3CCNC(=O)C4=C3C(=CC(=C4)F)N2	0.9695110493719362
CCFSTTG1_CENTRAL_NERVOUS_SYSTEM	CNCC1=CC=C(C=C1)C2=C3CCNC(=O)C4=C3C(=CC(=C4)F)N2	0.93408598219812
CCK81_LARGE_INTESTINE	CNCC1=CC=C(C=C1)C2=C3CCNC(=O)C4=C3C(=CC(=C4)F)N2	1.049863878574054
CCRFCEM_HAEMATOPOIETIC_AND_LYMPHOID_TISSUE	CNCC1=CC=C(C=C1)C2=C3CCNC(=O)C4=C3C(=CC(=C4)F)N2	0.7881082080306508
CESS_HAEMATOPOIETIC_AND_LYMPHOID_TISSUE	CNCC1=CC=C(C=C1)C2=C3CCNC(=O)C4=C3C(=CC(=C4)F)N2	0.9237676739035794
CGTHW1_THYROID	CNCC1=CC=C(C=C1)C2=C3CCNC(=O)C4=C3C(=CC(=C4)F)N2	0.8105517186192475
CHL1_SKIN	CNCC1=CC=C(C=C1)C2=C3CCNC(=O)C4=C3C(=CC(=C4)F)N2	1.0306618268957508
CHP126_AUTONOMIC_GANGLIA	CNCC1=CC=C(C=C1)C2=C3CCNC(=O)C4=C3C(=CC(=C4)F)N2	0.7577625842302071
CHP212_AUTONOMIC_GANGLIA	CNCC1=CC=C(C=C1)C2=C3CCNC(=O)C4=C3C(=CC(=C4)F)N2	0.7651671980311237
CHSA0011_BONE	CNCC1=CC=C(C=C1)C2=C3CCNC(=O)C4=C3C(=CC(=C4)F)N2	1.0237799916906138
CL11_LARGE_INTESTINE	CNCC1=CC=C(C=C1)C2=C3CCNC(=O)C4=C3C(=CC(=C4)F)N2	0.8737555248416266
CL34_LARGE_INTESTINE	CNCC1=CC=C(C=C1)C2=C3CCNC(=O)C4=C3C(=CC(=C4)F)N2	0.8445593623308632
CL40_LARGE_INTESTINE	CNCC1=CC=C(C=C1)C2=C3CCNC(=O)C4=C3C(=CC(=C4)F)N2	0.8887187390088178
CMLT1_HAEMATOPOIETIC_AND_LYMPHOID_TISSUE	CNCC1=CC=C(C=C1)C2=C3CCNC(=O)C4=C3C(=CC(=C4)F)N2	0.8782894019317539
COLO668_LUNG	CNCC1=CC=C(C=C1)C2=C3CCNC(=O)C4=C3C(=CC(=C4)F)N2	1.2448432459133902
COLO679_SKIN	CNCC1=CC=C(C=C1)C2=C3CCNC(=O)C4=C3C(=CC(=C4)F)N2	1.0781085301541555
COLO680N_OESOPHAGUS	CNCC1=CC=C(C=C1)C2=C3CCNC(=O)C4=C3C(=CC(=C4)F)N2	0.9202635341550108
COLO684_ENDOMETRIUM	CNCC1=CC=C(C=C1)C2=C3CCNC(=O)C4=C3C(=CC(=C4)F)N2	0.8451238125435406
COLO800_SKIN	CNCC1=CC=C(C=C1)C2=C3CCNC(=O)C4=C3C(=CC(=C4)F)N2	0.284634588525623
COLO824_BREAST	CNCC1=CC=C(C=C1)C2=C3CCNC(=O)C4=C3C(=CC(=C4)F)N2	0.9193476881968032
COLO829_SKIN	CNCC1=CC=C(C=C1)C2=C3CCNC(=O)C4=C3C(=CC(=C4)F)N2	0.8367930933521732
CORL105_LUNG	CNCC1=CC=C(C=C1)C2=C3CCNC(=O)C4=C3C(=CC(=C4)F)N2	0.8037971260983553
CORL23_LUNG	CNCC1=CC=C(C=C1)C2=C3CCNC(=O)C4=C3C(=CC(=C4)F)N2	0.8026651086302682
CORL279_LUNG	CNCC1=CC=C(C=C1)C2=C3CCNC(=O)C4=C3C(=CC(=C4)F)N2	0.901740347997354
CORL321_LUNG	CNCC1=CC=C(C=C1)C2=C3CCNC(=O)C4=C3C(=CC(=C4)F)N2	0.8889942555407937
CORL88_LUNG	CNCC1=CC=C(C=C1)C2=C3CCNC(=O)C4=C3C(=CC(=C4)F)N2	0.9001215256455908
CORL95_LUNG	CNCC1=CC=C(C=C1)C2=C3CCNC(=O)C4=C3C(=CC(=C4)F)N2	1.1263701134437507
CP50MELB_SKIN	CNCC1=CC=C(C=C1)C2=C3CCNC(=O)C4=C3C(=CC(=C4)F)N2	0.9489088521424328
CPCN_LUNG	CNCC1=CC=C(C=C1)C2=C3CCNC(=O)C4=C3C(=CC(=C4)F)N2	0.8939182229905465
CTB1_HAEMATOPOIETIC_AND_LYMPHOID_TISSUE	CNCC1=CC=C(C=C1)C2=C3CCNC(=O)C4=C3C(=CC(=C4)F)N2	0.887050365419391
D263MG_CENTRAL_NERVOUS_SYSTEM	CNCC1=CC=C(C=C1)C2=C3CCNC(=O)C4=C3C(=CC(=C4)F)N2	0.8763676953548467
D283MED_CENTRAL_NERVOUS_SYSTEM	CNCC1=CC=C(C=C1)C2=C3CCNC(=O)C4=C3C(=CC(=C4)F)N2	0.8738137515789008
D336MG_CENTRAL_NERVOUS_SYSTEM	CNCC1=CC=C(C=C1)C2=C3CCNC(=O)C4=C3C(=CC(=C4)F)N2	0.7997714116705092
D542MG_CENTRAL_NERVOUS_SYSTEM	CNCC1=CC=C(C=C1)C2=C3CCNC(=O)C4=C3C(=CC(=C4)F)N2	1.0357837098830245
DAUDI_HAEMATOPOIETIC_AND_LYMPHOID_TISSUE	CNCC1=CC=C(C=C1)C2=C3CCNC(=O)C4=C3C(=CC(=C4)F)N2	0.9172011983375304
DBTRG05MG_CENTRAL_NERVOUS_SYSTEM	CNCC1=CC=C(C=C1)C2=C3CCNC(=O)C4=C3C(=CC(=C4)F)N2	0.8248427811166305
DB_HAEMATOPOIETIC_AND_LYMPHOID_TISSUE	CNCC1=CC=C(C=C1)C2=C3CCNC(=O)C4=C3C(=CC(=C4)F)N2	0.5593175248501008
DEL_HAEMATOPOIETIC_AND_LYMPHOID_TISSUE	CNCC1=CC=C(C=C1)C2=C3CCNC(=O)C4=C3C(=CC(=C4)F)N2	1.0222832571770848
DETROIT562_UPPER_AERODIGESTIVE_TRACT	CNCC1=CC=C(C=C1)C2=C3CCNC(=O)C4=C3C(=CC(=C4)F)N2	0.898121642739674
DG75_HAEMATOPOIETIC_AND_LYMPHOID_TISSUE	CNCC1=CC=C(C=C1)C2=C3CCNC(=O)C4=C3C(=CC(=C4)F)N2	0.6945886482973018
DIFI_LARGE_INTESTINE	CNCC1=CC=C(C=C1)C2=C3CCNC(=O)C4=C3C(=CC(=C4)F)N2	1.0016227666420192
DJM1_SKIN	CNCC1=CC=C(C=C1)C2=C3CCNC(=O)C4=C3C(=CC(=C4)F)N2	1.0060001445254012
DMS273_LUNG	CNCC1=CC=C(C=C1)C2=C3CCNC(=O)C4=C3C(=CC(=C4)F)N2	0.8985824910361855
DMS53_LUNG	CNCC1=CC=C(C=C1)C2=C3CCNC(=O)C4=C3C(=CC(=C4)F)N2	0.8195647349514825
DMS79_LUNG	CNCC1=CC=C(C=C1)C2=C3CCNC(=O)C4=C3C(=CC(=C4)F)N2	0.8121107533369484
DND41_HAEMATOPOIETIC_AND_LYMPHOID_TISSUE	CNCC1=CC=C(C=C1)C2=C3CCNC(=O)C4=C3C(=CC(=C4)F)N2	0.8649147051094161
DOK_UPPER_AERODIGESTIVE_TRACT	CNCC1=CC=C(C=C1)C2=C3CCNC(=O)C4=C3C(=CC(=C4)F)N2	0.8589279189128558
DOV13_OVARY	CNCC1=CC=C(C=C1)C2=C3CCNC(=O)C4=C3C(=CC(=C4)F)N2	0.8598703924028959
EB2_HAEMATOPOIETIC_AND_LYMPHOID_TISSUE	CNCC1=CC=C(C=C1)C2=C3CCNC(=O)C4=C3C(=CC(=C4)F)N2	0.9626987772818204
EB3_HAEMATOPOIETIC_AND_LYMPHOID_TISSUE	CNCC1=CC=C(C=C1)C2=C3CCNC(=O)C4=C3C(=CC(=C4)F)N2	0.8607856408289389
EBC1_LUNG	CNCC1=CC=C(C=C1)C2=C3CCNC(=O)C4=C3C(=CC(=C4)F)N2	0.8901961864747778
EFO21_OVARY	CNCC1=CC=C(C=C1)C2=C3CCNC(=O)C4=C3C(=CC(=C4)F)N2	0.8616260514916436
EFO27_OVARY	CNCC1=CC=C(C=C1)C2=C3CCNC(=O)C4=C3C(=CC(=C4)F)N2	0.9393610034843176
EJM_HAEMATOPOIETIC_AND_LYMPHOID_TISSUE	CNCC1=CC=C(C=C1)C2=C3CCNC(=O)C4=C3C(=CC(=C4)F)N2	0.9827726819368612
EMCBAC1_LUNG	CNCC1=CC=C(C=C1)C2=C3CCNC(=O)C4=C3C(=CC(=C4)F)N2	0.9198123867361032
EMCBAC2_LUNG	CNCC1=CC=C(C=C1)C2=C3CCNC(=O)C4=C3C(=CC(=C4)F)N2	0.9928662584729951
EN_ENDOMETRIUM	CNCC1=CC=C(C=C1)C2=C3CCNC(=O)C4=C3C(=CC(=C4)F)N2	1.0380197697713225
EPLC272H_LUNG	CNCC1=CC=C(C=C1)C2=C3CCNC(=O)C4=C3C(=CC(=C4)F)N2	0.9545252588824168
ES1_BONE	CNCC1=CC=C(C=C1)C2=C3CCNC(=O)C4=C3C(=CC(=C4)F)N2	0.4670291167870497
ES2_OVARY	CNCC1=CC=C(C=C1)C2=C3CCNC(=O)C4=C3C(=CC(=C4)F)N2	0.9899434679245016
ES3_BONE	CNCC1=CC=C(C=C1)C2=C3CCNC(=O)C4=C3C(=CC(=C4)F)N2	0.6026753865571017
ES5_BONE	CNCC1=CC=C(C=C1)C2=C3CCNC(=O)C4=C3C(=CC(=C4)F)N2	0.6221179498209405
ES7_BONE	CNCC1=CC=C(C=C1)C2=C3CCNC(=O)C4=C3C(=CC(=C4)F)N2	0.5620955182787122
ESO26_OESOPHAGUS	CNCC1=CC=C(C=C1)C2=C3CCNC(=O)C4=C3C(=CC(=C4)F)N2	1.0532913828498176
ESO51_OESOPHAGUS	CNCC1=CC=C(C=C1)C2=C3CCNC(=O)C4=C3C(=CC(=C4)F)N2	0.9629877974116444
ESS1_ENDOMETRIUM	CNCC1=CC=C(C=C1)C2=C3CCNC(=O)C4=C3C(=CC(=C4)F)N2	0.8278870780540488
EVSAT_BREAST	CNCC1=CC=C(C=C1)C2=C3CCNC(=O)C4=C3C(=CC(=C4)F)N2	0.9436243371063248
EW11_BONE	CNCC1=CC=C(C=C1)C2=C3CCNC(=O)C4=C3C(=CC(=C4)F)N2	0.505608270179991
EW13_BONE	CNCC1=CC=C(C=C1)C2=C3CCNC(=O)C4=C3C(=CC(=C4)F)N2	0.8720593117279634
EW16_BONE	CNCC1=CC=C(C=C1)C2=C3CCNC(=O)C4=C3C(=CC(=C4)F)N2	0.8799675541853407
EW18_BONE	CNCC1=CC=C(C=C1)C2=C3CCNC(=O)C4=C3C(=CC(=C4)F)N2	0.710752341504737
EW1_BONE	CNCC1=CC=C(C=C1)C2=C3CCNC(=O)C4=C3C(=CC(=C4)F)N2	0.9434843749530848
EW22_BONE	CNCC1=CC=C(C=C1)C2=C3CCNC(=O)C4=C3C(=CC(=C4)F)N2	0.6779769442444272
EW24_BONE	CNCC1=CC=C(C=C1)C2=C3CCNC(=O)C4=C3C(=CC(=C4)F)N2	0.9672021550817406
EW3_BONE	CNCC1=CC=C(C=C1)C2=C3CCNC(=O)C4=C3C(=CC(=C4)F)N2	0.785818069024667
FADU_UPPER_AERODIGESTIVE_TRACT	CNCC1=CC=C(C=C1)C2=C3CCNC(=O)C4=C3C(=CC(=C4)F)N2	0.7424282344599402
FARAGE_HAEMATOPOIETIC_AND_LYMPHOID_TISSUE	CNCC1=CC=C(C=C1)C2=C3CCNC(=O)C4=C3C(=CC(=C4)F)N2	0.8538853042530814
FTC133_THYROID	CNCC1=CC=C(C=C1)C2=C3CCNC(=O)C4=C3C(=CC(=C4)F)N2	0.7542694635977026
FU97_STOMACH	CNCC1=CC=C(C=C1)C2=C3CCNC(=O)C4=C3C(=CC(=C4)F)N2	0.8998041979599386
FUOV1_OVARY	CNCC1=CC=C(C=C1)C2=C3CCNC(=O)C4=C3C(=CC(=C4)F)N2	0.9999097238919362
G292CLONEA141B1_BONE	CNCC1=CC=C(C=C1)C2=C3CCNC(=O)C4=C3C(=CC(=C4)F)N2	0.722413552978339
G401_SOFT_TISSUE	CNCC1=CC=C(C=C1)C2=C3CCNC(=O)C4=C3C(=CC(=C4)F)N2	0.8544088676938251
G402_SOFT_TISSUE	CNCC1=CC=C(C=C1)C2=C3CCNC(=O)C4=C3C(=CC(=C4)F)N2	0.753609850841122
GA10_HAEMATOPOIETIC_AND_LYMPHOID_TISSUE	CNCC1=CC=C(C=C1)C2=C3CCNC(=O)C4=C3C(=CC(=C4)F)N2	0.9279982281026402
GAK_SKIN	CNCC1=CC=C(C=C1)C2=C3CCNC(=O)C4=C3C(=CC(=C4)F)N2	0.9850004224567837
GAMG_CENTRAL_NERVOUS_SYSTEM	CNCC1=CC=C(C=C1)C2=C3CCNC(=O)C4=C3C(=CC(=C4)F)N2	0.6873683133460744
GB1_CENTRAL_NERVOUS_SYSTEM	CNCC1=CC=C(C=C1)C2=C3CCNC(=O)C4=C3C(=CC(=C4)F)N2	0.8466318137270548
GCIY_STOMACH	CNCC1=CC=C(C=C1)C2=C3CCNC(=O)C4=C3C(=CC(=C4)F)N2	0.9951108334360128
GCT_SOFT_TISSUE	CNCC1=CC=C(C=C1)C2=C3CCNC(=O)C4=C3C(=CC(=C4)F)N2	0.7067021820820591
GDM1_HAEMATOPOIETIC_AND_LYMPHOID_TISSUE	CNCC1=CC=C(C=C1)C2=C3CCNC(=O)C4=C3C(=CC(=C4)F)N2	0.6680831870800504
GI1_CENTRAL_NERVOUS_SYSTEM	CNCC1=CC=C(C=C1)C2=C3CCNC(=O)C4=C3C(=CC(=C4)F)N2	0.7897757209255664
GIMEN_AUTONOMIC_GANGLIA	CNCC1=CC=C(C=C1)C2=C3CCNC(=O)C4=C3C(=CC(=C4)F)N2	0.6916948058293628
GMEL_SKIN	CNCC1=CC=C(C=C1)C2=C3CCNC(=O)C4=C3C(=CC(=C4)F)N2	1.3174835045647952
GMS10_CENTRAL_NERVOUS_SYSTEM	CNCC1=CC=C(C=C1)C2=C3CCNC(=O)C4=C3C(=CC(=C4)F)N2	0.7852067633761718
GOTO_AUTONOMIC_GANGLIA	CNCC1=CC=C(C=C1)C2=C3CCNC(=O)C4=C3C(=CC(=C4)F)N2	0.8337665309191342
GP5D_LARGE_INTESTINE	CNCC1=CC=C(C=C1)C2=C3CCNC(=O)C4=C3C(=CC(=C4)F)N2	1.0162882523982146
GRANTA519_HAEMATOPOIETIC_AND_LYMPHOID_TISSUE	CNCC1=CC=C(C=C1)C2=C3CCNC(=O)C4=C3C(=CC(=C4)F)N2	0.964840045045454
H2369_PLEURA	CNCC1=CC=C(C=C1)C2=C3CCNC(=O)C4=C3C(=CC(=C4)F)N2	1.085003104960592
H290_PLEURA	CNCC1=CC=C(C=C1)C2=C3CCNC(=O)C4=C3C(=CC(=C4)F)N2	0.8950039124712179
H3118_UPPER_AERODIGESTIVE_TRACT	CNCC1=CC=C(C=C1)C2=C3CCNC(=O)C4=C3C(=CC(=C4)F)N2	0.8996780788058839
H4_CENTRAL_NERVOUS_SYSTEM	CNCC1=CC=C(C=C1)C2=C3CCNC(=O)C4=C3C(=CC(=C4)F)N2	0.5917888663862035
HA7RCC_KIDNEY	CNCC1=CC=C(C=C1)C2=C3CCNC(=O)C4=C3C(=CC(=C4)F)N2	0.9980010446513852
HARA_LUNG	CNCC1=CC=C(C=C1)C2=C3CCNC(=O)C4=C3C(=CC(=C4)F)N2	0.7393350974239649
HC1_HAEMATOPOIETIC_AND_LYMPHOID_TISSUE	CNCC1=CC=C(C=C1)C2=C3CCNC(=O)C4=C3C(=CC(=C4)F)N2	0.8405146233377379
HCC1143_BREAST	CNCC1=CC=C(C=C1)C2=C3CCNC(=O)C4=C3C(=CC(=C4)F)N2	0.948792629015352
HCC1187_BREAST	CNCC1=CC=C(C=C1)C2=C3CCNC(=O)C4=C3C(=CC(=C4)F)N2	0.787454765762491
HCC1395_BREAST	CNCC1=CC=C(C=C1)C2=C3CCNC(=O)C4=C3C(=CC(=C4)F)N2	0.9711415223757132
HCC1419_BREAST	CNCC1=CC=C(C=C1)C2=C3CCNC(=O)C4=C3C(=CC(=C4)F)N2	0.9572561272397458
HCC1428_BREAST	CNCC1=CC=C(C=C1)C2=C3CCNC(=O)C4=C3C(=CC(=C4)F)N2	0.9787896988093158
HCC15_LUNG	CNCC1=CC=C(C=C1)C2=C3CCNC(=O)C4=C3C(=CC(=C4)F)N2	0.858743459494918
HCC1806_BREAST	CNCC1=CC=C(C=C1)C2=C3CCNC(=O)C4=C3C(=CC(=C4)F)N2	0.8159807948165153
HCC1937_BREAST	CNCC1=CC=C(C=C1)C2=C3CCNC(=O)C4=C3C(=CC(=C4)F)N2	0.8654123221829195
HCC1954_BREAST	CNCC1=CC=C(C=C1)C2=C3CCNC(=O)C4=C3C(=CC(=C4)F)N2	0.9451502287902426
HCC202_BREAST	CNCC1=CC=C(C=C1)C2=C3CCNC(=O)C4=C3C(=CC(=C4)F)N2	0.9566471528143562
HCC2157_BREAST	CNCC1=CC=C(C=C1)C2=C3CCNC(=O)C4=C3C(=CC(=C4)F)N2	0.853410749625506
HCC2998_LARGE_INTESTINE	CNCC1=CC=C(C=C1)C2=C3CCNC(=O)C4=C3C(=CC(=C4)F)N2	0.8194717148150897
HCC366_LUNG	CNCC1=CC=C(C=C1)C2=C3CCNC(=O)C4=C3C(=CC(=C4)F)N2	1.0620492266439654
HCC70_BREAST	CNCC1=CC=C(C=C1)C2=C3CCNC(=O)C4=C3C(=CC(=C4)F)N2	1.00761162146721
HCC827_LUNG	CNCC1=CC=C(C=C1)C2=C3CCNC(=O)C4=C3C(=CC(=C4)F)N2	0.8680111711401646
HCT116_LARGE_INTESTINE	CNCC1=CC=C(C=C1)C2=C3CCNC(=O)C4=C3C(=CC(=C4)F)N2	0.8146032823575096
HCT15_LARGE_INTESTINE	CNCC1=CC=C(C=C1)C2=C3CCNC(=O)C4=C3C(=CC(=C4)F)N2	1.089016605567932
HDLM2_HAEMATOPOIETIC_AND_LYMPHOID_TISSUE	CNCC1=CC=C(C=C1)C2=C3CCNC(=O)C4=C3C(=CC(=C4)F)N2	0.9568378570892176
HDMYZ_HAEMATOPOIETIC_AND_LYMPHOID_TISSUE	CNCC1=CC=C(C=C1)C2=C3CCNC(=O)C4=C3C(=CC(=C4)F)N2	0.8723267568183597
HEC1_ENDOMETRIUM	CNCC1=CC=C(C=C1)C2=C3CCNC(=O)C4=C3C(=CC(=C4)F)N2	0.7481792398740303
HELA_CERVIX	CNCC1=CC=C(C=C1)C2=C3CCNC(=O)C4=C3C(=CC(=C4)F)N2	1.0263664082473185
HEL_HAEMATOPOIETIC_AND_LYMPHOID_TISSUE	CNCC1=CC=C(C=C1)C2=C3CCNC(=O)C4=C3C(=CC(=C4)F)N2	1.1198240413132683
HEMCSS_BONE	CNCC1=CC=C(C=C1)C2=C3CCNC(=O)C4=C3C(=CC(=C4)F)N2	0.9657444628439597
HEP3B217_LIVER	CNCC1=CC=C(C=C1)C2=C3CCNC(=O)C4=C3C(=CC(=C4)F)N2	0.994000848306682
HH_HAEMATOPOIETIC_AND_LYMPHOID_TISSUE	CNCC1=CC=C(C=C1)C2=C3CCNC(=O)C4=C3C(=CC(=C4)F)N2	0.984503973504922
HL60_HAEMATOPOIETIC_AND_LYMPHOID_TISSUE	CNCC1=CC=C(C=C1)C2=C3CCNC(=O)C4=C3C(=CC(=C4)F)N2	1.0089779287577598
HLE_LIVER	CNCC1=CC=C(C=C1)C2=C3CCNC(=O)C4=C3C(=CC(=C4)F)N2	0.9637087247706896
HMVII_SKIN	CNCC1=CC=C(C=C1)C2=C3CCNC(=O)C4=C3C(=CC(=C4)F)N2	1.0217691017227857
HN_UPPER_AERODIGESTIVE_TRACT	CNCC1=CC=C(C=C1)C2=C3CCNC(=O)C4=C3C(=CC(=C4)F)N2	0.8852788516295008
HO1U1_UPPER_AERODIGESTIVE_TRACT	CNCC1=CC=C(C=C1)C2=C3CCNC(=O)C4=C3C(=CC(=C4)F)N2	0.8989986838512978
HOP92_LUNG	CNCC1=CC=C(C=C1)C2=C3CCNC(=O)C4=C3C(=CC(=C4)F)N2	0.888165241149612
HPAFII_PANCREAS	CNCC1=CC=C(C=C1)C2=C3CCNC(=O)C4=C3C(=CC(=C4)F)N2	0.8016462363629974
HS578T_BREAST	CNCC1=CC=C(C=C1)C2=C3CCNC(=O)C4=C3C(=CC(=C4)F)N2	0.9456231147136832
HS633T_SOFT_TISSUE	CNCC1=CC=C(C=C1)C2=C3CCNC(=O)C4=C3C(=CC(=C4)F)N2	0.7945520218869234
HS683_CENTRAL_NERVOUS_SYSTEM	CNCC1=CC=C(C=C1)C2=C3CCNC(=O)C4=C3C(=CC(=C4)F)N2	0.9266401814033068
HS766T_PANCREAS	CNCC1=CC=C(C=C1)C2=C3CCNC(=O)C4=C3C(=CC(=C4)F)N2	0.9254934646314652
HS939T_SKIN	CNCC1=CC=C(C=C1)C2=C3CCNC(=O)C4=C3C(=CC(=C4)F)N2	0.9116405861129052
HSC2_UPPER_AERODIGESTIVE_TRACT	CNCC1=CC=C(C=C1)C2=C3CCNC(=O)C4=C3C(=CC(=C4)F)N2	0.6356639667262483
HSC39_STOMACH	CNCC1=CC=C(C=C1)C2=C3CCNC(=O)C4=C3C(=CC(=C4)F)N2	0.860993491965701
HT1080_SOFT_TISSUE	CNCC1=CC=C(C=C1)C2=C3CCNC(=O)C4=C3C(=CC(=C4)F)N2	0.7274800783126001
HT115_LARGE_INTESTINE	CNCC1=CC=C(C=C1)C2=C3CCNC(=O)C4=C3C(=CC(=C4)F)N2	0.9006199701616604
HT1197_URINARY_TRACT	CNCC1=CC=C(C=C1)C2=C3CCNC(=O)C4=C3C(=CC(=C4)F)N2	0.7770312176345726
HT144_SKIN	CNCC1=CC=C(C=C1)C2=C3CCNC(=O)C4=C3C(=CC(=C4)F)N2	0.8869584924165068
HT29_LARGE_INTESTINE	CNCC1=CC=C(C=C1)C2=C3CCNC(=O)C4=C3C(=CC(=C4)F)N2	1.0381802186044045
HT3_CERVIX	CNCC1=CC=C(C=C1)C2=C3CCNC(=O)C4=C3C(=CC(=C4)F)N2	1.0398873811663494
HT_HAEMATOPOIETIC_AND_LYMPHOID_TISSUE	CNCC1=CC=C(C=C1)C2=C3CCNC(=O)C4=C3C(=CC(=C4)F)N2	0.9314297749315108
HUCCT1_BILIARY_TRACT	CNCC1=CC=C(C=C1)C2=C3CCNC(=O)C4=C3C(=CC(=C4)F)N2	0.9596361028064052
HUH1_LIVER	CNCC1=CC=C(C=C1)C2=C3CCNC(=O)C4=C3C(=CC(=C4)F)N2	0.9445430803838432
HUH7_LIVER	CNCC1=CC=C(C=C1)C2=C3CCNC(=O)C4=C3C(=CC(=C4)F)N2	0.9722641460234804
HUO3N1_BONE	CNCC1=CC=C(C=C1)C2=C3CCNC(=O)C4=C3C(=CC(=C4)F)N2	0.6425234710571858
HUO9_BONE	CNCC1=CC=C(C=C1)C2=C3CCNC(=O)C4=C3C(=CC(=C4)F)N2	0.7353146793583961
HUPT3_PANCREAS	CNCC1=CC=C(C=C1)C2=C3CCNC(=O)C4=C3C(=CC(=C4)F)N2	0.9263844188699896
HUTU80_SMALL_INTESTINE	CNCC1=CC=C(C=C1)C2=C3CCNC(=O)C4=C3C(=CC(=C4)F)N2	0.8048537015472468
IALM_LUNG	CNCC1=CC=C(C=C1)C2=C3CCNC(=O)C4=C3C(=CC(=C4)F)N2	0.9664192495404658
IGR1_SKIN	CNCC1=CC=C(C=C1)C2=C3CCNC(=O)C4=C3C(=CC(=C4)F)N2	0.9798951261686084
IGR37_SKIN	CNCC1=CC=C(C=C1)C2=C3CCNC(=O)C4=C3C(=CC(=C4)F)N2	1.0007724304933503
IGROV1_OVARY	CNCC1=CC=C(C=C1)C2=C3CCNC(=O)C4=C3C(=CC(=C4)F)N2	0.8936869546261502
IHH4_THYROID	CNCC1=CC=C(C=C1)C2=C3CCNC(=O)C4=C3C(=CC(=C4)F)N2	0.871820535702211
IM95_STOMACH	CNCC1=CC=C(C=C1)C2=C3CCNC(=O)C4=C3C(=CC(=C4)F)N2	0.9006313016610381
IMR5_AUTONOMIC_GANGLIA	CNCC1=CC=C(C=C1)C2=C3CCNC(=O)C4=C3C(=CC(=C4)F)N2	0.8635018865456923
ISTMEL1_SKIN	CNCC1=CC=C(C=C1)C2=C3CCNC(=O)C4=C3C(=CC(=C4)F)N2	0.9355994155793884
ISTMES1_PLEURA	CNCC1=CC=C(C=C1)C2=C3CCNC(=O)C4=C3C(=CC(=C4)F)N2	0.8312376932418377
J82_URINARY_TRACT	CNCC1=CC=C(C=C1)C2=C3CCNC(=O)C4=C3C(=CC(=C4)F)N2	0.7727231713676366
JAR_PLACENTA	CNCC1=CC=C(C=C1)C2=C3CCNC(=O)C4=C3C(=CC(=C4)F)N2	0.983123523187262
JHH1_LIVER	CNCC1=CC=C(C=C1)C2=C3CCNC(=O)C4=C3C(=CC(=C4)F)N2	1.005193787159902
JHH2_LIVER	CNCC1=CC=C(C=C1)C2=C3CCNC(=O)C4=C3C(=CC(=C4)F)N2	0.9112508473660124
JHH7_LIVER	CNCC1=CC=C(C=C1)C2=C3CCNC(=O)C4=C3C(=CC(=C4)F)N2	0.8851497414684137
JHOS2_OVARY	CNCC1=CC=C(C=C1)C2=C3CCNC(=O)C4=C3C(=CC(=C4)F)N2	0.8630337754632182
JHOS3_OVARY	CNCC1=CC=C(C=C1)C2=C3CCNC(=O)C4=C3C(=CC(=C4)F)N2	0.9341843968401576
JHOS4_OVARY	CNCC1=CC=C(C=C1)C2=C3CCNC(=O)C4=C3C(=CC(=C4)F)N2	1.0254899858445703
JHU011_UPPER_AERODIGESTIVE_TRACT	CNCC1=CC=C(C=C1)C2=C3CCNC(=O)C4=C3C(=CC(=C4)F)N2	0.8364415894516871
JHU022_UPPER_AERODIGESTIVE_TRACT	CNCC1=CC=C(C=C1)C2=C3CCNC(=O)C4=C3C(=CC(=C4)F)N2	0.9840829469136902
JHU029_UPPER_AERODIGESTIVE_TRACT	CNCC1=CC=C(C=C1)C2=C3CCNC(=O)C4=C3C(=CC(=C4)F)N2	0.9311853043567764
JHUEM2_ENDOMETRIUM	CNCC1=CC=C(C=C1)C2=C3CCNC(=O)C4=C3C(=CC(=C4)F)N2	0.2926606795902589
JIMT1_BREAST	CNCC1=CC=C(C=C1)C2=C3CCNC(=O)C4=C3C(=CC(=C4)F)N2	0.9729811949516984
JIYOYEP2003_HAEMATOPOIETIC_AND_LYMPHOID_TISSUE	CNCC1=CC=C(C=C1)C2=C3CCNC(=O)C4=C3C(=CC(=C4)F)N2	0.9087415487862202
JJN3_HAEMATOPOIETIC_AND_LYMPHOID_TISSUE	CNCC1=CC=C(C=C1)C2=C3CCNC(=O)C4=C3C(=CC(=C4)F)N2	0.9311418595091834
JM1_HAEMATOPOIETIC_AND_LYMPHOID_TISSUE	CNCC1=CC=C(C=C1)C2=C3CCNC(=O)C4=C3C(=CC(=C4)F)N2	0.9358115363469416
JSC1_HAEMATOPOIETIC_AND_LYMPHOID_TISSUE	CNCC1=CC=C(C=C1)C2=C3CCNC(=O)C4=C3C(=CC(=C4)F)N2	0.8845014426425847
JURLMK1_HAEMATOPOIETIC_AND_LYMPHOID_TISSUE	CNCC1=CC=C(C=C1)C2=C3CCNC(=O)C4=C3C(=CC(=C4)F)N2	0.9781217368913736
JVM2_HAEMATOPOIETIC_AND_LYMPHOID_TISSUE	CNCC1=CC=C(C=C1)C2=C3CCNC(=O)C4=C3C(=CC(=C4)F)N2	0.815844912859701
JVM3_HAEMATOPOIETIC_AND_LYMPHOID_TISSUE	CNCC1=CC=C(C=C1)C2=C3CCNC(=O)C4=C3C(=CC(=C4)F)N2	0.8505025164888841
K2_SKIN	CNCC1=CC=C(C=C1)C2=C3CCNC(=O)C4=C3C(=CC(=C4)F)N2	1.2539585117863958
K562_HAEMATOPOIETIC_AND_LYMPHOID_TISSUE	CNCC1=CC=C(C=C1)C2=C3CCNC(=O)C4=C3C(=CC(=C4)F)N2	0.9765044862513524
KALS1_CENTRAL_NERVOUS_SYSTEM	CNCC1=CC=C(C=C1)C2=C3CCNC(=O)C4=C3C(=CC(=C4)F)N2	1.0306716579054198
KARPAS1106P_HAEMATOPOIETIC_AND_LYMPHOID_TISSUE	CNCC1=CC=C(C=C1)C2=C3CCNC(=O)C4=C3C(=CC(=C4)F)N2	0.7531099051542509
KARPAS231_HAEMATOPOIETIC_AND_LYMPHOID_TISSUE	CNCC1=CC=C(C=C1)C2=C3CCNC(=O)C4=C3C(=CC(=C4)F)N2	0.8007523748576019
KARPAS299_HAEMATOPOIETIC_AND_LYMPHOID_TISSUE	CNCC1=CC=C(C=C1)C2=C3CCNC(=O)C4=C3C(=CC(=C4)F)N2	1.025579898352678
KARPAS422_HAEMATOPOIETIC_AND_LYMPHOID_TISSUE	CNCC1=CC=C(C=C1)C2=C3CCNC(=O)C4=C3C(=CC(=C4)F)N2	0.8695021499889906
KARPAS45_HAEMATOPOIETIC_AND_LYMPHOID_TISSUE	CNCC1=CC=C(C=C1)C2=C3CCNC(=O)C4=C3C(=CC(=C4)F)N2	0.8457373617775636
KARPAS620_HAEMATOPOIETIC_AND_LYMPHOID_TISSUE	CNCC1=CC=C(C=C1)C2=C3CCNC(=O)C4=C3C(=CC(=C4)F)N2	0.9903118384960564
KASUMI1_HAEMATOPOIETIC_AND_LYMPHOID_TISSUE	CNCC1=CC=C(C=C1)C2=C3CCNC(=O)C4=C3C(=CC(=C4)F)N2	0.8122808257401448
KATOIII_STOMACH	CNCC1=CC=C(C=C1)C2=C3CCNC(=O)C4=C3C(=CC(=C4)F)N2	0.7463418668367504
KE37_HAEMATOPOIETIC_AND_LYMPHOID_TISSUE	CNCC1=CC=C(C=C1)C2=C3CCNC(=O)C4=C3C(=CC(=C4)F)N2	0.8612536965513095
KGN_OVARY	CNCC1=CC=C(C=C1)C2=C3CCNC(=O)C4=C3C(=CC(=C4)F)N2	0.7361262474313441
KINGS1_CENTRAL_NERVOUS_SYSTEM	CNCC1=CC=C(C=C1)C2=C3CCNC(=O)C4=C3C(=CC(=C4)F)N2	0.7551000219821001
KLE_ENDOMETRIUM	CNCC1=CC=C(C=C1)C2=C3CCNC(=O)C4=C3C(=CC(=C4)F)N2	0.9321970172091504
KM12_LARGE_INTESTINE	CNCC1=CC=C(C=C1)C2=C3CCNC(=O)C4=C3C(=CC(=C4)F)N2	1.000598060651788
KMOE2_HAEMATOPOIETIC_AND_LYMPHOID_TISSUE	CNCC1=CC=C(C=C1)C2=C3CCNC(=O)C4=C3C(=CC(=C4)F)N2	0.9477222670173971
KMRC1_KIDNEY	CNCC1=CC=C(C=C1)C2=C3CCNC(=O)C4=C3C(=CC(=C4)F)N2	0.8023669365059388
KMRC20_KIDNEY	CNCC1=CC=C(C=C1)C2=C3CCNC(=O)C4=C3C(=CC(=C4)F)N2	0.8730641043268882
KNS42_CENTRAL_NERVOUS_SYSTEM	CNCC1=CC=C(C=C1)C2=C3CCNC(=O)C4=C3C(=CC(=C4)F)N2	0.9778039935144872
KNS62_LUNG	CNCC1=CC=C(C=C1)C2=C3CCNC(=O)C4=C3C(=CC(=C4)F)N2	0.849301192926838
KNS81FD_CENTRAL_NERVOUS_SYSTEM	CNCC1=CC=C(C=C1)C2=C3CCNC(=O)C4=C3C(=CC(=C4)F)N2	0.8009697963046812
KON_UPPER_AERODIGESTIVE_TRACT	CNCC1=CC=C(C=C1)C2=C3CCNC(=O)C4=C3C(=CC(=C4)F)N2	0.8198209845678238
KP1N_PANCREAS	CNCC1=CC=C(C=C1)C2=C3CCNC(=O)C4=C3C(=CC(=C4)F)N2	0.9674958889148944
KP3_PANCREAS	CNCC1=CC=C(C=C1)C2=C3CCNC(=O)C4=C3C(=CC(=C4)F)N2	0.9917309435349576
KP4_PANCREAS	CNCC1=CC=C(C=C1)C2=C3CCNC(=O)C4=C3C(=CC(=C4)F)N2	0.7551106874840807
KPNYN_AUTONOMIC_GANGLIA	CNCC1=CC=C(C=C1)C2=C3CCNC(=O)C4=C3C(=CC(=C4)F)N2	1.2904380797365689
KS1_CENTRAL_NERVOUS_SYSTEM	CNCC1=CC=C(C=C1)C2=C3CCNC(=O)C4=C3C(=CC(=C4)F)N2	0.7535484498212798
KU1919_URINARY_TRACT	CNCC1=CC=C(C=C1)C2=C3CCNC(=O)C4=C3C(=CC(=C4)F)N2	0.7121804333765703
KURAMOCHI_OVARY	CNCC1=CC=C(C=C1)C2=C3CCNC(=O)C4=C3C(=CC(=C4)F)N2	0.8408644077633033
KY821_HAEMATOPOIETIC_AND_LYMPHOID_TISSUE	CNCC1=CC=C(C=C1)C2=C3CCNC(=O)C4=C3C(=CC(=C4)F)N2	0.886917484373415
KYAE1_OESOPHAGUS	CNCC1=CC=C(C=C1)C2=C3CCNC(=O)C4=C3C(=CC(=C4)F)N2	0.765838551909358
KYM1_SOFT_TISSUE	CNCC1=CC=C(C=C1)C2=C3CCNC(=O)C4=C3C(=CC(=C4)F)N2	0.5769108544623117
KYSE150_OESOPHAGUS	CNCC1=CC=C(C=C1)C2=C3CCNC(=O)C4=C3C(=CC(=C4)F)N2	0.8641659079228907
KYSE410_OESOPHAGUS	CNCC1=CC=C(C=C1)C2=C3CCNC(=O)C4=C3C(=CC(=C4)F)N2	0.9510318555304992
KYSE450_OESOPHAGUS	CNCC1=CC=C(C=C1)C2=C3CCNC(=O)C4=C3C(=CC(=C4)F)N2	0.9074170698067832
KYSE520_OESOPHAGUS	CNCC1=CC=C(C=C1)C2=C3CCNC(=O)C4=C3C(=CC(=C4)F)N2	0.8464401089296129
L363_HAEMATOPOIETIC_AND_LYMPHOID_TISSUE	CNCC1=CC=C(C=C1)C2=C3CCNC(=O)C4=C3C(=CC(=C4)F)N2	0.8033194953397532
L428_HAEMATOPOIETIC_AND_LYMPHOID_TISSUE	CNCC1=CC=C(C=C1)C2=C3CCNC(=O)C4=C3C(=CC(=C4)F)N2	0.8989694215053811
L540_HAEMATOPOIETIC_AND_LYMPHOID_TISSUE	CNCC1=CC=C(C=C1)C2=C3CCNC(=O)C4=C3C(=CC(=C4)F)N2	1.0165260268055083
LAMA84_HAEMATOPOIETIC_AND_LYMPHOID_TISSUE	CNCC1=CC=C(C=C1)C2=C3CCNC(=O)C4=C3C(=CC(=C4)F)N2	1.137762928150258
LAN6_AUTONOMIC_GANGLIA	CNCC1=CC=C(C=C1)C2=C3CCNC(=O)C4=C3C(=CC(=C4)F)N2	0.8449667820639583
LB1047RCC_KIDNEY	CNCC1=CC=C(C=C1)C2=C3CCNC(=O)C4=C3C(=CC(=C4)F)N2	0.7935237377413641
LB373MELD_SKIN	CNCC1=CC=C(C=C1)C2=C3CCNC(=O)C4=C3C(=CC(=C4)F)N2	0.9443899548869924
LB771HNC_UPPER_AERODIGESTIVE_TRACT	CNCC1=CC=C(C=C1)C2=C3CCNC(=O)C4=C3C(=CC(=C4)F)N2	1.1245080720990497
LB831BLC_URINARY_TRACT	CNCC1=CC=C(C=C1)C2=C3CCNC(=O)C4=C3C(=CC(=C4)F)N2	0.9825121433326222
LC1SQ_LUNG	CNCC1=CC=C(C=C1)C2=C3CCNC(=O)C4=C3C(=CC(=C4)F)N2	0.9313068622526977
LC2AD_LUNG	CNCC1=CC=C(C=C1)C2=C3CCNC(=O)C4=C3C(=CC(=C4)F)N2	1.019577610691432
LCLC97TM1_LUNG	CNCC1=CC=C(C=C1)C2=C3CCNC(=O)C4=C3C(=CC(=C4)F)N2	0.7510530619474325
LK2_LUNG	CNCC1=CC=C(C=C1)C2=C3CCNC(=O)C4=C3C(=CC(=C4)F)N2	0.9140919432916876
LN18_CENTRAL_NERVOUS_SYSTEM	CNCC1=CC=C(C=C1)C2=C3CCNC(=O)C4=C3C(=CC(=C4)F)N2	1.0576307536010547
LN229_CENTRAL_NERVOUS_SYSTEM	CNCC1=CC=C(C=C1)C2=C3CCNC(=O)C4=C3C(=CC(=C4)F)N2	0.8128890120423551
LN405_CENTRAL_NERVOUS_SYSTEM	CNCC1=CC=C(C=C1)C2=C3CCNC(=O)C4=C3C(=CC(=C4)F)N2	0.5527717002852459
LNCAPCLONEFGC_PROSTATE	CNCC1=CC=C(C=C1)C2=C3CCNC(=O)C4=C3C(=CC(=C4)F)N2	0.8187436431583763
LNZTA3WT4_CENTRAL_NERVOUS_SYSTEM	CNCC1=CC=C(C=C1)C2=C3CCNC(=O)C4=C3C(=CC(=C4)F)N2	1.079890009614086
LOUNH91_LUNG	CNCC1=CC=C(C=C1)C2=C3CCNC(=O)C4=C3C(=CC(=C4)F)N2	1.1513164599739352
LOVO_LARGE_INTESTINE	CNCC1=CC=C(C=C1)C2=C3CCNC(=O)C4=C3C(=CC(=C4)F)N2	0.8096822399042762
LOXIMVI_SKIN	CNCC1=CC=C(C=C1)C2=C3CCNC(=O)C4=C3C(=CC(=C4)F)N2	0.9482663279205212
LP1_HAEMATOPOIETIC_AND_LYMPHOID_TISSUE	CNCC1=CC=C(C=C1)C2=C3CCNC(=O)C4=C3C(=CC(=C4)F)N2	0.9830690449319216
LS1034_LARGE_INTESTINE	CNCC1=CC=C(C=C1)C2=C3CCNC(=O)C4=C3C(=CC(=C4)F)N2	0.9341617926141272
LS123_LARGE_INTESTINE	CNCC1=CC=C(C=C1)C2=C3CCNC(=O)C4=C3C(=CC(=C4)F)N2	0.9638661379167061
LS180_LARGE_INTESTINE	CNCC1=CC=C(C=C1)C2=C3CCNC(=O)C4=C3C(=CC(=C4)F)N2	1.0869993061519043
LS411N_LARGE_INTESTINE	CNCC1=CC=C(C=C1)C2=C3CCNC(=O)C4=C3C(=CC(=C4)F)N2	1.037636046016236
LS513_LARGE_INTESTINE	CNCC1=CC=C(C=C1)C2=C3CCNC(=O)C4=C3C(=CC(=C4)F)N2	0.9791241822035964
LU134A_LUNG	CNCC1=CC=C(C=C1)C2=C3CCNC(=O)C4=C3C(=CC(=C4)F)N2	0.6665739852984195
LU165_LUNG	CNCC1=CC=C(C=C1)C2=C3CCNC(=O)C4=C3C(=CC(=C4)F)N2	1.0082349388408445
LU65_LUNG	CNCC1=CC=C(C=C1)C2=C3CCNC(=O)C4=C3C(=CC(=C4)F)N2	1.0007773560561684
LXF289_LUNG	CNCC1=CC=C(C=C1)C2=C3CCNC(=O)C4=C3C(=CC(=C4)F)N2	0.7743197736407218
M059J_CENTRAL_NERVOUS_SYSTEM	CNCC1=CC=C(C=C1)C2=C3CCNC(=O)C4=C3C(=CC(=C4)F)N2	0.8638441117970881
M14_SKIN	CNCC1=CC=C(C=C1)C2=C3CCNC(=O)C4=C3C(=CC(=C4)F)N2	0.8992288365629343
MC116_HAEMATOPOIETIC_AND_LYMPHOID_TISSUE	CNCC1=CC=C(C=C1)C2=C3CCNC(=O)C4=C3C(=CC(=C4)F)N2	0.9865141665244108
MCCAR_HAEMATOPOIETIC_AND_LYMPHOID_TISSUE	CNCC1=CC=C(C=C1)C2=C3CCNC(=O)C4=C3C(=CC(=C4)F)N2	0.7686529957242767
MCF7_BREAST	CNCC1=CC=C(C=C1)C2=C3CCNC(=O)C4=C3C(=CC(=C4)F)N2	0.7313594731079214
MCIXC_BONE	CNCC1=CC=C(C=C1)C2=C3CCNC(=O)C4=C3C(=CC(=C4)F)N2	0.6309982830044728
MDAMB157_BREAST	CNCC1=CC=C(C=C1)C2=C3CCNC(=O)C4=C3C(=CC(=C4)F)N2	0.8545628653644526
MDAMB175VII_BREAST	CNCC1=CC=C(C=C1)C2=C3CCNC(=O)C4=C3C(=CC(=C4)F)N2	1.181102374467036
MDAMB231_BREAST	CNCC1=CC=C(C=C1)C2=C3CCNC(=O)C4=C3C(=CC(=C4)F)N2	0.742644831776236
MDAMB361_BREAST	CNCC1=CC=C(C=C1)C2=C3CCNC(=O)C4=C3C(=CC(=C4)F)N2	1.0247098772004313
MDAMB436_BREAST	CNCC1=CC=C(C=C1)C2=C3CCNC(=O)C4=C3C(=CC(=C4)F)N2	0.9027954822816606
MDAMB453_BREAST	CNCC1=CC=C(C=C1)C2=C3CCNC(=O)C4=C3C(=CC(=C4)F)N2	1.1359773079054571
MDST8_LARGE_INTESTINE	CNCC1=CC=C(C=C1)C2=C3CCNC(=O)C4=C3C(=CC(=C4)F)N2	0.8954998408637163
ME180_CERVIX	CNCC1=CC=C(C=C1)C2=C3CCNC(=O)C4=C3C(=CC(=C4)F)N2	0.9027471721022108
MEG01_HAEMATOPOIETIC_AND_LYMPHOID_TISSUE	CNCC1=CC=C(C=C1)C2=C3CCNC(=O)C4=C3C(=CC(=C4)F)N2	1.0477919803023938
MELHO_SKIN	CNCC1=CC=C(C=C1)C2=C3CCNC(=O)C4=C3C(=CC(=C4)F)N2	1.0560925570263768
MEWO_SKIN	CNCC1=CC=C(C=C1)C2=C3CCNC(=O)C4=C3C(=CC(=C4)F)N2	0.938043027027778
MFE280_ENDOMETRIUM	CNCC1=CC=C(C=C1)C2=C3CCNC(=O)C4=C3C(=CC(=C4)F)N2	1.0048364745810263
MFE296_ENDOMETRIUM	CNCC1=CC=C(C=C1)C2=C3CCNC(=O)C4=C3C(=CC(=C4)F)N2	1.1146023856149074
MFE319_ENDOMETRIUM	CNCC1=CC=C(C=C1)C2=C3CCNC(=O)C4=C3C(=CC(=C4)F)N2	0.8212564575763194
MFM223_BREAST	CNCC1=CC=C(C=C1)C2=C3CCNC(=O)C4=C3C(=CC(=C4)F)N2	0.9377483053127686
MG63_BONE	CNCC1=CC=C(C=C1)C2=C3CCNC(=O)C4=C3C(=CC(=C4)F)N2	0.7285634601875725
MHHES1_BONE	CNCC1=CC=C(C=C1)C2=C3CCNC(=O)C4=C3C(=CC(=C4)F)N2	0.2100077899551596
MHHPREB1_HAEMATOPOIETIC_AND_LYMPHOID_TISSUE	CNCC1=CC=C(C=C1)C2=C3CCNC(=O)C4=C3C(=CC(=C4)F)N2	0.923720424600144
MIAPACA2_PANCREAS	CNCC1=CC=C(C=C1)C2=C3CCNC(=O)C4=C3C(=CC(=C4)F)N2	0.9160574483360286
MKN28_STOMACH	CNCC1=CC=C(C=C1)C2=C3CCNC(=O)C4=C3C(=CC(=C4)F)N2	0.8428352962263463
MKN45_STOMACH	CNCC1=CC=C(C=C1)C2=C3CCNC(=O)C4=C3C(=CC(=C4)F)N2	0.8913563367450623
MKN7_STOMACH	CNCC1=CC=C(C=C1)C2=C3CCNC(=O)C4=C3C(=CC(=C4)F)N2	0.7644194252968091
ML1_THYROID	CNCC1=CC=C(C=C1)C2=C3CCNC(=O)C4=C3C(=CC(=C4)F)N2	0.8200324263373504
ML2_HAEMATOPOIETIC_AND_LYMPHOID_TISSUE	CNCC1=CC=C(C=C1)C2=C3CCNC(=O)C4=C3C(=CC(=C4)F)N2	0.9811405964786388
MLMA_HAEMATOPOIETIC_AND_LYMPHOID_TISSUE	CNCC1=CC=C(C=C1)C2=C3CCNC(=O)C4=C3C(=CC(=C4)F)N2	0.9546663900794544
MM1S_HAEMATOPOIETIC_AND_LYMPHOID_TISSUE	CNCC1=CC=C(C=C1)C2=C3CCNC(=O)C4=C3C(=CC(=C4)F)N2	0.8839115190157163
MMACSF_SKIN	CNCC1=CC=C(C=C1)C2=C3CCNC(=O)C4=C3C(=CC(=C4)F)N2	0.8337270958236891
MN60_HAEMATOPOIETIC_AND_LYMPHOID_TISSUE	CNCC1=CC=C(C=C1)C2=C3CCNC(=O)C4=C3C(=CC(=C4)F)N2	0.9837784210369264
MOGGCCM_CENTRAL_NERVOUS_SYSTEM	CNCC1=CC=C(C=C1)C2=C3CCNC(=O)C4=C3C(=CC(=C4)F)N2	0.9997002821439972
MOGGUVW_CENTRAL_NERVOUS_SYSTEM	CNCC1=CC=C(C=C1)C2=C3CCNC(=O)C4=C3C(=CC(=C4)F)N2	0.7543570388027829
MOLT4_HAEMATOPOIETIC_AND_LYMPHOID_TISSUE	CNCC1=CC=C(C=C1)C2=C3CCNC(=O)C4=C3C(=CC(=C4)F)N2	0.8577123939978754
MONOMAC6_HAEMATOPOIETIC_AND_LYMPHOID_TISSUE	CNCC1=CC=C(C=C1)C2=C3CCNC(=O)C4=C3C(=CC(=C4)F)N2	0.8773779717266057
MOT_HAEMATOPOIETIC_AND_LYMPHOID_TISSUE	CNCC1=CC=C(C=C1)C2=C3CCNC(=O)C4=C3C(=CC(=C4)F)N2	0.7949247948276505
MPP89_PLEURA	CNCC1=CC=C(C=C1)C2=C3CCNC(=O)C4=C3C(=CC(=C4)F)N2	0.935953624488494
MRKNU1_BREAST	CNCC1=CC=C(C=C1)C2=C3CCNC(=O)C4=C3C(=CC(=C4)F)N2	0.9530232472524636
MS1_LUNG	CNCC1=CC=C(C=C1)C2=C3CCNC(=O)C4=C3C(=CC(=C4)F)N2	0.916903083181132
MS751_CERVIX	CNCC1=CC=C(C=C1)C2=C3CCNC(=O)C4=C3C(=CC(=C4)F)N2	0.9220092390422198
MSTO211H_PLEURA	CNCC1=CC=C(C=C1)C2=C3CCNC(=O)C4=C3C(=CC(=C4)F)N2	1.3173755380188634
MV411_HAEMATOPOIETIC_AND_LYMPHOID_TISSUE	CNCC1=CC=C(C=C1)C2=C3CCNC(=O)C4=C3C(=CC(=C4)F)N2	0.7311844692412925
MYM12_HAEMATOPOIETIC_AND_LYMPHOID_TISSUE	CNCC1=CC=C(C=C1)C2=C3CCNC(=O)C4=C3C(=CC(=C4)F)N2	0.663383152924726
MZ1PC_PANCREAS	CNCC1=CC=C(C=C1)C2=C3CCNC(=O)C4=C3C(=CC(=C4)F)N2	0.7744915546768252
MZ2MEL_SKIN	CNCC1=CC=C(C=C1)C2=C3CCNC(=O)C4=C3C(=CC(=C4)F)N2	0.8535915244163289
MZ7MEL_SKIN	CNCC1=CC=C(C=C1)C2=C3CCNC(=O)C4=C3C(=CC(=C4)F)N2	1.0372327938018566
NALM6_HAEMATOPOIETIC_AND_LYMPHOID_TISSUE	CNCC1=CC=C(C=C1)C2=C3CCNC(=O)C4=C3C(=CC(=C4)F)N2	0.8886434099526408
NAMALWA_HAEMATOPOIETIC_AND_LYMPHOID_TISSUE	CNCC1=CC=C(C=C1)C2=C3CCNC(=O)C4=C3C(=CC(=C4)F)N2	0.947238119448729
NB10_AUTONOMIC_GANGLIA	CNCC1=CC=C(C=C1)C2=C3CCNC(=O)C4=C3C(=CC(=C4)F)N2	0.8568905590045153
NB12_AUTONOMIC_GANGLIA	CNCC1=CC=C(C=C1)C2=C3CCNC(=O)C4=C3C(=CC(=C4)F)N2	0.7980830392156862
NB13_AUTONOMIC_GANGLIA	CNCC1=CC=C(C=C1)C2=C3CCNC(=O)C4=C3C(=CC(=C4)F)N2	0.7850918952387668
NB14_AUTONOMIC_GANGLIA	CNCC1=CC=C(C=C1)C2=C3CCNC(=O)C4=C3C(=CC(=C4)F)N2	0.7855722634551052
NB17_AUTONOMIC_GANGLIA	CNCC1=CC=C(C=C1)C2=C3CCNC(=O)C4=C3C(=CC(=C4)F)N2	0.7254910941624947
NB4_HAEMATOPOIETIC_AND_LYMPHOID_TISSUE	CNCC1=CC=C(C=C1)C2=C3CCNC(=O)C4=C3C(=CC(=C4)F)N2	0.915834485694322
NB69_AUTONOMIC_GANGLIA	CNCC1=CC=C(C=C1)C2=C3CCNC(=O)C4=C3C(=CC(=C4)F)N2	0.3718252546646233
NB7_AUTONOMIC_GANGLIA	CNCC1=CC=C(C=C1)C2=C3CCNC(=O)C4=C3C(=CC(=C4)F)N2	0.8329511692185638
NBTU110_AUTONOMIC_GANGLIA	CNCC1=CC=C(C=C1)C2=C3CCNC(=O)C4=C3C(=CC(=C4)F)N2	0.9188131866940416
NCC010_KIDNEY	CNCC1=CC=C(C=C1)C2=C3CCNC(=O)C4=C3C(=CC(=C4)F)N2	0.965376812865494
NCC021_KIDNEY	CNCC1=CC=C(C=C1)C2=C3CCNC(=O)C4=C3C(=CC(=C4)F)N2	0.9450402789978716
NCIH1048_LUNG	CNCC1=CC=C(C=C1)C2=C3CCNC(=O)C4=C3C(=CC(=C4)F)N2	0.5066575511304126
NCIH1299_LUNG	CNCC1=CC=C(C=C1)C2=C3CCNC(=O)C4=C3C(=CC(=C4)F)N2	0.9492553884477302
NCIH1304_LUNG	CNCC1=CC=C(C=C1)C2=C3CCNC(=O)C4=C3C(=CC(=C4)F)N2	0.8652701827545812
NCIH1355_LUNG	CNCC1=CC=C(C=C1)C2=C3CCNC(=O)C4=C3C(=CC(=C4)F)N2	0.851966861112776
NCIH1435_LUNG	CNCC1=CC=C(C=C1)C2=C3CCNC(=O)C4=C3C(=CC(=C4)F)N2	0.9553333101254264
NCIH1437_LUNG	CNCC1=CC=C(C=C1)C2=C3CCNC(=O)C4=C3C(=CC(=C4)F)N2	0.8640129289926911
NCIH1563_LUNG	CNCC1=CC=C(C=C1)C2=C3CCNC(=O)C4=C3C(=CC(=C4)F)N2	0.9606538188028136
NCIH1568_LUNG	CNCC1=CC=C(C=C1)C2=C3CCNC(=O)C4=C3C(=CC(=C4)F)N2	0.9082934132513923
NCIH1573_LUNG	CNCC1=CC=C(C=C1)C2=C3CCNC(=O)C4=C3C(=CC(=C4)F)N2	1.0368970292040414
NCIH1581_LUNG	CNCC1=CC=C(C=C1)C2=C3CCNC(=O)C4=C3C(=CC(=C4)F)N2	1.043224347466286
NCIH1623_LUNG	CNCC1=CC=C(C=C1)C2=C3CCNC(=O)C4=C3C(=CC(=C4)F)N2	0.8913582504424417
NCIH1648_LUNG	CNCC1=CC=C(C=C1)C2=C3CCNC(=O)C4=C3C(=CC(=C4)F)N2	0.8379321849175158
NCIH1688_LUNG	CNCC1=CC=C(C=C1)C2=C3CCNC(=O)C4=C3C(=CC(=C4)F)N2	0.8895212615082965
NCIH1693_LUNG	CNCC1=CC=C(C=C1)C2=C3CCNC(=O)C4=C3C(=CC(=C4)F)N2	0.7318777063284942
NCIH1755_LUNG	CNCC1=CC=C(C=C1)C2=C3CCNC(=O)C4=C3C(=CC(=C4)F)N2	0.9006063768429287
NCIH1770_LUNG	CNCC1=CC=C(C=C1)C2=C3CCNC(=O)C4=C3C(=CC(=C4)F)N2	0.9586230601578216
NCIH1781_LUNG	CNCC1=CC=C(C=C1)C2=C3CCNC(=O)C4=C3C(=CC(=C4)F)N2	1.0236929681370024
NCIH1793_LUNG	CNCC1=CC=C(C=C1)C2=C3CCNC(=O)C4=C3C(=CC(=C4)F)N2	0.8482058914197471
NCIH1838_LUNG	CNCC1=CC=C(C=C1)C2=C3CCNC(=O)C4=C3C(=CC(=C4)F)N2	1.0134438051535293
NCIH1869_LUNG	CNCC1=CC=C(C=C1)C2=C3CCNC(=O)C4=C3C(=CC(=C4)F)N2	1.0231331652874462
NCIH1876_LUNG	CNCC1=CC=C(C=C1)C2=C3CCNC(=O)C4=C3C(=CC(=C4)F)N2	0.6673079031461967
NCIH187_LUNG	CNCC1=CC=C(C=C1)C2=C3CCNC(=O)C4=C3C(=CC(=C4)F)N2	0.9260873353445568
NCIH1915_LUNG	CNCC1=CC=C(C=C1)C2=C3CCNC(=O)C4=C3C(=CC(=C4)F)N2	0.7932618495991712
NCIH1963_LUNG	CNCC1=CC=C(C=C1)C2=C3CCNC(=O)C4=C3C(=CC(=C4)F)N2	0.8937375172043805
NCIH1975_LUNG	CNCC1=CC=C(C=C1)C2=C3CCNC(=O)C4=C3C(=CC(=C4)F)N2	0.921103624124446
NCIH2023_LUNG	CNCC1=CC=C(C=C1)C2=C3CCNC(=O)C4=C3C(=CC(=C4)F)N2	0.9835300943028582
NCIH2029_LUNG	CNCC1=CC=C(C=C1)C2=C3CCNC(=O)C4=C3C(=CC(=C4)F)N2	1.0169212466675237
NCIH2030_LUNG	CNCC1=CC=C(C=C1)C2=C3CCNC(=O)C4=C3C(=CC(=C4)F)N2	0.7026774481229505
NCIH2052_PLEURA	CNCC1=CC=C(C=C1)C2=C3CCNC(=O)C4=C3C(=CC(=C4)F)N2	0.9043995005171144
NCIH2066_LUNG	CNCC1=CC=C(C=C1)C2=C3CCNC(=O)C4=C3C(=CC(=C4)F)N2	1.1640166088186903
NCIH2085_LUNG	CNCC1=CC=C(C=C1)C2=C3CCNC(=O)C4=C3C(=CC(=C4)F)N2	1.0143759591590806
NCIH2110_LUNG	CNCC1=CC=C(C=C1)C2=C3CCNC(=O)C4=C3C(=CC(=C4)F)N2	0.8476660984880039
NCIH211_LUNG	CNCC1=CC=C(C=C1)C2=C3CCNC(=O)C4=C3C(=CC(=C4)F)N2	0.8997795831859567
NCIH2122_LUNG	CNCC1=CC=C(C=C1)C2=C3CCNC(=O)C4=C3C(=CC(=C4)F)N2	0.970443415961435
NCIH2135_LUNG	CNCC1=CC=C(C=C1)C2=C3CCNC(=O)C4=C3C(=CC(=C4)F)N2	0.970622507124038
NCIH2141_LUNG	CNCC1=CC=C(C=C1)C2=C3CCNC(=O)C4=C3C(=CC(=C4)F)N2	0.9474039231819316
NCIH2227_LUNG	CNCC1=CC=C(C=C1)C2=C3CCNC(=O)C4=C3C(=CC(=C4)F)N2	0.7824382713075821
NCIH2291_LUNG	CNCC1=CC=C(C=C1)C2=C3CCNC(=O)C4=C3C(=CC(=C4)F)N2	0.8432933071152353
NCIH2342_LUNG	CNCC1=CC=C(C=C1)C2=C3CCNC(=O)C4=C3C(=CC(=C4)F)N2	0.944619331422134
NCIH2347_LUNG	CNCC1=CC=C(C=C1)C2=C3CCNC(=O)C4=C3C(=CC(=C4)F)N2	0.7537934184224416
NCIH2373_PLEURA	CNCC1=CC=C(C=C1)C2=C3CCNC(=O)C4=C3C(=CC(=C4)F)N2	1.0629491244078653
NCIH23_LUNG	CNCC1=CC=C(C=C1)C2=C3CCNC(=O)C4=C3C(=CC(=C4)F)N2	0.8601418113107822
NCIH2452_PLEURA	CNCC1=CC=C(C=C1)C2=C3CCNC(=O)C4=C3C(=CC(=C4)F)N2	0.8511307708535284
NCIH2591_PLEURA	CNCC1=CC=C(C=C1)C2=C3CCNC(=O)C4=C3C(=CC(=C4)F)N2	0.9491899080499836
NCIH2731_PLEURA	CNCC1=CC=C(C=C1)C2=C3CCNC(=O)C4=C3C(=CC(=C4)F)N2	1.0260588792291765
NCIH2803_PLEURA	CNCC1=CC=C(C=C1)C2=C3CCNC(=O)C4=C3C(=CC(=C4)F)N2	0.8756201050508121
NCIH2804_PLEURA	CNCC1=CC=C(C=C1)C2=C3CCNC(=O)C4=C3C(=CC(=C4)F)N2	0.7702632441233349
NCIH2810_PLEURA	CNCC1=CC=C(C=C1)C2=C3CCNC(=O)C4=C3C(=CC(=C4)F)N2	0.754612626378958
NCIH2818_PLEURA	CNCC1=CC=C(C=C1)C2=C3CCNC(=O)C4=C3C(=CC(=C4)F)N2	0.9008265717388064
NCIH2869_PLEURA	CNCC1=CC=C(C=C1)C2=C3CCNC(=O)C4=C3C(=CC(=C4)F)N2	1.0232733257453892
NCIH292_LUNG	CNCC1=CC=C(C=C1)C2=C3CCNC(=O)C4=C3C(=CC(=C4)F)N2	0.7454286898268967
NCIH3122_LUNG	CNCC1=CC=C(C=C1)C2=C3CCNC(=O)C4=C3C(=CC(=C4)F)N2	1.011978214706038
NCIH345_LUNG	CNCC1=CC=C(C=C1)C2=C3CCNC(=O)C4=C3C(=CC(=C4)F)N2	0.9301780258271144
NCIH358_LUNG	CNCC1=CC=C(C=C1)C2=C3CCNC(=O)C4=C3C(=CC(=C4)F)N2	0.985147144621224
NCIH460_LUNG	CNCC1=CC=C(C=C1)C2=C3CCNC(=O)C4=C3C(=CC(=C4)F)N2	0.8117531414308963
NCIH508_LARGE_INTESTINE	CNCC1=CC=C(C=C1)C2=C3CCNC(=O)C4=C3C(=CC(=C4)F)N2	0.8439804812428298
NCIH520_LUNG	CNCC1=CC=C(C=C1)C2=C3CCNC(=O)C4=C3C(=CC(=C4)F)N2	0.8873488621501021
NCIH524_LUNG	CNCC1=CC=C(C=C1)C2=C3CCNC(=O)C4=C3C(=CC(=C4)F)N2	0.8160736651432496
NCIH526_LUNG	CNCC1=CC=C(C=C1)C2=C3CCNC(=O)C4=C3C(=CC(=C4)F)N2	0.8351820080015504
NCIH647_LUNG	CNCC1=CC=C(C=C1)C2=C3CCNC(=O)C4=C3C(=CC(=C4)F)N2	0.7564214353833824
NCIH661_LUNG	CNCC1=CC=C(C=C1)C2=C3CCNC(=O)C4=C3C(=CC(=C4)F)N2	0.7255466056490579
NCIH69_LUNG	CNCC1=CC=C(C=C1)C2=C3CCNC(=O)C4=C3C(=CC(=C4)F)N2	0.9508335148860916
NCIH716_LARGE_INTESTINE	CNCC1=CC=C(C=C1)C2=C3CCNC(=O)C4=C3C(=CC(=C4)F)N2	0.8544434732751165
NCIH727_LUNG	CNCC1=CC=C(C=C1)C2=C3CCNC(=O)C4=C3C(=CC(=C4)F)N2	0.8603462180073401
NCIH835_LUNG	CNCC1=CC=C(C=C1)C2=C3CCNC(=O)C4=C3C(=CC(=C4)F)N2	0.9523761769919288
NCIH838_LUNG	CNCC1=CC=C(C=C1)C2=C3CCNC(=O)C4=C3C(=CC(=C4)F)N2	0.9664400656304792
NCIH841_LUNG	CNCC1=CC=C(C=C1)C2=C3CCNC(=O)C4=C3C(=CC(=C4)F)N2	1.0994076714352743
NCIH847_LUNG	CNCC1=CC=C(C=C1)C2=C3CCNC(=O)C4=C3C(=CC(=C4)F)N2	0.92345934988983
NEC8_TESTIS	CNCC1=CC=C(C=C1)C2=C3CCNC(=O)C4=C3C(=CC(=C4)F)N2	0.9634180493043768
NH12_AUTONOMIC_GANGLIA	CNCC1=CC=C(C=C1)C2=C3CCNC(=O)C4=C3C(=CC(=C4)F)N2	0.8236508212288534
NIHOVCAR3_OVARY	CNCC1=CC=C(C=C1)C2=C3CCNC(=O)C4=C3C(=CC(=C4)F)N2	0.8407726100490339
NKM1_HAEMATOPOIETIC_AND_LYMPHOID_TISSUE	CNCC1=CC=C(C=C1)C2=C3CCNC(=O)C4=C3C(=CC(=C4)F)N2	0.7210665868243994
NMCG1_CENTRAL_NERVOUS_SYSTEM	CNCC1=CC=C(C=C1)C2=C3CCNC(=O)C4=C3C(=CC(=C4)F)N2	0.7629668122245841
NO10_CENTRAL_NERVOUS_SYSTEM	CNCC1=CC=C(C=C1)C2=C3CCNC(=O)C4=C3C(=CC(=C4)F)N2	0.9043138286110124
NTERA2CLD1_TESTIS	CNCC1=CC=C(C=C1)C2=C3CCNC(=O)C4=C3C(=CC(=C4)F)N2	0.5624630731711207
NUDUL1_HAEMATOPOIETIC_AND_LYMPHOID_TISSUE	CNCC1=CC=C(C=C1)C2=C3CCNC(=O)C4=C3C(=CC(=C4)F)N2	1.1120005565426672
NUGC3_STOMACH	CNCC1=CC=C(C=C1)C2=C3CCNC(=O)C4=C3C(=CC(=C4)F)N2	0.7072441129668641
NUGC4_STOMACH	CNCC1=CC=C(C=C1)C2=C3CCNC(=O)C4=C3C(=CC(=C4)F)N2	1.0337222716682806
NY_BONE	CNCC1=CC=C(C=C1)C2=C3CCNC(=O)C4=C3C(=CC(=C4)F)N2	0.8281628702651865
OACM51_OESOPHAGUS	CNCC1=CC=C(C=C1)C2=C3CCNC(=O)C4=C3C(=CC(=C4)F)N2	0.9907287851153436
OACP4C_OESOPHAGUS	CNCC1=CC=C(C=C1)C2=C3CCNC(=O)C4=C3C(=CC(=C4)F)N2	0.9274878574034404
OAW28_OVARY	CNCC1=CC=C(C=C1)C2=C3CCNC(=O)C4=C3C(=CC(=C4)F)N2	0.7814602853836299
OAW42_OVARY	CNCC1=CC=C(C=C1)C2=C3CCNC(=O)C4=C3C(=CC(=C4)F)N2	0.827671898971157
OC314_OVARY	CNCC1=CC=C(C=C1)C2=C3CCNC(=O)C4=C3C(=CC(=C4)F)N2	0.8176265731989213
OCIAML3_HAEMATOPOIETIC_AND_LYMPHOID_TISSUE	CNCC1=CC=C(C=C1)C2=C3CCNC(=O)C4=C3C(=CC(=C4)F)N2	0.6861058488299352
OCIAML5_HAEMATOPOIETIC_AND_LYMPHOID_TISSUE	CNCC1=CC=C(C=C1)C2=C3CCNC(=O)C4=C3C(=CC(=C4)F)N2	0.9712891129746564
OCILY19_HAEMATOPOIETIC_AND_LYMPHOID_TISSUE	CNCC1=CC=C(C=C1)C2=C3CCNC(=O)C4=C3C(=CC(=C4)F)N2	0.7561516865493577
OCILY7_HAEMATOPOIETIC_AND_LYMPHOID_TISSUE	CNCC1=CC=C(C=C1)C2=C3CCNC(=O)C4=C3C(=CC(=C4)F)N2	0.8396873119082098
OCIM1_HAEMATOPOIETIC_AND_LYMPHOID_TISSUE	CNCC1=CC=C(C=C1)C2=C3CCNC(=O)C4=C3C(=CC(=C4)F)N2	0.9488195577276102
OCUBM_BREAST	CNCC1=CC=C(C=C1)C2=C3CCNC(=O)C4=C3C(=CC(=C4)F)N2	0.8943161861074587
OCUM1_STOMACH	CNCC1=CC=C(C=C1)C2=C3CCNC(=O)C4=C3C(=CC(=C4)F)N2	0.9279043478124932
OE19_OESOPHAGUS	CNCC1=CC=C(C=C1)C2=C3CCNC(=O)C4=C3C(=CC(=C4)F)N2	1.0180734725406373
OE33_OESOPHAGUS	CNCC1=CC=C(C=C1)C2=C3CCNC(=O)C4=C3C(=CC(=C4)F)N2	0.944349343265674
OMC1_CERVIX	CNCC1=CC=C(C=C1)C2=C3CCNC(=O)C4=C3C(=CC(=C4)F)N2	1.0047970012229144
ONS76_CENTRAL_NERVOUS_SYSTEM	CNCC1=CC=C(C=C1)C2=C3CCNC(=O)C4=C3C(=CC(=C4)F)N2	0.7071573572522355
OPM2_HAEMATOPOIETIC_AND_LYMPHOID_TISSUE	CNCC1=CC=C(C=C1)C2=C3CCNC(=O)C4=C3C(=CC(=C4)F)N2	0.9741663172649132
OSC19_UPPER_AERODIGESTIVE_TRACT	CNCC1=CC=C(C=C1)C2=C3CCNC(=O)C4=C3C(=CC(=C4)F)N2	0.9847513495003218
OSC20_UPPER_AERODIGESTIVE_TRACT	CNCC1=CC=C(C=C1)C2=C3CCNC(=O)C4=C3C(=CC(=C4)F)N2	0.7849578564990267
OSRC2_KIDNEY	CNCC1=CC=C(C=C1)C2=C3CCNC(=O)C4=C3C(=CC(=C4)F)N2	0.9086040125647236
OV17R_OVARY	CNCC1=CC=C(C=C1)C2=C3CCNC(=O)C4=C3C(=CC(=C4)F)N2	0.9000861330951496
OV56_OVARY	CNCC1=CC=C(C=C1)C2=C3CCNC(=O)C4=C3C(=CC(=C4)F)N2	0.8595363706293226
OV7_OVARY	CNCC1=CC=C(C=C1)C2=C3CCNC(=O)C4=C3C(=CC(=C4)F)N2	0.8993587590391436
OV90_OVARY	CNCC1=CC=C(C=C1)C2=C3CCNC(=O)C4=C3C(=CC(=C4)F)N2	0.9418195788506043
OVCA433_OVARY	CNCC1=CC=C(C=C1)C2=C3CCNC(=O)C4=C3C(=CC(=C4)F)N2	0.9214422136527264
OVCAR4_OVARY	CNCC1=CC=C(C=C1)C2=C3CCNC(=O)C4=C3C(=CC(=C4)F)N2	0.9887724624899924
OVCAR5_OVARY	CNCC1=CC=C(C=C1)C2=C3CCNC(=O)C4=C3C(=CC(=C4)F)N2	1.0102302320651348
OVCAR8_OVARY	CNCC1=CC=C(C=C1)C2=C3CCNC(=O)C4=C3C(=CC(=C4)F)N2	0.6417069616623394
OVISE_OVARY	CNCC1=CC=C(C=C1)C2=C3CCNC(=O)C4=C3C(=CC(=C4)F)N2	0.8068560239359535
OVK18_OVARY	CNCC1=CC=C(C=C1)C2=C3CCNC(=O)C4=C3C(=CC(=C4)F)N2	0.8293167694157457
OVMIU_OVARY	CNCC1=CC=C(C=C1)C2=C3CCNC(=O)C4=C3C(=CC(=C4)F)N2	0.8349457828895176
OVTOKO_OVARY	CNCC1=CC=C(C=C1)C2=C3CCNC(=O)C4=C3C(=CC(=C4)F)N2	0.8771270486311228
P12ICHIKAWA_HAEMATOPOIETIC_AND_LYMPHOID_TISSUE	CNCC1=CC=C(C=C1)C2=C3CCNC(=O)C4=C3C(=CC(=C4)F)N2	0.9425194355723476
P30OHK_HAEMATOPOIETIC_AND_LYMPHOID_TISSUE	CNCC1=CC=C(C=C1)C2=C3CCNC(=O)C4=C3C(=CC(=C4)F)N2	0.8612070777873285
P32ISH_HAEMATOPOIETIC_AND_LYMPHOID_TISSUE	CNCC1=CC=C(C=C1)C2=C3CCNC(=O)C4=C3C(=CC(=C4)F)N2	1.0577953473642006
PA1_OVARY	CNCC1=CC=C(C=C1)C2=C3CCNC(=O)C4=C3C(=CC(=C4)F)N2	0.6004112792840093
PANC0203_PANCREAS	CNCC1=CC=C(C=C1)C2=C3CCNC(=O)C4=C3C(=CC(=C4)F)N2	0.8674453506017676
PANC0403_PANCREAS	CNCC1=CC=C(C=C1)C2=C3CCNC(=O)C4=C3C(=CC(=C4)F)N2	0.8249484707376555
PATU8902_PANCREAS	CNCC1=CC=C(C=C1)C2=C3CCNC(=O)C4=C3C(=CC(=C4)F)N2	0.8089542865049266
PATU8988T_PANCREAS	CNCC1=CC=C(C=C1)C2=C3CCNC(=O)C4=C3C(=CC(=C4)F)N2	0.8521241795933279
PC14_LUNG	CNCC1=CC=C(C=C1)C2=C3CCNC(=O)C4=C3C(=CC(=C4)F)N2	0.913518143556104
PC3_PROSTATE	CNCC1=CC=C(C=C1)C2=C3CCNC(=O)C4=C3C(=CC(=C4)F)N2	0.8401366276305701
PCI15A_UPPER_AERODIGESTIVE_TRACT	CNCC1=CC=C(C=C1)C2=C3CCNC(=O)C4=C3C(=CC(=C4)F)N2	0.8664690037255395
PCI30_UPPER_AERODIGESTIVE_TRACT	CNCC1=CC=C(C=C1)C2=C3CCNC(=O)C4=C3C(=CC(=C4)F)N2	0.7803676266035229
PCI38_UPPER_AERODIGESTIVE_TRACT	CNCC1=CC=C(C=C1)C2=C3CCNC(=O)C4=C3C(=CC(=C4)F)N2	0.8397974644131133
PCI4B_UPPER_AERODIGESTIVE_TRACT	CNCC1=CC=C(C=C1)C2=C3CCNC(=O)C4=C3C(=CC(=C4)F)N2	0.7432049243667331
PCI6A_UPPER_AERODIGESTIVE_TRACT	CNCC1=CC=C(C=C1)C2=C3CCNC(=O)C4=C3C(=CC(=C4)F)N2	0.8741894891512296
PECAPJ15_UPPER_AERODIGESTIVE_TRACT	CNCC1=CC=C(C=C1)C2=C3CCNC(=O)C4=C3C(=CC(=C4)F)N2	0.9092878881292712
PEO1_OVARY	CNCC1=CC=C(C=C1)C2=C3CCNC(=O)C4=C3C(=CC(=C4)F)N2	0.9800790586785142
PFSK1_CENTRAL_NERVOUS_SYSTEM	CNCC1=CC=C(C=C1)C2=C3CCNC(=O)C4=C3C(=CC(=C4)F)N2	0.9274752270684276
PL18_PANCREAS	CNCC1=CC=C(C=C1)C2=C3CCNC(=O)C4=C3C(=CC(=C4)F)N2	0.7577724383253815
PL4_PANCREAS	CNCC1=CC=C(C=C1)C2=C3CCNC(=O)C4=C3C(=CC(=C4)F)N2	0.9984164496642856
PSN1_PANCREAS	CNCC1=CC=C(C=C1)C2=C3CCNC(=O)C4=C3C(=CC(=C4)F)N2	0.9175979175223832
PWR1E_PROSTATE	CNCC1=CC=C(C=C1)C2=C3CCNC(=O)C4=C3C(=CC(=C4)F)N2	0.944867424709254
QIMRWIL_HAEMATOPOIETIC_AND_LYMPHOID_TISSUE	CNCC1=CC=C(C=C1)C2=C3CCNC(=O)C4=C3C(=CC(=C4)F)N2	0.9747625272603576
RAJI_HAEMATOPOIETIC_AND_LYMPHOID_TISSUE	CNCC1=CC=C(C=C1)C2=C3CCNC(=O)C4=C3C(=CC(=C4)F)N2	0.8548691406034874
RCCAB_KIDNEY	CNCC1=CC=C(C=C1)C2=C3CCNC(=O)C4=C3C(=CC(=C4)F)N2	0.9611997193008988
RCCFG2_KIDNEY	CNCC1=CC=C(C=C1)C2=C3CCNC(=O)C4=C3C(=CC(=C4)F)N2	0.9122084799722652
RCCJF_KIDNEY	CNCC1=CC=C(C=C1)C2=C3CCNC(=O)C4=C3C(=CC(=C4)F)N2	0.7746727452537178
RCCMF_KIDNEY	CNCC1=CC=C(C=C1)C2=C3CCNC(=O)C4=C3C(=CC(=C4)F)N2	0.9521979967274188
RCHACV_HAEMATOPOIETIC_AND_LYMPHOID_TISSUE	CNCC1=CC=C(C=C1)C2=C3CCNC(=O)C4=C3C(=CC(=C4)F)N2	0.8041363444442283
RCK8_HAEMATOPOIETIC_AND_LYMPHOID_TISSUE	CNCC1=CC=C(C=C1)C2=C3CCNC(=O)C4=C3C(=CC(=C4)F)N2	1.018721489197254
RCM1_LARGE_INTESTINE	CNCC1=CC=C(C=C1)C2=C3CCNC(=O)C4=C3C(=CC(=C4)F)N2	0.9020594622522999
RD_SOFT_TISSUE	CNCC1=CC=C(C=C1)C2=C3CCNC(=O)C4=C3C(=CC(=C4)F)N2	0.7418591839746657
RERFLCMS_LUNG	CNCC1=CC=C(C=C1)C2=C3CCNC(=O)C4=C3C(=CC(=C4)F)N2	0.8447865528886792
RF48_HAEMATOPOIETIC_AND_LYMPHOID_TISSUE	CNCC1=CC=C(C=C1)C2=C3CCNC(=O)C4=C3C(=CC(=C4)F)N2	0.931642006126178
RH18_SOFT_TISSUE	CNCC1=CC=C(C=C1)C2=C3CCNC(=O)C4=C3C(=CC(=C4)F)N2	0.7906998922061873
RH1_BONE	CNCC1=CC=C(C=C1)C2=C3CCNC(=O)C4=C3C(=CC(=C4)F)N2	0.6497686816174677
RH41_SOFT_TISSUE	CNCC1=CC=C(C=C1)C2=C3CCNC(=O)C4=C3C(=CC(=C4)F)N2	0.98354392621681
RKN_SOFT_TISSUE	CNCC1=CC=C(C=C1)C2=C3CCNC(=O)C4=C3C(=CC(=C4)F)N2	0.9127321977457684
RKO_LARGE_INTESTINE	CNCC1=CC=C(C=C1)C2=C3CCNC(=O)C4=C3C(=CC(=C4)F)N2	0.9861357158836923
RL_HAEMATOPOIETIC_AND_LYMPHOID_TISSUE	CNCC1=CC=C(C=C1)C2=C3CCNC(=O)C4=C3C(=CC(=C4)F)N2	0.8932015357752585
RMUGS_OVARY	CNCC1=CC=C(C=C1)C2=C3CCNC(=O)C4=C3C(=CC(=C4)F)N2	0.8007699014328298
RO82W1_THYROID	CNCC1=CC=C(C=C1)C2=C3CCNC(=O)C4=C3C(=CC(=C4)F)N2	0.9153966113383052
RPMI6666_HAEMATOPOIETIC_AND_LYMPHOID_TISSUE	CNCC1=CC=C(C=C1)C2=C3CCNC(=O)C4=C3C(=CC(=C4)F)N2	0.7734660396350975
RPMI7951_SKIN	CNCC1=CC=C(C=C1)C2=C3CCNC(=O)C4=C3C(=CC(=C4)F)N2	0.920079760740059
RPMI8226_HAEMATOPOIETIC_AND_LYMPHOID_TISSUE	CNCC1=CC=C(C=C1)C2=C3CCNC(=O)C4=C3C(=CC(=C4)F)N2	0.9910992340142202
RPMI8402_HAEMATOPOIETIC_AND_LYMPHOID_TISSUE	CNCC1=CC=C(C=C1)C2=C3CCNC(=O)C4=C3C(=CC(=C4)F)N2	0.9337470941554716
RPMI8866_HAEMATOPOIETIC_AND_LYMPHOID_TISSUE	CNCC1=CC=C(C=C1)C2=C3CCNC(=O)C4=C3C(=CC(=C4)F)N2	0.8413000697665918
RVH421_SKIN	CNCC1=CC=C(C=C1)C2=C3CCNC(=O)C4=C3C(=CC(=C4)F)N2	0.848541854849054
SAOS2_BONE	CNCC1=CC=C(C=C1)C2=C3CCNC(=O)C4=C3C(=CC(=C4)F)N2	0.9042027834896146
SAS_UPPER_AERODIGESTIVE_TRACT	CNCC1=CC=C(C=C1)C2=C3CCNC(=O)C4=C3C(=CC(=C4)F)N2	0.900957413514947
SBC1_LUNG	CNCC1=CC=C(C=C1)C2=C3CCNC(=O)C4=C3C(=CC(=C4)F)N2	1.0895439079340457
SBC5_LUNG	CNCC1=CC=C(C=C1)C2=C3CCNC(=O)C4=C3C(=CC(=C4)F)N2	0.9892833909652654
SCC15_UPPER_AERODIGESTIVE_TRACT	CNCC1=CC=C(C=C1)C2=C3CCNC(=O)C4=C3C(=CC(=C4)F)N2	0.6858026858636673
SCC9_UPPER_AERODIGESTIVE_TRACT	CNCC1=CC=C(C=C1)C2=C3CCNC(=O)C4=C3C(=CC(=C4)F)N2	0.924894840522956
SH4_SKIN	CNCC1=CC=C(C=C1)C2=C3CCNC(=O)C4=C3C(=CC(=C4)F)N2	1.0225556316367006
SIMA_AUTONOMIC_GANGLIA	CNCC1=CC=C(C=C1)C2=C3CCNC(=O)C4=C3C(=CC(=C4)F)N2	0.9090163725662108
SISO_CERVIX	CNCC1=CC=C(C=C1)C2=C3CCNC(=O)C4=C3C(=CC(=C4)F)N2	0.9173939814236648
SJSA1_BONE	CNCC1=CC=C(C=C1)C2=C3CCNC(=O)C4=C3C(=CC(=C4)F)N2	0.8474910231627455
SKCO1_LARGE_INTESTINE	CNCC1=CC=C(C=C1)C2=C3CCNC(=O)C4=C3C(=CC(=C4)F)N2	1.0117010478505457
SKGIIIA_CERVIX	CNCC1=CC=C(C=C1)C2=C3CCNC(=O)C4=C3C(=CC(=C4)F)N2	0.9721977820167096
SKGT2_STOMACH	CNCC1=CC=C(C=C1)C2=C3CCNC(=O)C4=C3C(=CC(=C4)F)N2	0.9603369787509576
SKHEP1_LIVER	CNCC1=CC=C(C=C1)C2=C3CCNC(=O)C4=C3C(=CC(=C4)F)N2	0.899492401972074
SKLMS1_SOFT_TISSUE	CNCC1=CC=C(C=C1)C2=C3CCNC(=O)C4=C3C(=CC(=C4)F)N2	0.9173692910782796
SKM1_HAEMATOPOIETIC_AND_LYMPHOID_TISSUE	CNCC1=CC=C(C=C1)C2=C3CCNC(=O)C4=C3C(=CC(=C4)F)N2	0.6876941100771595
SKMEL1_SKIN	CNCC1=CC=C(C=C1)C2=C3CCNC(=O)C4=C3C(=CC(=C4)F)N2	0.938823009122753
SKMEL24_SKIN	CNCC1=CC=C(C=C1)C2=C3CCNC(=O)C4=C3C(=CC(=C4)F)N2	1.0796008175653204
SKMEL28_SKIN	CNCC1=CC=C(C=C1)C2=C3CCNC(=O)C4=C3C(=CC(=C4)F)N2	0.9849258241301555
SKMEL30_SKIN	CNCC1=CC=C(C=C1)C2=C3CCNC(=O)C4=C3C(=CC(=C4)F)N2	1.0636226541255376
SKMEL31_SKIN	CNCC1=CC=C(C=C1)C2=C3CCNC(=O)C4=C3C(=CC(=C4)F)N2	1.0461458758026474
SKMES1_LUNG	CNCC1=CC=C(C=C1)C2=C3CCNC(=O)C4=C3C(=CC(=C4)F)N2	0.7537602933619001
SKMG1_CENTRAL_NERVOUS_SYSTEM	CNCC1=CC=C(C=C1)C2=C3CCNC(=O)C4=C3C(=CC(=C4)F)N2	0.8103011988730747
SKN3_UPPER_AERODIGESTIVE_TRACT	CNCC1=CC=C(C=C1)C2=C3CCNC(=O)C4=C3C(=CC(=C4)F)N2	0.7986257765667968
SKNDZ_AUTONOMIC_GANGLIA	CNCC1=CC=C(C=C1)C2=C3CCNC(=O)C4=C3C(=CC(=C4)F)N2	0.8898022497574593
SKNFI_AUTONOMIC_GANGLIA	CNCC1=CC=C(C=C1)C2=C3CCNC(=O)C4=C3C(=CC(=C4)F)N2	0.8962335238762299
SKNSH_AUTONOMIC_GANGLIA	CNCC1=CC=C(C=C1)C2=C3CCNC(=O)C4=C3C(=CC(=C4)F)N2	0.991327808752002
SKN_ENDOMETRIUM	CNCC1=CC=C(C=C1)C2=C3CCNC(=O)C4=C3C(=CC(=C4)F)N2	0.8762488736164314
SKOV3_OVARY	CNCC1=CC=C(C=C1)C2=C3CCNC(=O)C4=C3C(=CC(=C4)F)N2	0.9937797561072426
SLVL_HAEMATOPOIETIC_AND_LYMPHOID_TISSUE	CNCC1=CC=C(C=C1)C2=C3CCNC(=O)C4=C3C(=CC(=C4)F)N2	0.869249956132289
SN12C_KIDNEY	CNCC1=CC=C(C=C1)C2=C3CCNC(=O)C4=C3C(=CC(=C4)F)N2	0.7523020315322618
SNB75_CENTRAL_NERVOUS_SYSTEM	CNCC1=CC=C(C=C1)C2=C3CCNC(=O)C4=C3C(=CC(=C4)F)N2	0.9735837863822452
SNGM_ENDOMETRIUM	CNCC1=CC=C(C=C1)C2=C3CCNC(=O)C4=C3C(=CC(=C4)F)N2	1.0846451126115046
SNU1040_LARGE_INTESTINE	CNCC1=CC=C(C=C1)C2=C3CCNC(=O)C4=C3C(=CC(=C4)F)N2	0.988679178583571
SNU16_STOMACH	CNCC1=CC=C(C=C1)C2=C3CCNC(=O)C4=C3C(=CC(=C4)F)N2	0.9270069907644224
SNU182_LIVER	CNCC1=CC=C(C=C1)C2=C3CCNC(=O)C4=C3C(=CC(=C4)F)N2	0.9991502358936296
SNU1_STOMACH	CNCC1=CC=C(C=C1)C2=C3CCNC(=O)C4=C3C(=CC(=C4)F)N2	1.034700177429891
SNU398_LIVER	CNCC1=CC=C(C=C1)C2=C3CCNC(=O)C4=C3C(=CC(=C4)F)N2	1.1347062489119029
SNU407_LARGE_INTESTINE	CNCC1=CC=C(C=C1)C2=C3CCNC(=O)C4=C3C(=CC(=C4)F)N2	1.017230656898839
SNU81_LARGE_INTESTINE	CNCC1=CC=C(C=C1)C2=C3CCNC(=O)C4=C3C(=CC(=C4)F)N2	0.8816660822720744
SNUC2B_LARGE_INTESTINE	CNCC1=CC=C(C=C1)C2=C3CCNC(=O)C4=C3C(=CC(=C4)F)N2	1.0052651667330204
SNUC5_LARGE_INTESTINE	CNCC1=CC=C(C=C1)C2=C3CCNC(=O)C4=C3C(=CC(=C4)F)N2	1.1748608552799362
SR786_HAEMATOPOIETIC_AND_LYMPHOID_TISSUE	CNCC1=CC=C(C=C1)C2=C3CCNC(=O)C4=C3C(=CC(=C4)F)N2	0.6493310190305318
SU8686_PANCREAS	CNCC1=CC=C(C=C1)C2=C3CCNC(=O)C4=C3C(=CC(=C4)F)N2	0.9434152188345558
SUDHL16_HAEMATOPOIETIC_AND_LYMPHOID_TISSUE	CNCC1=CC=C(C=C1)C2=C3CCNC(=O)C4=C3C(=CC(=C4)F)N2	0.8231966038905507
SUDHL4_HAEMATOPOIETIC_AND_LYMPHOID_TISSUE	CNCC1=CC=C(C=C1)C2=C3CCNC(=O)C4=C3C(=CC(=C4)F)N2	0.8832748388458644
SUDHL5_HAEMATOPOIETIC_AND_LYMPHOID_TISSUE	CNCC1=CC=C(C=C1)C2=C3CCNC(=O)C4=C3C(=CC(=C4)F)N2	0.6544277670070546
SUDHL6_HAEMATOPOIETIC_AND_LYMPHOID_TISSUE	CNCC1=CC=C(C=C1)C2=C3CCNC(=O)C4=C3C(=CC(=C4)F)N2	0.963596494300422
SUIT2_PANCREAS	CNCC1=CC=C(C=C1)C2=C3CCNC(=O)C4=C3C(=CC(=C4)F)N2	0.9326982836014752
SUPB15_HAEMATOPOIETIC_AND_LYMPHOID_TISSUE	CNCC1=CC=C(C=C1)C2=C3CCNC(=O)C4=C3C(=CC(=C4)F)N2	0.4792320312569563
SUPB8_HAEMATOPOIETIC_AND_LYMPHOID_TISSUE	CNCC1=CC=C(C=C1)C2=C3CCNC(=O)C4=C3C(=CC(=C4)F)N2	1.0197831036232303
SUPHD1_HAEMATOPOIETIC_AND_LYMPHOID_TISSUE	CNCC1=CC=C(C=C1)C2=C3CCNC(=O)C4=C3C(=CC(=C4)F)N2	0.9124094804526184
SUPM2_HAEMATOPOIETIC_AND_LYMPHOID_TISSUE	CNCC1=CC=C(C=C1)C2=C3CCNC(=O)C4=C3C(=CC(=C4)F)N2	0.7767002605873472
SUPT1_HAEMATOPOIETIC_AND_LYMPHOID_TISSUE	CNCC1=CC=C(C=C1)C2=C3CCNC(=O)C4=C3C(=CC(=C4)F)N2	0.88852718156546
SW1116_LARGE_INTESTINE	CNCC1=CC=C(C=C1)C2=C3CCNC(=O)C4=C3C(=CC(=C4)F)N2	0.9899543528556032
SW1271_LUNG	CNCC1=CC=C(C=C1)C2=C3CCNC(=O)C4=C3C(=CC(=C4)F)N2	0.930259967986968
SW13_ADRENAL_CORTEX	CNCC1=CC=C(C=C1)C2=C3CCNC(=O)C4=C3C(=CC(=C4)F)N2	0.8619202214681292
SW1417_LARGE_INTESTINE	CNCC1=CC=C(C=C1)C2=C3CCNC(=O)C4=C3C(=CC(=C4)F)N2	1.0083584197323892
SW1463_LARGE_INTESTINE	CNCC1=CC=C(C=C1)C2=C3CCNC(=O)C4=C3C(=CC(=C4)F)N2	1.032553634414438
SW156_KIDNEY	CNCC1=CC=C(C=C1)C2=C3CCNC(=O)C4=C3C(=CC(=C4)F)N2	0.7947277646427477
SW1573_LUNG	CNCC1=CC=C(C=C1)C2=C3CCNC(=O)C4=C3C(=CC(=C4)F)N2	0.8041865244639314
SW1710_URINARY_TRACT	CNCC1=CC=C(C=C1)C2=C3CCNC(=O)C4=C3C(=CC(=C4)F)N2	0.7961727418384847
SW1783_CENTRAL_NERVOUS_SYSTEM	CNCC1=CC=C(C=C1)C2=C3CCNC(=O)C4=C3C(=CC(=C4)F)N2	0.8747354171995223
SW1990_PANCREAS	CNCC1=CC=C(C=C1)C2=C3CCNC(=O)C4=C3C(=CC(=C4)F)N2	1.0572775472663751
SW480_LARGE_INTESTINE	CNCC1=CC=C(C=C1)C2=C3CCNC(=O)C4=C3C(=CC(=C4)F)N2	0.9305303649317964
SW48_LARGE_INTESTINE	CNCC1=CC=C(C=C1)C2=C3CCNC(=O)C4=C3C(=CC(=C4)F)N2	0.9508919352796092
SW620_LARGE_INTESTINE	CNCC1=CC=C(C=C1)C2=C3CCNC(=O)C4=C3C(=CC(=C4)F)N2	0.9160049892252629
SW626_LARGE_INTESTINE	CNCC1=CC=C(C=C1)C2=C3CCNC(=O)C4=C3C(=CC(=C4)F)N2	1.0334561448511068
SW756_CERVIX	CNCC1=CC=C(C=C1)C2=C3CCNC(=O)C4=C3C(=CC(=C4)F)N2	1.1468157515114992
SW780_URINARY_TRACT	CNCC1=CC=C(C=C1)C2=C3CCNC(=O)C4=C3C(=CC(=C4)F)N2	0.9652693399554628
SW872_SOFT_TISSUE	CNCC1=CC=C(C=C1)C2=C3CCNC(=O)C4=C3C(=CC(=C4)F)N2	0.9580112484374206
SW948_LARGE_INTESTINE	CNCC1=CC=C(C=C1)C2=C3CCNC(=O)C4=C3C(=CC(=C4)F)N2	1.0089459726441357
SW954_CERVIX	CNCC1=CC=C(C=C1)C2=C3CCNC(=O)C4=C3C(=CC(=C4)F)N2	0.616422444618504
SW962_VULVA	CNCC1=CC=C(C=C1)C2=C3CCNC(=O)C4=C3C(=CC(=C4)F)N2	0.7351360691571592
SW982_SOFT_TISSUE	CNCC1=CC=C(C=C1)C2=C3CCNC(=O)C4=C3C(=CC(=C4)F)N2	0.7028003007398079
T24_URINARY_TRACT	CNCC1=CC=C(C=C1)C2=C3CCNC(=O)C4=C3C(=CC(=C4)F)N2	0.8821132966016659
T3M10_LUNG	CNCC1=CC=C(C=C1)C2=C3CCNC(=O)C4=C3C(=CC(=C4)F)N2	0.8633359691628649
T47D_BREAST	CNCC1=CC=C(C=C1)C2=C3CCNC(=O)C4=C3C(=CC(=C4)F)N2	0.7916704661549958
TC71_BONE	CNCC1=CC=C(C=C1)C2=C3CCNC(=O)C4=C3C(=CC(=C4)F)N2	0.9215829370243368
TCCSUP_URINARY_TRACT	CNCC1=CC=C(C=C1)C2=C3CCNC(=O)C4=C3C(=CC(=C4)F)N2	0.88929201697633
TCYIK_CERVIX	CNCC1=CC=C(C=C1)C2=C3CCNC(=O)C4=C3C(=CC(=C4)F)N2	0.937563791652146
TE10_OESOPHAGUS	CNCC1=CC=C(C=C1)C2=C3CCNC(=O)C4=C3C(=CC(=C4)F)N2	0.7897943308517107
TE11_OESOPHAGUS	CNCC1=CC=C(C=C1)C2=C3CCNC(=O)C4=C3C(=CC(=C4)F)N2	0.8627727691715774
TE12_OESOPHAGUS	CNCC1=CC=C(C=C1)C2=C3CCNC(=O)C4=C3C(=CC(=C4)F)N2	0.9354241203314037
TE15_OESOPHAGUS	CNCC1=CC=C(C=C1)C2=C3CCNC(=O)C4=C3C(=CC(=C4)F)N2	0.9152000346148996
TE1_OESOPHAGUS	CNCC1=CC=C(C=C1)C2=C3CCNC(=O)C4=C3C(=CC(=C4)F)N2	0.7518925381238173
TE8_OESOPHAGUS	CNCC1=CC=C(C=C1)C2=C3CCNC(=O)C4=C3C(=CC(=C4)F)N2	0.7389870945251789
TE9_OESOPHAGUS	CNCC1=CC=C(C=C1)C2=C3CCNC(=O)C4=C3C(=CC(=C4)F)N2	0.7948819122309535
TGBC11TKB_STOMACH	CNCC1=CC=C(C=C1)C2=C3CCNC(=O)C4=C3C(=CC(=C4)F)N2	0.858231763798306
TGBC24TKB_BILIARY_TRACT	CNCC1=CC=C(C=C1)C2=C3CCNC(=O)C4=C3C(=CC(=C4)F)N2	0.8175963004013121
TGW_AUTONOMIC_GANGLIA	CNCC1=CC=C(C=C1)C2=C3CCNC(=O)C4=C3C(=CC(=C4)F)N2	0.8633847592574639
THP1_HAEMATOPOIETIC_AND_LYMPHOID_TISSUE	CNCC1=CC=C(C=C1)C2=C3CCNC(=O)C4=C3C(=CC(=C4)F)N2	0.8620641897529705
TK10_KIDNEY	CNCC1=CC=C(C=C1)C2=C3CCNC(=O)C4=C3C(=CC(=C4)F)N2	0.9147052232638896
TK_HAEMATOPOIETIC_AND_LYMPHOID_TISSUE	CNCC1=CC=C(C=C1)C2=C3CCNC(=O)C4=C3C(=CC(=C4)F)N2	0.992804594445998
TMK1_STOMACH	CNCC1=CC=C(C=C1)C2=C3CCNC(=O)C4=C3C(=CC(=C4)F)N2	0.9168881223469972
TOV112D_OVARY	CNCC1=CC=C(C=C1)C2=C3CCNC(=O)C4=C3C(=CC(=C4)F)N2	0.8598713738828276
TT2609C02_THYROID	CNCC1=CC=C(C=C1)C2=C3CCNC(=O)C4=C3C(=CC(=C4)F)N2	0.7666647932948765
TT_THYROID	CNCC1=CC=C(C=C1)C2=C3CCNC(=O)C4=C3C(=CC(=C4)F)N2	0.8991587324772853
TYKNU_OVARY	CNCC1=CC=C(C=C1)C2=C3CCNC(=O)C4=C3C(=CC(=C4)F)N2	0.8671587798248257
U251MG_CENTRAL_NERVOUS_SYSTEM	CNCC1=CC=C(C=C1)C2=C3CCNC(=O)C4=C3C(=CC(=C4)F)N2	0.6149252090410805
U2OS_BONE	CNCC1=CC=C(C=C1)C2=C3CCNC(=O)C4=C3C(=CC(=C4)F)N2	0.7438065241829269
U698M_HAEMATOPOIETIC_AND_LYMPHOID_TISSUE	CNCC1=CC=C(C=C1)C2=C3CCNC(=O)C4=C3C(=CC(=C4)F)N2	1.0029719487857855
U87MG_CENTRAL_NERVOUS_SYSTEM	CNCC1=CC=C(C=C1)C2=C3CCNC(=O)C4=C3C(=CC(=C4)F)N2	0.9951824722886804
U937_HAEMATOPOIETIC_AND_LYMPHOID_TISSUE	CNCC1=CC=C(C=C1)C2=C3CCNC(=O)C4=C3C(=CC(=C4)F)N2	0.8745254406069853
UACC257_SKIN	CNCC1=CC=C(C=C1)C2=C3CCNC(=O)C4=C3C(=CC(=C4)F)N2	0.7095427310040187
UACC62_SKIN	CNCC1=CC=C(C=C1)C2=C3CCNC(=O)C4=C3C(=CC(=C4)F)N2	0.7863343270423181
UMC11_LUNG	CNCC1=CC=C(C=C1)C2=C3CCNC(=O)C4=C3C(=CC(=C4)F)N2	0.9385230271706482
UMUC3_URINARY_TRACT	CNCC1=CC=C(C=C1)C2=C3CCNC(=O)C4=C3C(=CC(=C4)F)N2	0.8572245756550875
UO31_KIDNEY	CNCC1=CC=C(C=C1)C2=C3CCNC(=O)C4=C3C(=CC(=C4)F)N2	0.8594678820551143
UWB1289_OVARY	CNCC1=CC=C(C=C1)C2=C3CCNC(=O)C4=C3C(=CC(=C4)F)N2	1.0072809017292608
VAESBJ_SOFT_TISSUE	CNCC1=CC=C(C=C1)C2=C3CCNC(=O)C4=C3C(=CC(=C4)F)N2	0.8755287334886855
VMCUB1_URINARY_TRACT	CNCC1=CC=C(C=C1)C2=C3CCNC(=O)C4=C3C(=CC(=C4)F)N2	0.979743757750846
VMRCLCD_LUNG	CNCC1=CC=C(C=C1)C2=C3CCNC(=O)C4=C3C(=CC(=C4)F)N2	1.0402635169910204
VMRCMELG_SKIN	CNCC1=CC=C(C=C1)C2=C3CCNC(=O)C4=C3C(=CC(=C4)F)N2	1.024147983905582
VMRCRCZ_KIDNEY	CNCC1=CC=C(C=C1)C2=C3CCNC(=O)C4=C3C(=CC(=C4)F)N2	0.7768094963445737
WM115_SKIN	CNCC1=CC=C(C=C1)C2=C3CCNC(=O)C4=C3C(=CC(=C4)F)N2	0.7287448834921887
WM278_SKIN	CNCC1=CC=C(C=C1)C2=C3CCNC(=O)C4=C3C(=CC(=C4)F)N2	0.7361548996408163
WM793_SKIN	CNCC1=CC=C(C=C1)C2=C3CCNC(=O)C4=C3C(=CC(=C4)F)N2	0.8393539123169287
YAPC_PANCREAS	CNCC1=CC=C(C=C1)C2=C3CCNC(=O)C4=C3C(=CC(=C4)F)N2	0.9680150553213928
YH13_CENTRAL_NERVOUS_SYSTEM	CNCC1=CC=C(C=C1)C2=C3CCNC(=O)C4=C3C(=CC(=C4)F)N2	0.8837600058300202
YKG1_CENTRAL_NERVOUS_SYSTEM	CNCC1=CC=C(C=C1)C2=C3CCNC(=O)C4=C3C(=CC(=C4)F)N2	0.8913072485834073
YT_HAEMATOPOIETIC_AND_LYMPHOID_TISSUE	CNCC1=CC=C(C=C1)C2=C3CCNC(=O)C4=C3C(=CC(=C4)F)N2	0.9911878434923508
