201T_LUNG	C1CN(CCC1(C(=O)N[C@@H](CCO)C2=CC=C(C=C2)Cl)N)C3=NC=NC4=C3C=CN4	0.9193818944262826
22RV1_PROSTATE	C1CN(CCC1(C(=O)N[C@@H](CCO)C2=CC=C(C=C2)Cl)N)C3=NC=NC4=C3C=CN4	0.660275409856032
2313287_STOMACH	C1CN(CCC1(C(=O)N[C@@H](CCO)C2=CC=C(C=C2)Cl)N)C3=NC=NC4=C3C=CN4	0.42342218948854254
42MGBA_CENTRAL_NERVOUS_SYSTEM	C1CN(CCC1(C(=O)N[C@@H](CCO)C2=CC=C(C=C2)Cl)N)C3=NC=NC4=C3C=CN4	0.41530058741134523
451LU_SKIN	C1CN(CCC1(C(=O)N[C@@H](CCO)C2=CC=C(C=C2)Cl)N)C3=NC=NC4=C3C=CN4	0.5878726494683006
5637_URINARY_TRACT	C1CN(CCC1(C(=O)N[C@@H](CCO)C2=CC=C(C=C2)Cl)N)C3=NC=NC4=C3C=CN4	0.7607697307267237
639V_URINARY_TRACT	C1CN(CCC1(C(=O)N[C@@H](CCO)C2=CC=C(C=C2)Cl)N)C3=NC=NC4=C3C=CN4	0.8840794464720751
647V_URINARY_TRACT	C1CN(CCC1(C(=O)N[C@@H](CCO)C2=CC=C(C=C2)Cl)N)C3=NC=NC4=C3C=CN4	0.7371464753604979
697_HAEMATOPOIETIC_AND_LYMPHOID_TISSUE	C1CN(CCC1(C(=O)N[C@@H](CCO)C2=CC=C(C=C2)Cl)N)C3=NC=NC4=C3C=CN4	0.43219060639414114
769P_KIDNEY	C1CN(CCC1(C(=O)N[C@@H](CCO)C2=CC=C(C=C2)Cl)N)C3=NC=NC4=C3C=CN4	0.7825585223066511
786O_KIDNEY	C1CN(CCC1(C(=O)N[C@@H](CCO)C2=CC=C(C=C2)Cl)N)C3=NC=NC4=C3C=CN4	0.8188005557243911
8305C_THYROID	C1CN(CCC1(C(=O)N[C@@H](CCO)C2=CC=C(C=C2)Cl)N)C3=NC=NC4=C3C=CN4	0.71422353784769
8MGBA_CENTRAL_NERVOUS_SYSTEM	C1CN(CCC1(C(=O)N[C@@H](CCO)C2=CC=C(C=C2)Cl)N)C3=NC=NC4=C3C=CN4	0.5233858737364186
A172_CENTRAL_NERVOUS_SYSTEM	C1CN(CCC1(C(=O)N[C@@H](CCO)C2=CC=C(C=C2)Cl)N)C3=NC=NC4=C3C=CN4	0.7704910076258047
A204_SOFT_TISSUE	C1CN(CCC1(C(=O)N[C@@H](CCO)C2=CC=C(C=C2)Cl)N)C3=NC=NC4=C3C=CN4	0.5287310296929879
A2780_OVARY	C1CN(CCC1(C(=O)N[C@@H](CCO)C2=CC=C(C=C2)Cl)N)C3=NC=NC4=C3C=CN4	0.39274813264844166
A375_SKIN	C1CN(CCC1(C(=O)N[C@@H](CCO)C2=CC=C(C=C2)Cl)N)C3=NC=NC4=C3C=CN4	0.6680176686541075
A388_SKIN	C1CN(CCC1(C(=O)N[C@@H](CCO)C2=CC=C(C=C2)Cl)N)C3=NC=NC4=C3C=CN4	0.6224648102618443
A3KAW_HAEMATOPOIETIC_AND_LYMPHOID_TISSUE	C1CN(CCC1(C(=O)N[C@@H](CCO)C2=CC=C(C=C2)Cl)N)C3=NC=NC4=C3C=CN4	0.7688280891893944
A427_LUNG	C1CN(CCC1(C(=O)N[C@@H](CCO)C2=CC=C(C=C2)Cl)N)C3=NC=NC4=C3C=CN4	0.5529934779003799
A4FUK_HAEMATOPOIETIC_AND_LYMPHOID_TISSUE	C1CN(CCC1(C(=O)N[C@@H](CCO)C2=CC=C(C=C2)Cl)N)C3=NC=NC4=C3C=CN4	0.3161436382317929
A673_BONE	C1CN(CCC1(C(=O)N[C@@H](CCO)C2=CC=C(C=C2)Cl)N)C3=NC=NC4=C3C=CN4	0.7401933036300616
ABC1_LUNG	C1CN(CCC1(C(=O)N[C@@H](CCO)C2=CC=C(C=C2)Cl)N)C3=NC=NC4=C3C=CN4	0.7710884563337033
ACHN_KIDNEY	C1CN(CCC1(C(=O)N[C@@H](CCO)C2=CC=C(C=C2)Cl)N)C3=NC=NC4=C3C=CN4	0.6882327385843692
AGS_STOMACH	C1CN(CCC1(C(=O)N[C@@H](CCO)C2=CC=C(C=C2)Cl)N)C3=NC=NC4=C3C=CN4	0.547473416925599
ALLPO_HAEMATOPOIETIC_AND_LYMPHOID_TISSUE	C1CN(CCC1(C(=O)N[C@@H](CCO)C2=CC=C(C=C2)Cl)N)C3=NC=NC4=C3C=CN4	0.4458489853449235
ALLSIL_HAEMATOPOIETIC_AND_LYMPHOID_TISSUE	C1CN(CCC1(C(=O)N[C@@H](CCO)C2=CC=C(C=C2)Cl)N)C3=NC=NC4=C3C=CN4	0.6629179392501042
AMO1_HAEMATOPOIETIC_AND_LYMPHOID_TISSUE	C1CN(CCC1(C(=O)N[C@@H](CCO)C2=CC=C(C=C2)Cl)N)C3=NC=NC4=C3C=CN4	0.5716444347910348
ARH77_HAEMATOPOIETIC_AND_LYMPHOID_TISSUE	C1CN(CCC1(C(=O)N[C@@H](CCO)C2=CC=C(C=C2)Cl)N)C3=NC=NC4=C3C=CN4	0.7059299196395581
ASH3_THYROID	C1CN(CCC1(C(=O)N[C@@H](CCO)C2=CC=C(C=C2)Cl)N)C3=NC=NC4=C3C=CN4	0.7083216182200118
ASPC1_PANCREAS	C1CN(CCC1(C(=O)N[C@@H](CCO)C2=CC=C(C=C2)Cl)N)C3=NC=NC4=C3C=CN4	0.6530595559863941
ATN1_HAEMATOPOIETIC_AND_LYMPHOID_TISSUE	C1CN(CCC1(C(=O)N[C@@H](CCO)C2=CC=C(C=C2)Cl)N)C3=NC=NC4=C3C=CN4	0.37085875289525383
AU565_BREAST	C1CN(CCC1(C(=O)N[C@@H](CCO)C2=CC=C(C=C2)Cl)N)C3=NC=NC4=C3C=CN4	0.46443538475063373
BB30HNC_UPPER_AERODIGESTIVE_TRACT	C1CN(CCC1(C(=O)N[C@@H](CCO)C2=CC=C(C=C2)Cl)N)C3=NC=NC4=C3C=CN4	0.5924348468297008
BB49HNC_UPPER_AERODIGESTIVE_TRACT	C1CN(CCC1(C(=O)N[C@@H](CCO)C2=CC=C(C=C2)Cl)N)C3=NC=NC4=C3C=CN4	0.41719773780355146
BB65RCC_KIDNEY	C1CN(CCC1(C(=O)N[C@@H](CCO)C2=CC=C(C=C2)Cl)N)C3=NC=NC4=C3C=CN4	0.7757074593428831
BC1_HAEMATOPOIETIC_AND_LYMPHOID_TISSUE	C1CN(CCC1(C(=O)N[C@@H](CCO)C2=CC=C(C=C2)Cl)N)C3=NC=NC4=C3C=CN4	0.5913103546826356
BCPAP_THYROID	C1CN(CCC1(C(=O)N[C@@H](CCO)C2=CC=C(C=C2)Cl)N)C3=NC=NC4=C3C=CN4	0.6719346336456536
BE13_HAEMATOPOIETIC_AND_LYMPHOID_TISSUE	C1CN(CCC1(C(=O)N[C@@H](CCO)C2=CC=C(C=C2)Cl)N)C3=NC=NC4=C3C=CN4	0.6106445753140533
BE2M17_AUTONOMIC_GANGLIA	C1CN(CCC1(C(=O)N[C@@H](CCO)C2=CC=C(C=C2)Cl)N)C3=NC=NC4=C3C=CN4	0.8416991034975873
BECKER_CENTRAL_NERVOUS_SYSTEM	C1CN(CCC1(C(=O)N[C@@H](CCO)C2=CC=C(C=C2)Cl)N)C3=NC=NC4=C3C=CN4	0.49383772145166505
BEN_LUNG	C1CN(CCC1(C(=O)N[C@@H](CCO)C2=CC=C(C=C2)Cl)N)C3=NC=NC4=C3C=CN4	0.7951526761248418
BHT101_THYROID	C1CN(CCC1(C(=O)N[C@@H](CCO)C2=CC=C(C=C2)Cl)N)C3=NC=NC4=C3C=CN4	0.6861920602692965
BHY_UPPER_AERODIGESTIVE_TRACT	C1CN(CCC1(C(=O)N[C@@H](CCO)C2=CC=C(C=C2)Cl)N)C3=NC=NC4=C3C=CN4	0.6825189734384387
BICR10_UPPER_AERODIGESTIVE_TRACT	C1CN(CCC1(C(=O)N[C@@H](CCO)C2=CC=C(C=C2)Cl)N)C3=NC=NC4=C3C=CN4	0.5112543588414084
BICR78_UPPER_AERODIGESTIVE_TRACT	C1CN(CCC1(C(=O)N[C@@H](CCO)C2=CC=C(C=C2)Cl)N)C3=NC=NC4=C3C=CN4	0.6866559470386855
BL41_HAEMATOPOIETIC_AND_LYMPHOID_TISSUE	C1CN(CCC1(C(=O)N[C@@H](CCO)C2=CC=C(C=C2)Cl)N)C3=NC=NC4=C3C=CN4	0.6699908227301203
BPH1_PROSTATE	C1CN(CCC1(C(=O)N[C@@H](CCO)C2=CC=C(C=C2)Cl)N)C3=NC=NC4=C3C=CN4	0.561595580985569
BT474_BREAST	C1CN(CCC1(C(=O)N[C@@H](CCO)C2=CC=C(C=C2)Cl)N)C3=NC=NC4=C3C=CN4	0.6169283173285575
BT483_BREAST	C1CN(CCC1(C(=O)N[C@@H](CCO)C2=CC=C(C=C2)Cl)N)C3=NC=NC4=C3C=CN4	0.8797905501558394
BV173_HAEMATOPOIETIC_AND_LYMPHOID_TISSUE	C1CN(CCC1(C(=O)N[C@@H](CCO)C2=CC=C(C=C2)Cl)N)C3=NC=NC4=C3C=CN4	0.4933795707603572
BXPC3_PANCREAS	C1CN(CCC1(C(=O)N[C@@H](CCO)C2=CC=C(C=C2)Cl)N)C3=NC=NC4=C3C=CN4	0.764262363880782
C2BBE1_LARGE_INTESTINE	C1CN(CCC1(C(=O)N[C@@H](CCO)C2=CC=C(C=C2)Cl)N)C3=NC=NC4=C3C=CN4	0.8943130550345177
C32_SKIN	C1CN(CCC1(C(=O)N[C@@H](CCO)C2=CC=C(C=C2)Cl)N)C3=NC=NC4=C3C=CN4	0.6269156048599871
C33A_CERVIX	C1CN(CCC1(C(=O)N[C@@H](CCO)C2=CC=C(C=C2)Cl)N)C3=NC=NC4=C3C=CN4	0.43361300971828287
C4I_CERVIX	C1CN(CCC1(C(=O)N[C@@H](CCO)C2=CC=C(C=C2)Cl)N)C3=NC=NC4=C3C=CN4	0.8401082879293187
CA46_HAEMATOPOIETIC_AND_LYMPHOID_TISSUE	C1CN(CCC1(C(=O)N[C@@H](CCO)C2=CC=C(C=C2)Cl)N)C3=NC=NC4=C3C=CN4	0.7467351587525854
CA922_UPPER_AERODIGESTIVE_TRACT	C1CN(CCC1(C(=O)N[C@@H](CCO)C2=CC=C(C=C2)Cl)N)C3=NC=NC4=C3C=CN4	0.5672025402266102
CADOES1_BONE	C1CN(CCC1(C(=O)N[C@@H](CCO)C2=CC=C(C=C2)Cl)N)C3=NC=NC4=C3C=CN4	0.8341816721214108
CAL120_BREAST	C1CN(CCC1(C(=O)N[C@@H](CCO)C2=CC=C(C=C2)Cl)N)C3=NC=NC4=C3C=CN4	0.5620572439099347
CAL12T_LUNG	C1CN(CCC1(C(=O)N[C@@H](CCO)C2=CC=C(C=C2)Cl)N)C3=NC=NC4=C3C=CN4	0.705036207616208
CAL148_BREAST	C1CN(CCC1(C(=O)N[C@@H](CCO)C2=CC=C(C=C2)Cl)N)C3=NC=NC4=C3C=CN4	0.0794140732077941
CAL27_UPPER_AERODIGESTIVE_TRACT	C1CN(CCC1(C(=O)N[C@@H](CCO)C2=CC=C(C=C2)Cl)N)C3=NC=NC4=C3C=CN4	0.6263632797853271
CAL29_URINARY_TRACT	C1CN(CCC1(C(=O)N[C@@H](CCO)C2=CC=C(C=C2)Cl)N)C3=NC=NC4=C3C=CN4	0.47145728843166324
CAL33_UPPER_AERODIGESTIVE_TRACT	C1CN(CCC1(C(=O)N[C@@H](CCO)C2=CC=C(C=C2)Cl)N)C3=NC=NC4=C3C=CN4	0.5969545874010875
CAL39_VULVA	C1CN(CCC1(C(=O)N[C@@H](CCO)C2=CC=C(C=C2)Cl)N)C3=NC=NC4=C3C=CN4	0.42276801669175224
CAL62_THYROID	C1CN(CCC1(C(=O)N[C@@H](CCO)C2=CC=C(C=C2)Cl)N)C3=NC=NC4=C3C=CN4	0.778907793052732
CAL72_BONE	C1CN(CCC1(C(=O)N[C@@H](CCO)C2=CC=C(C=C2)Cl)N)C3=NC=NC4=C3C=CN4	0.7651022669486172
CAL78_BONE	C1CN(CCC1(C(=O)N[C@@H](CCO)C2=CC=C(C=C2)Cl)N)C3=NC=NC4=C3C=CN4	0.8899030260496053
CALU3_LUNG	C1CN(CCC1(C(=O)N[C@@H](CCO)C2=CC=C(C=C2)Cl)N)C3=NC=NC4=C3C=CN4	0.7897929466898821
CALU6_LUNG	C1CN(CCC1(C(=O)N[C@@H](CCO)C2=CC=C(C=C2)Cl)N)C3=NC=NC4=C3C=CN4	0.8948767896285541
CAMA1_BREAST	C1CN(CCC1(C(=O)N[C@@H](CCO)C2=CC=C(C=C2)Cl)N)C3=NC=NC4=C3C=CN4	0.28779928074271643
CAPAN1_PANCREAS	C1CN(CCC1(C(=O)N[C@@H](CCO)C2=CC=C(C=C2)Cl)N)C3=NC=NC4=C3C=CN4	0.9301960134258462
CAPAN2_PANCREAS	C1CN(CCC1(C(=O)N[C@@H](CCO)C2=CC=C(C=C2)Cl)N)C3=NC=NC4=C3C=CN4	0.8712727660477027
CAR1_LARGE_INTESTINE	C1CN(CCC1(C(=O)N[C@@H](CCO)C2=CC=C(C=C2)Cl)N)C3=NC=NC4=C3C=CN4	0.6723790258576756
CAS1_CENTRAL_NERVOUS_SYSTEM	C1CN(CCC1(C(=O)N[C@@H](CCO)C2=CC=C(C=C2)Cl)N)C3=NC=NC4=C3C=CN4	0.5406211112306604
CASKI_CERVIX	C1CN(CCC1(C(=O)N[C@@H](CCO)C2=CC=C(C=C2)Cl)N)C3=NC=NC4=C3C=CN4	0.5532995963266515
CCRFCEM_HAEMATOPOIETIC_AND_LYMPHOID_TISSUE	C1CN(CCC1(C(=O)N[C@@H](CCO)C2=CC=C(C=C2)Cl)N)C3=NC=NC4=C3C=CN4	0.3591731264579985
CESS_HAEMATOPOIETIC_AND_LYMPHOID_TISSUE	C1CN(CCC1(C(=O)N[C@@H](CCO)C2=CC=C(C=C2)Cl)N)C3=NC=NC4=C3C=CN4	0.5140000109026364
CFPAC1_PANCREAS	C1CN(CCC1(C(=O)N[C@@H](CCO)C2=CC=C(C=C2)Cl)N)C3=NC=NC4=C3C=CN4	0.8355307348901484
CGTHW1_THYROID	C1CN(CCC1(C(=O)N[C@@H](CCO)C2=CC=C(C=C2)Cl)N)C3=NC=NC4=C3C=CN4	0.6774728663846089
CHL1_SKIN	C1CN(CCC1(C(=O)N[C@@H](CCO)C2=CC=C(C=C2)Cl)N)C3=NC=NC4=C3C=CN4	0.8214969025257877
CHP126_AUTONOMIC_GANGLIA	C1CN(CCC1(C(=O)N[C@@H](CCO)C2=CC=C(C=C2)Cl)N)C3=NC=NC4=C3C=CN4	0.7052080479319031
CHP212_AUTONOMIC_GANGLIA	C1CN(CCC1(C(=O)N[C@@H](CCO)C2=CC=C(C=C2)Cl)N)C3=NC=NC4=C3C=CN4	0.735924902963462
CHSA0011_BONE	C1CN(CCC1(C(=O)N[C@@H](CCO)C2=CC=C(C=C2)Cl)N)C3=NC=NC4=C3C=CN4	0.5404602853954549
CHSA8926_BONE	C1CN(CCC1(C(=O)N[C@@H](CCO)C2=CC=C(C=C2)Cl)N)C3=NC=NC4=C3C=CN4	0.74799308641944
CL40_LARGE_INTESTINE	C1CN(CCC1(C(=O)N[C@@H](CCO)C2=CC=C(C=C2)Cl)N)C3=NC=NC4=C3C=CN4	0.6990358441576063
CMK_HAEMATOPOIETIC_AND_LYMPHOID_TISSUE	C1CN(CCC1(C(=O)N[C@@H](CCO)C2=CC=C(C=C2)Cl)N)C3=NC=NC4=C3C=CN4	0.7168093956569556
CMLT1_HAEMATOPOIETIC_AND_LYMPHOID_TISSUE	C1CN(CCC1(C(=O)N[C@@H](CCO)C2=CC=C(C=C2)Cl)N)C3=NC=NC4=C3C=CN4	0.7529967735931726
COLO205_LARGE_INTESTINE	C1CN(CCC1(C(=O)N[C@@H](CCO)C2=CC=C(C=C2)Cl)N)C3=NC=NC4=C3C=CN4	0.5958806045371798
COLO668_LUNG	C1CN(CCC1(C(=O)N[C@@H](CCO)C2=CC=C(C=C2)Cl)N)C3=NC=NC4=C3C=CN4	1.0259055306759821
COLO678_LARGE_INTESTINE	C1CN(CCC1(C(=O)N[C@@H](CCO)C2=CC=C(C=C2)Cl)N)C3=NC=NC4=C3C=CN4	0.8931901584151848
COLO679_SKIN	C1CN(CCC1(C(=O)N[C@@H](CCO)C2=CC=C(C=C2)Cl)N)C3=NC=NC4=C3C=CN4	0.737887455992381
COLO680N_OESOPHAGUS	C1CN(CCC1(C(=O)N[C@@H](CCO)C2=CC=C(C=C2)Cl)N)C3=NC=NC4=C3C=CN4	0.8115575942296029
COLO684_ENDOMETRIUM	C1CN(CCC1(C(=O)N[C@@H](CCO)C2=CC=C(C=C2)Cl)N)C3=NC=NC4=C3C=CN4	0.34855157413062243
COLO800_SKIN	C1CN(CCC1(C(=O)N[C@@H](CCO)C2=CC=C(C=C2)Cl)N)C3=NC=NC4=C3C=CN4	0.7882167602431975
COLO824_BREAST	C1CN(CCC1(C(=O)N[C@@H](CCO)C2=CC=C(C=C2)Cl)N)C3=NC=NC4=C3C=CN4	0.5516696574623704
CORL105_LUNG	C1CN(CCC1(C(=O)N[C@@H](CCO)C2=CC=C(C=C2)Cl)N)C3=NC=NC4=C3C=CN4	0.7154431309863032
CORL279_LUNG	C1CN(CCC1(C(=O)N[C@@H](CCO)C2=CC=C(C=C2)Cl)N)C3=NC=NC4=C3C=CN4	0.7312518345595642
CORL311_LUNG	C1CN(CCC1(C(=O)N[C@@H](CCO)C2=CC=C(C=C2)Cl)N)C3=NC=NC4=C3C=CN4	0.5778288387990463
CORL321_LUNG	C1CN(CCC1(C(=O)N[C@@H](CCO)C2=CC=C(C=C2)Cl)N)C3=NC=NC4=C3C=CN4	0.7581031798979938
CORL32_LUNG	C1CN(CCC1(C(=O)N[C@@H](CCO)C2=CC=C(C=C2)Cl)N)C3=NC=NC4=C3C=CN4	0.4797918187668357
CORL95_LUNG	C1CN(CCC1(C(=O)N[C@@H](CCO)C2=CC=C(C=C2)Cl)N)C3=NC=NC4=C3C=CN4	0.7435232089426287
CPCN_LUNG	C1CN(CCC1(C(=O)N[C@@H](CCO)C2=CC=C(C=C2)Cl)N)C3=NC=NC4=C3C=CN4	0.6667430520376172
CROAP2_HAEMATOPOIETIC_AND_LYMPHOID_TISSUE	C1CN(CCC1(C(=O)N[C@@H](CCO)C2=CC=C(C=C2)Cl)N)C3=NC=NC4=C3C=CN4	0.2238998432705863
CTV1_HAEMATOPOIETIC_AND_LYMPHOID_TISSUE	C1CN(CCC1(C(=O)N[C@@H](CCO)C2=CC=C(C=C2)Cl)N)C3=NC=NC4=C3C=CN4	0.5114675570003657
D263MG_CENTRAL_NERVOUS_SYSTEM	C1CN(CCC1(C(=O)N[C@@H](CCO)C2=CC=C(C=C2)Cl)N)C3=NC=NC4=C3C=CN4	0.7217986944145094
D283MED_CENTRAL_NERVOUS_SYSTEM	C1CN(CCC1(C(=O)N[C@@H](CCO)C2=CC=C(C=C2)Cl)N)C3=NC=NC4=C3C=CN4	0.6926469260861626
D336MG_CENTRAL_NERVOUS_SYSTEM	C1CN(CCC1(C(=O)N[C@@H](CCO)C2=CC=C(C=C2)Cl)N)C3=NC=NC4=C3C=CN4	0.3147306864464559
D392MG_CENTRAL_NERVOUS_SYSTEM	C1CN(CCC1(C(=O)N[C@@H](CCO)C2=CC=C(C=C2)Cl)N)C3=NC=NC4=C3C=CN4	0.6498916082615565
D502MG_CENTRAL_NERVOUS_SYSTEM	C1CN(CCC1(C(=O)N[C@@H](CCO)C2=CC=C(C=C2)Cl)N)C3=NC=NC4=C3C=CN4	0.8088923242619321
D542MG_CENTRAL_NERVOUS_SYSTEM	C1CN(CCC1(C(=O)N[C@@H](CCO)C2=CC=C(C=C2)Cl)N)C3=NC=NC4=C3C=CN4	0.6719317746909234
DANG_PANCREAS	C1CN(CCC1(C(=O)N[C@@H](CCO)C2=CC=C(C=C2)Cl)N)C3=NC=NC4=C3C=CN4	0.7215097854115088
DAOY_CENTRAL_NERVOUS_SYSTEM	C1CN(CCC1(C(=O)N[C@@H](CCO)C2=CC=C(C=C2)Cl)N)C3=NC=NC4=C3C=CN4	0.6754705464215127
DBTRG05MG_CENTRAL_NERVOUS_SYSTEM	C1CN(CCC1(C(=O)N[C@@H](CCO)C2=CC=C(C=C2)Cl)N)C3=NC=NC4=C3C=CN4	0.7407942209905944
DB_HAEMATOPOIETIC_AND_LYMPHOID_TISSUE	C1CN(CCC1(C(=O)N[C@@H](CCO)C2=CC=C(C=C2)Cl)N)C3=NC=NC4=C3C=CN4	0.5480860182501834
DEL_HAEMATOPOIETIC_AND_LYMPHOID_TISSUE	C1CN(CCC1(C(=O)N[C@@H](CCO)C2=CC=C(C=C2)Cl)N)C3=NC=NC4=C3C=CN4	0.7124679111649335
DETROIT562_UPPER_AERODIGESTIVE_TRACT	C1CN(CCC1(C(=O)N[C@@H](CCO)C2=CC=C(C=C2)Cl)N)C3=NC=NC4=C3C=CN4	0.45049958094492437
DG75_HAEMATOPOIETIC_AND_LYMPHOID_TISSUE	C1CN(CCC1(C(=O)N[C@@H](CCO)C2=CC=C(C=C2)Cl)N)C3=NC=NC4=C3C=CN4	0.5496584995747129
DIFI_LARGE_INTESTINE	C1CN(CCC1(C(=O)N[C@@H](CCO)C2=CC=C(C=C2)Cl)N)C3=NC=NC4=C3C=CN4	0.5384325619523955
DKMG_CENTRAL_NERVOUS_SYSTEM	C1CN(CCC1(C(=O)N[C@@H](CCO)C2=CC=C(C=C2)Cl)N)C3=NC=NC4=C3C=CN4	0.5865516060409933
DMS114_LUNG	C1CN(CCC1(C(=O)N[C@@H](CCO)C2=CC=C(C=C2)Cl)N)C3=NC=NC4=C3C=CN4	0.6541662592021322
DMS79_LUNG	C1CN(CCC1(C(=O)N[C@@H](CCO)C2=CC=C(C=C2)Cl)N)C3=NC=NC4=C3C=CN4	0.6921641699801546
DND41_HAEMATOPOIETIC_AND_LYMPHOID_TISSUE	C1CN(CCC1(C(=O)N[C@@H](CCO)C2=CC=C(C=C2)Cl)N)C3=NC=NC4=C3C=CN4	0.7801625881678143
DOK_UPPER_AERODIGESTIVE_TRACT	C1CN(CCC1(C(=O)N[C@@H](CCO)C2=CC=C(C=C2)Cl)N)C3=NC=NC4=C3C=CN4	0.33026065329341314
DOTC24510_CERVIX	C1CN(CCC1(C(=O)N[C@@H](CCO)C2=CC=C(C=C2)Cl)N)C3=NC=NC4=C3C=CN4	0.7886663231819777
DSH1_URINARY_TRACT	C1CN(CCC1(C(=O)N[C@@H](CCO)C2=CC=C(C=C2)Cl)N)C3=NC=NC4=C3C=CN4	0.47165655001445783
DU145_PROSTATE	C1CN(CCC1(C(=O)N[C@@H](CCO)C2=CC=C(C=C2)Cl)N)C3=NC=NC4=C3C=CN4	0.6624470738082551
EB2_HAEMATOPOIETIC_AND_LYMPHOID_TISSUE	C1CN(CCC1(C(=O)N[C@@H](CCO)C2=CC=C(C=C2)Cl)N)C3=NC=NC4=C3C=CN4	0.6744727840721085
EB3_HAEMATOPOIETIC_AND_LYMPHOID_TISSUE	C1CN(CCC1(C(=O)N[C@@H](CCO)C2=CC=C(C=C2)Cl)N)C3=NC=NC4=C3C=CN4	0.846533685187989
ECGI10_OESOPHAGUS	C1CN(CCC1(C(=O)N[C@@H](CCO)C2=CC=C(C=C2)Cl)N)C3=NC=NC4=C3C=CN4	0.5252545517969842
EFM192A_BREAST	C1CN(CCC1(C(=O)N[C@@H](CCO)C2=CC=C(C=C2)Cl)N)C3=NC=NC4=C3C=CN4	0.46198843594564604
EFM19_BREAST	C1CN(CCC1(C(=O)N[C@@H](CCO)C2=CC=C(C=C2)Cl)N)C3=NC=NC4=C3C=CN4	0.5462007723315168
EFO21_OVARY	C1CN(CCC1(C(=O)N[C@@H](CCO)C2=CC=C(C=C2)Cl)N)C3=NC=NC4=C3C=CN4	0.8726464203681987
EGI1_BILIARY_TRACT	C1CN(CCC1(C(=O)N[C@@H](CCO)C2=CC=C(C=C2)Cl)N)C3=NC=NC4=C3C=CN4	0.8633495677193149
EJM_HAEMATOPOIETIC_AND_LYMPHOID_TISSUE	C1CN(CCC1(C(=O)N[C@@H](CCO)C2=CC=C(C=C2)Cl)N)C3=NC=NC4=C3C=CN4	0.6711177062202001
EKVX_LUNG	C1CN(CCC1(C(=O)N[C@@H](CCO)C2=CC=C(C=C2)Cl)N)C3=NC=NC4=C3C=CN4	0.6123425642428117
EMCBAC1_LUNG	C1CN(CCC1(C(=O)N[C@@H](CCO)C2=CC=C(C=C2)Cl)N)C3=NC=NC4=C3C=CN4	0.6609745411008012
EN_ENDOMETRIUM	C1CN(CCC1(C(=O)N[C@@H](CCO)C2=CC=C(C=C2)Cl)N)C3=NC=NC4=C3C=CN4	0.49143154195557653
ES1_BONE	C1CN(CCC1(C(=O)N[C@@H](CCO)C2=CC=C(C=C2)Cl)N)C3=NC=NC4=C3C=CN4	0.5251148441292021
ES3_BONE	C1CN(CCC1(C(=O)N[C@@H](CCO)C2=CC=C(C=C2)Cl)N)C3=NC=NC4=C3C=CN4	0.7422117445854199
ES5_BONE	C1CN(CCC1(C(=O)N[C@@H](CCO)C2=CC=C(C=C2)Cl)N)C3=NC=NC4=C3C=CN4	0.4115702329092571
ES6_BONE	C1CN(CCC1(C(=O)N[C@@H](CCO)C2=CC=C(C=C2)Cl)N)C3=NC=NC4=C3C=CN4	0.6621622556067723
ES7_BONE	C1CN(CCC1(C(=O)N[C@@H](CCO)C2=CC=C(C=C2)Cl)N)C3=NC=NC4=C3C=CN4	0.6198715375872886
ESO26_OESOPHAGUS	C1CN(CCC1(C(=O)N[C@@H](CCO)C2=CC=C(C=C2)Cl)N)C3=NC=NC4=C3C=CN4	0.5655113432545578
ESO51_OESOPHAGUS	C1CN(CCC1(C(=O)N[C@@H](CCO)C2=CC=C(C=C2)Cl)N)C3=NC=NC4=C3C=CN4	0.6874475411097748
ESS1_ENDOMETRIUM	C1CN(CCC1(C(=O)N[C@@H](CCO)C2=CC=C(C=C2)Cl)N)C3=NC=NC4=C3C=CN4	0.6870106659521977
ETK1_BILIARY_TRACT	C1CN(CCC1(C(=O)N[C@@H](CCO)C2=CC=C(C=C2)Cl)N)C3=NC=NC4=C3C=CN4	0.6681650717310532
EVSAT_BREAST	C1CN(CCC1(C(=O)N[C@@H](CCO)C2=CC=C(C=C2)Cl)N)C3=NC=NC4=C3C=CN4	0.2648979180056078
EW11_BONE	C1CN(CCC1(C(=O)N[C@@H](CCO)C2=CC=C(C=C2)Cl)N)C3=NC=NC4=C3C=CN4	0.5189882026237753
EW13_BONE	C1CN(CCC1(C(=O)N[C@@H](CCO)C2=CC=C(C=C2)Cl)N)C3=NC=NC4=C3C=CN4	0.5415402164523684
EW18_BONE	C1CN(CCC1(C(=O)N[C@@H](CCO)C2=CC=C(C=C2)Cl)N)C3=NC=NC4=C3C=CN4	0.37298437703430903
EW22_BONE	C1CN(CCC1(C(=O)N[C@@H](CCO)C2=CC=C(C=C2)Cl)N)C3=NC=NC4=C3C=CN4	0.6141807864602216
EW24_BONE	C1CN(CCC1(C(=O)N[C@@H](CCO)C2=CC=C(C=C2)Cl)N)C3=NC=NC4=C3C=CN4	0.7335688959860194
EW3_BONE	C1CN(CCC1(C(=O)N[C@@H](CCO)C2=CC=C(C=C2)Cl)N)C3=NC=NC4=C3C=CN4	0.5315667737364898
EW7_BONE	C1CN(CCC1(C(=O)N[C@@H](CCO)C2=CC=C(C=C2)Cl)N)C3=NC=NC4=C3C=CN4	0.5080935619886915
FADU_UPPER_AERODIGESTIVE_TRACT	C1CN(CCC1(C(=O)N[C@@H](CCO)C2=CC=C(C=C2)Cl)N)C3=NC=NC4=C3C=CN4	0.7113136166841385
FARAGE_HAEMATOPOIETIC_AND_LYMPHOID_TISSUE	C1CN(CCC1(C(=O)N[C@@H](CCO)C2=CC=C(C=C2)Cl)N)C3=NC=NC4=C3C=CN4	0.1845512128739468
FTC133_THYROID	C1CN(CCC1(C(=O)N[C@@H](CCO)C2=CC=C(C=C2)Cl)N)C3=NC=NC4=C3C=CN4	0.46023860992329085
FUOV1_OVARY	C1CN(CCC1(C(=O)N[C@@H](CCO)C2=CC=C(C=C2)Cl)N)C3=NC=NC4=C3C=CN4	0.7834780450307922
G292CLONEA141B1_BONE	C1CN(CCC1(C(=O)N[C@@H](CCO)C2=CC=C(C=C2)Cl)N)C3=NC=NC4=C3C=CN4	0.5652409089230367
G401_SOFT_TISSUE	C1CN(CCC1(C(=O)N[C@@H](CCO)C2=CC=C(C=C2)Cl)N)C3=NC=NC4=C3C=CN4	0.5799572222847762
G402_SOFT_TISSUE	C1CN(CCC1(C(=O)N[C@@H](CCO)C2=CC=C(C=C2)Cl)N)C3=NC=NC4=C3C=CN4	0.5832628824659372
GAK_SKIN	C1CN(CCC1(C(=O)N[C@@H](CCO)C2=CC=C(C=C2)Cl)N)C3=NC=NC4=C3C=CN4	0.9522562453181758
GAMG_CENTRAL_NERVOUS_SYSTEM	C1CN(CCC1(C(=O)N[C@@H](CCO)C2=CC=C(C=C2)Cl)N)C3=NC=NC4=C3C=CN4	0.4797117361882995
GB1_CENTRAL_NERVOUS_SYSTEM	C1CN(CCC1(C(=O)N[C@@H](CCO)C2=CC=C(C=C2)Cl)N)C3=NC=NC4=C3C=CN4	0.6373508189102146
GCT_SOFT_TISSUE	C1CN(CCC1(C(=O)N[C@@H](CCO)C2=CC=C(C=C2)Cl)N)C3=NC=NC4=C3C=CN4	0.4486568223714258
GDM1_HAEMATOPOIETIC_AND_LYMPHOID_TISSUE	C1CN(CCC1(C(=O)N[C@@H](CCO)C2=CC=C(C=C2)Cl)N)C3=NC=NC4=C3C=CN4	0.7534591147933711
GI1_CENTRAL_NERVOUS_SYSTEM	C1CN(CCC1(C(=O)N[C@@H](CCO)C2=CC=C(C=C2)Cl)N)C3=NC=NC4=C3C=CN4	0.44262870127660364
GIMEN_AUTONOMIC_GANGLIA	C1CN(CCC1(C(=O)N[C@@H](CCO)C2=CC=C(C=C2)Cl)N)C3=NC=NC4=C3C=CN4	0.6038600710731612
GMEL_SKIN	C1CN(CCC1(C(=O)N[C@@H](CCO)C2=CC=C(C=C2)Cl)N)C3=NC=NC4=C3C=CN4	0.5023058324257029
GMS10_CENTRAL_NERVOUS_SYSTEM	C1CN(CCC1(C(=O)N[C@@H](CCO)C2=CC=C(C=C2)Cl)N)C3=NC=NC4=C3C=CN4	0.5451067379938428
GP5D_LARGE_INTESTINE	C1CN(CCC1(C(=O)N[C@@H](CCO)C2=CC=C(C=C2)Cl)N)C3=NC=NC4=C3C=CN4	0.5559443590510035
GRANTA519_HAEMATOPOIETIC_AND_LYMPHOID_TISSUE	C1CN(CCC1(C(=O)N[C@@H](CCO)C2=CC=C(C=C2)Cl)N)C3=NC=NC4=C3C=CN4	0.7170279466768823
H3118_UPPER_AERODIGESTIVE_TRACT	C1CN(CCC1(C(=O)N[C@@H](CCO)C2=CC=C(C=C2)Cl)N)C3=NC=NC4=C3C=CN4	0.8290813590954516
H4_CENTRAL_NERVOUS_SYSTEM	C1CN(CCC1(C(=O)N[C@@H](CCO)C2=CC=C(C=C2)Cl)N)C3=NC=NC4=C3C=CN4	0.4062587350726802
H9_HAEMATOPOIETIC_AND_LYMPHOID_TISSUE	C1CN(CCC1(C(=O)N[C@@H](CCO)C2=CC=C(C=C2)Cl)N)C3=NC=NC4=C3C=CN4	0.6277791395731294
HA7RCC_KIDNEY	C1CN(CCC1(C(=O)N[C@@H](CCO)C2=CC=C(C=C2)Cl)N)C3=NC=NC4=C3C=CN4	0.8605305978727512
HC1_HAEMATOPOIETIC_AND_LYMPHOID_TISSUE	C1CN(CCC1(C(=O)N[C@@H](CCO)C2=CC=C(C=C2)Cl)N)C3=NC=NC4=C3C=CN4	0.6260635707898077
HCC1395_BREAST	C1CN(CCC1(C(=O)N[C@@H](CCO)C2=CC=C(C=C2)Cl)N)C3=NC=NC4=C3C=CN4	0.6269772840233783
HCC1419_BREAST	C1CN(CCC1(C(=O)N[C@@H](CCO)C2=CC=C(C=C2)Cl)N)C3=NC=NC4=C3C=CN4	0.5430309878339483
HCC1428_BREAST	C1CN(CCC1(C(=O)N[C@@H](CCO)C2=CC=C(C=C2)Cl)N)C3=NC=NC4=C3C=CN4	1.044591968595066
HCC1500_BREAST	C1CN(CCC1(C(=O)N[C@@H](CCO)C2=CC=C(C=C2)Cl)N)C3=NC=NC4=C3C=CN4	0.8477336764637742
HCC15_LUNG	C1CN(CCC1(C(=O)N[C@@H](CCO)C2=CC=C(C=C2)Cl)N)C3=NC=NC4=C3C=CN4	0.7140037509096168
HCC1954_BREAST	C1CN(CCC1(C(=O)N[C@@H](CCO)C2=CC=C(C=C2)Cl)N)C3=NC=NC4=C3C=CN4	0.41444171580199685
HCC202_BREAST	C1CN(CCC1(C(=O)N[C@@H](CCO)C2=CC=C(C=C2)Cl)N)C3=NC=NC4=C3C=CN4	0.5988222637257588
HCC2157_BREAST	C1CN(CCC1(C(=O)N[C@@H](CCO)C2=CC=C(C=C2)Cl)N)C3=NC=NC4=C3C=CN4	0.18352320221330054
HCC366_LUNG	C1CN(CCC1(C(=O)N[C@@H](CCO)C2=CC=C(C=C2)Cl)N)C3=NC=NC4=C3C=CN4	0.8440057853074939
HCC38_BREAST	C1CN(CCC1(C(=O)N[C@@H](CCO)C2=CC=C(C=C2)Cl)N)C3=NC=NC4=C3C=CN4	0.7398681939238176
HCC78_LUNG	C1CN(CCC1(C(=O)N[C@@H](CCO)C2=CC=C(C=C2)Cl)N)C3=NC=NC4=C3C=CN4	0.6407706229156214
HCC827_LUNG	C1CN(CCC1(C(=O)N[C@@H](CCO)C2=CC=C(C=C2)Cl)N)C3=NC=NC4=C3C=CN4	0.8335281832228891
HCE4_OESOPHAGUS	C1CN(CCC1(C(=O)N[C@@H](CCO)C2=CC=C(C=C2)Cl)N)C3=NC=NC4=C3C=CN4	0.6794577819076231
HDLM2_HAEMATOPOIETIC_AND_LYMPHOID_TISSUE	C1CN(CCC1(C(=O)N[C@@H](CCO)C2=CC=C(C=C2)Cl)N)C3=NC=NC4=C3C=CN4	0.7112193672680394
HDMYZ_HAEMATOPOIETIC_AND_LYMPHOID_TISSUE	C1CN(CCC1(C(=O)N[C@@H](CCO)C2=CC=C(C=C2)Cl)N)C3=NC=NC4=C3C=CN4	0.777488737720681
HDQP1_BREAST	C1CN(CCC1(C(=O)N[C@@H](CCO)C2=CC=C(C=C2)Cl)N)C3=NC=NC4=C3C=CN4	0.70464279620024
HEC1_ENDOMETRIUM	C1CN(CCC1(C(=O)N[C@@H](CCO)C2=CC=C(C=C2)Cl)N)C3=NC=NC4=C3C=CN4	0.7453809547340996
HELA_CERVIX	C1CN(CCC1(C(=O)N[C@@H](CCO)C2=CC=C(C=C2)Cl)N)C3=NC=NC4=C3C=CN4	0.9216103620675249
HEL_HAEMATOPOIETIC_AND_LYMPHOID_TISSUE	C1CN(CCC1(C(=O)N[C@@H](CCO)C2=CC=C(C=C2)Cl)N)C3=NC=NC4=C3C=CN4	1.0186619272776345
HEP3B217_LIVER	C1CN(CCC1(C(=O)N[C@@H](CCO)C2=CC=C(C=C2)Cl)N)C3=NC=NC4=C3C=CN4	0.2291807602026457
HEY_OVARY	C1CN(CCC1(C(=O)N[C@@H](CCO)C2=CC=C(C=C2)Cl)N)C3=NC=NC4=C3C=CN4	0.6261532129360955
HGC27_STOMACH	C1CN(CCC1(C(=O)N[C@@H](CCO)C2=CC=C(C=C2)Cl)N)C3=NC=NC4=C3C=CN4	0.1695657460889341
HH_HAEMATOPOIETIC_AND_LYMPHOID_TISSUE	C1CN(CCC1(C(=O)N[C@@H](CCO)C2=CC=C(C=C2)Cl)N)C3=NC=NC4=C3C=CN4	0.5757229013250894
HL60_HAEMATOPOIETIC_AND_LYMPHOID_TISSUE	C1CN(CCC1(C(=O)N[C@@H](CCO)C2=CC=C(C=C2)Cl)N)C3=NC=NC4=C3C=CN4	0.532213184094362
HLE_LIVER	C1CN(CCC1(C(=O)N[C@@H](CCO)C2=CC=C(C=C2)Cl)N)C3=NC=NC4=C3C=CN4	0.8439505877187825
HMVII_SKIN	C1CN(CCC1(C(=O)N[C@@H](CCO)C2=CC=C(C=C2)Cl)N)C3=NC=NC4=C3C=CN4	0.8261543568937413
HN_UPPER_AERODIGESTIVE_TRACT	C1CN(CCC1(C(=O)N[C@@H](CCO)C2=CC=C(C=C2)Cl)N)C3=NC=NC4=C3C=CN4	0.1967033723713554
HO1U1_UPPER_AERODIGESTIVE_TRACT	C1CN(CCC1(C(=O)N[C@@H](CCO)C2=CC=C(C=C2)Cl)N)C3=NC=NC4=C3C=CN4	0.2976610092714782
HOP62_LUNG	C1CN(CCC1(C(=O)N[C@@H](CCO)C2=CC=C(C=C2)Cl)N)C3=NC=NC4=C3C=CN4	0.773605306459467
HOP92_LUNG	C1CN(CCC1(C(=O)N[C@@H](CCO)C2=CC=C(C=C2)Cl)N)C3=NC=NC4=C3C=CN4	0.60482834786785
HPAC_PANCREAS	C1CN(CCC1(C(=O)N[C@@H](CCO)C2=CC=C(C=C2)Cl)N)C3=NC=NC4=C3C=CN4	0.7546482348117998
HPAFII_PANCREAS	C1CN(CCC1(C(=O)N[C@@H](CCO)C2=CC=C(C=C2)Cl)N)C3=NC=NC4=C3C=CN4	0.6358890252215526
HS445_HAEMATOPOIETIC_AND_LYMPHOID_TISSUE	C1CN(CCC1(C(=O)N[C@@H](CCO)C2=CC=C(C=C2)Cl)N)C3=NC=NC4=C3C=CN4	0.498648343172888
HS633T_SOFT_TISSUE	C1CN(CCC1(C(=O)N[C@@H](CCO)C2=CC=C(C=C2)Cl)N)C3=NC=NC4=C3C=CN4	0.6751384173348562
HS683_CENTRAL_NERVOUS_SYSTEM	C1CN(CCC1(C(=O)N[C@@H](CCO)C2=CC=C(C=C2)Cl)N)C3=NC=NC4=C3C=CN4	0.597283522748822
HS746T_STOMACH	C1CN(CCC1(C(=O)N[C@@H](CCO)C2=CC=C(C=C2)Cl)N)C3=NC=NC4=C3C=CN4	0.7383161168320186
HS766T_PANCREAS	C1CN(CCC1(C(=O)N[C@@H](CCO)C2=CC=C(C=C2)Cl)N)C3=NC=NC4=C3C=CN4	0.6776194674210769
HS939T_SKIN	C1CN(CCC1(C(=O)N[C@@H](CCO)C2=CC=C(C=C2)Cl)N)C3=NC=NC4=C3C=CN4	0.4629123140412397
HSC2_UPPER_AERODIGESTIVE_TRACT	C1CN(CCC1(C(=O)N[C@@H](CCO)C2=CC=C(C=C2)Cl)N)C3=NC=NC4=C3C=CN4	0.6339295637414846
HSC4_UPPER_AERODIGESTIVE_TRACT	C1CN(CCC1(C(=O)N[C@@H](CCO)C2=CC=C(C=C2)Cl)N)C3=NC=NC4=C3C=CN4	0.5066851264617674
HT1080_SOFT_TISSUE	C1CN(CCC1(C(=O)N[C@@H](CCO)C2=CC=C(C=C2)Cl)N)C3=NC=NC4=C3C=CN4	0.6412043741823364
HT115_LARGE_INTESTINE	C1CN(CCC1(C(=O)N[C@@H](CCO)C2=CC=C(C=C2)Cl)N)C3=NC=NC4=C3C=CN4	0.8804031155386371
HT1197_URINARY_TRACT	C1CN(CCC1(C(=O)N[C@@H](CCO)C2=CC=C(C=C2)Cl)N)C3=NC=NC4=C3C=CN4	0.6366911764513362
HT144_SKIN	C1CN(CCC1(C(=O)N[C@@H](CCO)C2=CC=C(C=C2)Cl)N)C3=NC=NC4=C3C=CN4	0.5461592820146725
HT29_LARGE_INTESTINE	C1CN(CCC1(C(=O)N[C@@H](CCO)C2=CC=C(C=C2)Cl)N)C3=NC=NC4=C3C=CN4	0.8416147988067479
HT3_CERVIX	C1CN(CCC1(C(=O)N[C@@H](CCO)C2=CC=C(C=C2)Cl)N)C3=NC=NC4=C3C=CN4	0.9385430030238813
HTCC3_THYROID	C1CN(CCC1(C(=O)N[C@@H](CCO)C2=CC=C(C=C2)Cl)N)C3=NC=NC4=C3C=CN4	0.6921713501701006
HUH1_LIVER	C1CN(CCC1(C(=O)N[C@@H](CCO)C2=CC=C(C=C2)Cl)N)C3=NC=NC4=C3C=CN4	0.6489451143928688
HUO3N1_BONE	C1CN(CCC1(C(=O)N[C@@H](CCO)C2=CC=C(C=C2)Cl)N)C3=NC=NC4=C3C=CN4	0.6343981545558821
HUO9_BONE	C1CN(CCC1(C(=O)N[C@@H](CCO)C2=CC=C(C=C2)Cl)N)C3=NC=NC4=C3C=CN4	0.5403156596380417
HUPT3_PANCREAS	C1CN(CCC1(C(=O)N[C@@H](CCO)C2=CC=C(C=C2)Cl)N)C3=NC=NC4=C3C=CN4	0.7973511616695942
HUPT4_PANCREAS	C1CN(CCC1(C(=O)N[C@@H](CCO)C2=CC=C(C=C2)Cl)N)C3=NC=NC4=C3C=CN4	0.8860321161003051
IALM_LUNG	C1CN(CCC1(C(=O)N[C@@H](CCO)C2=CC=C(C=C2)Cl)N)C3=NC=NC4=C3C=CN4	0.9818004363171275
IGROV1_OVARY	C1CN(CCC1(C(=O)N[C@@H](CCO)C2=CC=C(C=C2)Cl)N)C3=NC=NC4=C3C=CN4	0.364597918558957
IHH4_THYROID	C1CN(CCC1(C(=O)N[C@@H](CCO)C2=CC=C(C=C2)Cl)N)C3=NC=NC4=C3C=CN4	0.7427928775324883
IM95_STOMACH	C1CN(CCC1(C(=O)N[C@@H](CCO)C2=CC=C(C=C2)Cl)N)C3=NC=NC4=C3C=CN4	0.4522850774103543
IM9_HAEMATOPOIETIC_AND_LYMPHOID_TISSUE	C1CN(CCC1(C(=O)N[C@@H](CCO)C2=CC=C(C=C2)Cl)N)C3=NC=NC4=C3C=CN4	0.8240142493836518
IMR5_AUTONOMIC_GANGLIA	C1CN(CCC1(C(=O)N[C@@H](CCO)C2=CC=C(C=C2)Cl)N)C3=NC=NC4=C3C=CN4	0.8429587164452471
ISTMEL1_SKIN	C1CN(CCC1(C(=O)N[C@@H](CCO)C2=CC=C(C=C2)Cl)N)C3=NC=NC4=C3C=CN4	0.5773828028253931
ISTMES1_PLEURA	C1CN(CCC1(C(=O)N[C@@H](CCO)C2=CC=C(C=C2)Cl)N)C3=NC=NC4=C3C=CN4	0.8645494136008882
ISTSL2_LUNG	C1CN(CCC1(C(=O)N[C@@H](CCO)C2=CC=C(C=C2)Cl)N)C3=NC=NC4=C3C=CN4	0.1789294632005418
JEKO1_HAEMATOPOIETIC_AND_LYMPHOID_TISSUE	C1CN(CCC1(C(=O)N[C@@H](CCO)C2=CC=C(C=C2)Cl)N)C3=NC=NC4=C3C=CN4	0.2969198153529049
JHH1_LIVER	C1CN(CCC1(C(=O)N[C@@H](CCO)C2=CC=C(C=C2)Cl)N)C3=NC=NC4=C3C=CN4	0.9048576096932202
JHH2_LIVER	C1CN(CCC1(C(=O)N[C@@H](CCO)C2=CC=C(C=C2)Cl)N)C3=NC=NC4=C3C=CN4	0.5230796394565516
JHH4_LIVER	C1CN(CCC1(C(=O)N[C@@H](CCO)C2=CC=C(C=C2)Cl)N)C3=NC=NC4=C3C=CN4	0.8681978815857141
JHH6_LIVER	C1CN(CCC1(C(=O)N[C@@H](CCO)C2=CC=C(C=C2)Cl)N)C3=NC=NC4=C3C=CN4	0.6418061889505354
JHOS2_OVARY	C1CN(CCC1(C(=O)N[C@@H](CCO)C2=CC=C(C=C2)Cl)N)C3=NC=NC4=C3C=CN4	0.7088527446466463
JHOS3_OVARY	C1CN(CCC1(C(=O)N[C@@H](CCO)C2=CC=C(C=C2)Cl)N)C3=NC=NC4=C3C=CN4	0.759350743110859
JHU011_UPPER_AERODIGESTIVE_TRACT	C1CN(CCC1(C(=O)N[C@@H](CCO)C2=CC=C(C=C2)Cl)N)C3=NC=NC4=C3C=CN4	0.5209097646372214
JHU022_UPPER_AERODIGESTIVE_TRACT	C1CN(CCC1(C(=O)N[C@@H](CCO)C2=CC=C(C=C2)Cl)N)C3=NC=NC4=C3C=CN4	0.6384454274469822
JHU029_UPPER_AERODIGESTIVE_TRACT	C1CN(CCC1(C(=O)N[C@@H](CCO)C2=CC=C(C=C2)Cl)N)C3=NC=NC4=C3C=CN4	0.5853755029600091
JIYOYEP2003_HAEMATOPOIETIC_AND_LYMPHOID_TISSUE	C1CN(CCC1(C(=O)N[C@@H](CCO)C2=CC=C(C=C2)Cl)N)C3=NC=NC4=C3C=CN4	0.5956711912046716
JM1_HAEMATOPOIETIC_AND_LYMPHOID_TISSUE	C1CN(CCC1(C(=O)N[C@@H](CCO)C2=CC=C(C=C2)Cl)N)C3=NC=NC4=C3C=CN4	0.6959567258676531
JURKAT_HAEMATOPOIETIC_AND_LYMPHOID_TISSUE	C1CN(CCC1(C(=O)N[C@@H](CCO)C2=CC=C(C=C2)Cl)N)C3=NC=NC4=C3C=CN4	0.23869876097889176
JURLMK1_HAEMATOPOIETIC_AND_LYMPHOID_TISSUE	C1CN(CCC1(C(=O)N[C@@H](CCO)C2=CC=C(C=C2)Cl)N)C3=NC=NC4=C3C=CN4	0.3715352155556491
JVM2_HAEMATOPOIETIC_AND_LYMPHOID_TISSUE	C1CN(CCC1(C(=O)N[C@@H](CCO)C2=CC=C(C=C2)Cl)N)C3=NC=NC4=C3C=CN4	0.41189507888900856
JVM3_HAEMATOPOIETIC_AND_LYMPHOID_TISSUE	C1CN(CCC1(C(=O)N[C@@H](CCO)C2=CC=C(C=C2)Cl)N)C3=NC=NC4=C3C=CN4	0.4573573138869389
K2_SKIN	C1CN(CCC1(C(=O)N[C@@H](CCO)C2=CC=C(C=C2)Cl)N)C3=NC=NC4=C3C=CN4	0.759593117314284
K562_HAEMATOPOIETIC_AND_LYMPHOID_TISSUE	C1CN(CCC1(C(=O)N[C@@H](CCO)C2=CC=C(C=C2)Cl)N)C3=NC=NC4=C3C=CN4	0.7971997030442426
K5_THYROID	C1CN(CCC1(C(=O)N[C@@H](CCO)C2=CC=C(C=C2)Cl)N)C3=NC=NC4=C3C=CN4	0.3337867841182978
KALS1_CENTRAL_NERVOUS_SYSTEM	C1CN(CCC1(C(=O)N[C@@H](CCO)C2=CC=C(C=C2)Cl)N)C3=NC=NC4=C3C=CN4	0.5638008988912552
KARPAS1106P_HAEMATOPOIETIC_AND_LYMPHOID_TISSUE	C1CN(CCC1(C(=O)N[C@@H](CCO)C2=CC=C(C=C2)Cl)N)C3=NC=NC4=C3C=CN4	0.5578023291795781
KARPAS231_HAEMATOPOIETIC_AND_LYMPHOID_TISSUE	C1CN(CCC1(C(=O)N[C@@H](CCO)C2=CC=C(C=C2)Cl)N)C3=NC=NC4=C3C=CN4	0.6313790038836997
KARPAS299_HAEMATOPOIETIC_AND_LYMPHOID_TISSUE	C1CN(CCC1(C(=O)N[C@@H](CCO)C2=CC=C(C=C2)Cl)N)C3=NC=NC4=C3C=CN4	0.6838025905078542
KARPAS45_HAEMATOPOIETIC_AND_LYMPHOID_TISSUE	C1CN(CCC1(C(=O)N[C@@H](CCO)C2=CC=C(C=C2)Cl)N)C3=NC=NC4=C3C=CN4	0.43483717282592926
KASUMI1_HAEMATOPOIETIC_AND_LYMPHOID_TISSUE	C1CN(CCC1(C(=O)N[C@@H](CCO)C2=CC=C(C=C2)Cl)N)C3=NC=NC4=C3C=CN4	0.0870702355885348
KATOIII_STOMACH	C1CN(CCC1(C(=O)N[C@@H](CCO)C2=CC=C(C=C2)Cl)N)C3=NC=NC4=C3C=CN4	0.5032302537298344
KE37_HAEMATOPOIETIC_AND_LYMPHOID_TISSUE	C1CN(CCC1(C(=O)N[C@@H](CCO)C2=CC=C(C=C2)Cl)N)C3=NC=NC4=C3C=CN4	0.12979728748389566
KGN_OVARY	C1CN(CCC1(C(=O)N[C@@H](CCO)C2=CC=C(C=C2)Cl)N)C3=NC=NC4=C3C=CN4	0.6638554817433773
KINGS1_CENTRAL_NERVOUS_SYSTEM	C1CN(CCC1(C(=O)N[C@@H](CCO)C2=CC=C(C=C2)Cl)N)C3=NC=NC4=C3C=CN4	0.6135284867632267
KLE_ENDOMETRIUM	C1CN(CCC1(C(=O)N[C@@H](CCO)C2=CC=C(C=C2)Cl)N)C3=NC=NC4=C3C=CN4	0.724942873538024
KM12_LARGE_INTESTINE	C1CN(CCC1(C(=O)N[C@@H](CCO)C2=CC=C(C=C2)Cl)N)C3=NC=NC4=C3C=CN4	0.4346485781724889
KMH2_HAEMATOPOIETIC_AND_LYMPHOID_TISSUE	C1CN(CCC1(C(=O)N[C@@H](CCO)C2=CC=C(C=C2)Cl)N)C3=NC=NC4=C3C=CN4	0.7831678475539976
KMOE2_HAEMATOPOIETIC_AND_LYMPHOID_TISSUE	C1CN(CCC1(C(=O)N[C@@H](CCO)C2=CC=C(C=C2)Cl)N)C3=NC=NC4=C3C=CN4	0.5929345603136926
KMRC1_KIDNEY	C1CN(CCC1(C(=O)N[C@@H](CCO)C2=CC=C(C=C2)Cl)N)C3=NC=NC4=C3C=CN4	0.4312723724838823
KMRC20_KIDNEY	C1CN(CCC1(C(=O)N[C@@H](CCO)C2=CC=C(C=C2)Cl)N)C3=NC=NC4=C3C=CN4	0.6906393782634848
KMS12BM_HAEMATOPOIETIC_AND_LYMPHOID_TISSUE	C1CN(CCC1(C(=O)N[C@@H](CCO)C2=CC=C(C=C2)Cl)N)C3=NC=NC4=C3C=CN4	0.49666741697135086
KNS42_CENTRAL_NERVOUS_SYSTEM	C1CN(CCC1(C(=O)N[C@@H](CCO)C2=CC=C(C=C2)Cl)N)C3=NC=NC4=C3C=CN4	0.8475367832334887
KNS81FD_CENTRAL_NERVOUS_SYSTEM	C1CN(CCC1(C(=O)N[C@@H](CCO)C2=CC=C(C=C2)Cl)N)C3=NC=NC4=C3C=CN4	0.4973442112234981
KOPN8_HAEMATOPOIETIC_AND_LYMPHOID_TISSUE	C1CN(CCC1(C(=O)N[C@@H](CCO)C2=CC=C(C=C2)Cl)N)C3=NC=NC4=C3C=CN4	0.6226750434430764
KOSC2CL343_UPPER_AERODIGESTIVE_TRACT	C1CN(CCC1(C(=O)N[C@@H](CCO)C2=CC=C(C=C2)Cl)N)C3=NC=NC4=C3C=CN4	0.4709924290777137
KP1N_PANCREAS	C1CN(CCC1(C(=O)N[C@@H](CCO)C2=CC=C(C=C2)Cl)N)C3=NC=NC4=C3C=CN4	0.8626724115690728
KP2_PANCREAS	C1CN(CCC1(C(=O)N[C@@H](CCO)C2=CC=C(C=C2)Cl)N)C3=NC=NC4=C3C=CN4	0.9288684041058681
KP3_PANCREAS	C1CN(CCC1(C(=O)N[C@@H](CCO)C2=CC=C(C=C2)Cl)N)C3=NC=NC4=C3C=CN4	0.730345033874986
KP4_PANCREAS	C1CN(CCC1(C(=O)N[C@@H](CCO)C2=CC=C(C=C2)Cl)N)C3=NC=NC4=C3C=CN4	0.6576907077245034
KPNYN_AUTONOMIC_GANGLIA	C1CN(CCC1(C(=O)N[C@@H](CCO)C2=CC=C(C=C2)Cl)N)C3=NC=NC4=C3C=CN4	0.7440323430759379
KS1_CENTRAL_NERVOUS_SYSTEM	C1CN(CCC1(C(=O)N[C@@H](CCO)C2=CC=C(C=C2)Cl)N)C3=NC=NC4=C3C=CN4	0.6886452817423832
KU812_HAEMATOPOIETIC_AND_LYMPHOID_TISSUE	C1CN(CCC1(C(=O)N[C@@H](CCO)C2=CC=C(C=C2)Cl)N)C3=NC=NC4=C3C=CN4	0.6265691214286044
KURAMOCHI_OVARY	C1CN(CCC1(C(=O)N[C@@H](CCO)C2=CC=C(C=C2)Cl)N)C3=NC=NC4=C3C=CN4	0.8099009934512593
KYAE1_OESOPHAGUS	C1CN(CCC1(C(=O)N[C@@H](CCO)C2=CC=C(C=C2)Cl)N)C3=NC=NC4=C3C=CN4	0.33784971341569564
KYM1_SOFT_TISSUE	C1CN(CCC1(C(=O)N[C@@H](CCO)C2=CC=C(C=C2)Cl)N)C3=NC=NC4=C3C=CN4	0.4689013242219502
KYSE140_OESOPHAGUS	C1CN(CCC1(C(=O)N[C@@H](CCO)C2=CC=C(C=C2)Cl)N)C3=NC=NC4=C3C=CN4	0.34962948238174363
KYSE150_OESOPHAGUS	C1CN(CCC1(C(=O)N[C@@H](CCO)C2=CC=C(C=C2)Cl)N)C3=NC=NC4=C3C=CN4	0.6602629778845346
KYSE180_OESOPHAGUS	C1CN(CCC1(C(=O)N[C@@H](CCO)C2=CC=C(C=C2)Cl)N)C3=NC=NC4=C3C=CN4	0.6116939343782148
KYSE220_OESOPHAGUS	C1CN(CCC1(C(=O)N[C@@H](CCO)C2=CC=C(C=C2)Cl)N)C3=NC=NC4=C3C=CN4	0.5639347616593189
KYSE270_OESOPHAGUS	C1CN(CCC1(C(=O)N[C@@H](CCO)C2=CC=C(C=C2)Cl)N)C3=NC=NC4=C3C=CN4	0.7238559163157001
KYSE410_OESOPHAGUS	C1CN(CCC1(C(=O)N[C@@H](CCO)C2=CC=C(C=C2)Cl)N)C3=NC=NC4=C3C=CN4	0.7692100305008536
KYSE450_OESOPHAGUS	C1CN(CCC1(C(=O)N[C@@H](CCO)C2=CC=C(C=C2)Cl)N)C3=NC=NC4=C3C=CN4	0.7275176004736497
KYSE50_OESOPHAGUS	C1CN(CCC1(C(=O)N[C@@H](CCO)C2=CC=C(C=C2)Cl)N)C3=NC=NC4=C3C=CN4	0.866128465463361
KYSE510_OESOPHAGUS	C1CN(CCC1(C(=O)N[C@@H](CCO)C2=CC=C(C=C2)Cl)N)C3=NC=NC4=C3C=CN4	0.6055335645111043
KYSE520_OESOPHAGUS	C1CN(CCC1(C(=O)N[C@@H](CCO)C2=CC=C(C=C2)Cl)N)C3=NC=NC4=C3C=CN4	0.6985736736068089
KYSE70_OESOPHAGUS	C1CN(CCC1(C(=O)N[C@@H](CCO)C2=CC=C(C=C2)Cl)N)C3=NC=NC4=C3C=CN4	0.6848306829365989
L363_HAEMATOPOIETIC_AND_LYMPHOID_TISSUE	C1CN(CCC1(C(=O)N[C@@H](CCO)C2=CC=C(C=C2)Cl)N)C3=NC=NC4=C3C=CN4	0.32945878266293493
L428_HAEMATOPOIETIC_AND_LYMPHOID_TISSUE	C1CN(CCC1(C(=O)N[C@@H](CCO)C2=CC=C(C=C2)Cl)N)C3=NC=NC4=C3C=CN4	0.8144077346270979
LAN6_AUTONOMIC_GANGLIA	C1CN(CCC1(C(=O)N[C@@H](CCO)C2=CC=C(C=C2)Cl)N)C3=NC=NC4=C3C=CN4	0.6616337618827425
LB1047RCC_KIDNEY	C1CN(CCC1(C(=O)N[C@@H](CCO)C2=CC=C(C=C2)Cl)N)C3=NC=NC4=C3C=CN4	0.4239100782466849
LB2241RCC_KIDNEY	C1CN(CCC1(C(=O)N[C@@H](CCO)C2=CC=C(C=C2)Cl)N)C3=NC=NC4=C3C=CN4	0.5304742984226862
LB771HNC_UPPER_AERODIGESTIVE_TRACT	C1CN(CCC1(C(=O)N[C@@H](CCO)C2=CC=C(C=C2)Cl)N)C3=NC=NC4=C3C=CN4	0.5152025806297467
LB831BLC_URINARY_TRACT	C1CN(CCC1(C(=O)N[C@@H](CCO)C2=CC=C(C=C2)Cl)N)C3=NC=NC4=C3C=CN4	0.6205756436451425
LB996RCC_KIDNEY	C1CN(CCC1(C(=O)N[C@@H](CCO)C2=CC=C(C=C2)Cl)N)C3=NC=NC4=C3C=CN4	0.3044140273069946
LC1SQ_LUNG	C1CN(CCC1(C(=O)N[C@@H](CCO)C2=CC=C(C=C2)Cl)N)C3=NC=NC4=C3C=CN4	0.8331140828348169
LC2AD_LUNG	C1CN(CCC1(C(=O)N[C@@H](CCO)C2=CC=C(C=C2)Cl)N)C3=NC=NC4=C3C=CN4	0.609652962943729
LC41_HAEMATOPOIETIC_AND_LYMPHOID_TISSUE	C1CN(CCC1(C(=O)N[C@@H](CCO)C2=CC=C(C=C2)Cl)N)C3=NC=NC4=C3C=CN4	0.8689894497246091
LCLC103H_LUNG	C1CN(CCC1(C(=O)N[C@@H](CCO)C2=CC=C(C=C2)Cl)N)C3=NC=NC4=C3C=CN4	0.6538615276123343
LCLC97TM1_LUNG	C1CN(CCC1(C(=O)N[C@@H](CCO)C2=CC=C(C=C2)Cl)N)C3=NC=NC4=C3C=CN4	0.8282105265621358
LK2_LUNG	C1CN(CCC1(C(=O)N[C@@H](CCO)C2=CC=C(C=C2)Cl)N)C3=NC=NC4=C3C=CN4	0.7712426174335342
LN18_CENTRAL_NERVOUS_SYSTEM	C1CN(CCC1(C(=O)N[C@@H](CCO)C2=CC=C(C=C2)Cl)N)C3=NC=NC4=C3C=CN4	0.6753748404582641
LN405_CENTRAL_NERVOUS_SYSTEM	C1CN(CCC1(C(=O)N[C@@H](CCO)C2=CC=C(C=C2)Cl)N)C3=NC=NC4=C3C=CN4	0.5993366321004125
LNZTA3WT4_CENTRAL_NERVOUS_SYSTEM	C1CN(CCC1(C(=O)N[C@@H](CCO)C2=CC=C(C=C2)Cl)N)C3=NC=NC4=C3C=CN4	0.6577746782849467
LOUCY_HAEMATOPOIETIC_AND_LYMPHOID_TISSUE	C1CN(CCC1(C(=O)N[C@@H](CCO)C2=CC=C(C=C2)Cl)N)C3=NC=NC4=C3C=CN4	0.21083937985457155
LS1034_LARGE_INTESTINE	C1CN(CCC1(C(=O)N[C@@H](CCO)C2=CC=C(C=C2)Cl)N)C3=NC=NC4=C3C=CN4	0.8515196541012039
LS123_LARGE_INTESTINE	C1CN(CCC1(C(=O)N[C@@H](CCO)C2=CC=C(C=C2)Cl)N)C3=NC=NC4=C3C=CN4	0.7710762996221527
LS411N_LARGE_INTESTINE	C1CN(CCC1(C(=O)N[C@@H](CCO)C2=CC=C(C=C2)Cl)N)C3=NC=NC4=C3C=CN4	0.5254106767871694
LS513_LARGE_INTESTINE	C1CN(CCC1(C(=O)N[C@@H](CCO)C2=CC=C(C=C2)Cl)N)C3=NC=NC4=C3C=CN4	0.5934714898528555
LU134A_LUNG	C1CN(CCC1(C(=O)N[C@@H](CCO)C2=CC=C(C=C2)Cl)N)C3=NC=NC4=C3C=CN4	0.2339571551015706
LU135_LUNG	C1CN(CCC1(C(=O)N[C@@H](CCO)C2=CC=C(C=C2)Cl)N)C3=NC=NC4=C3C=CN4	0.7704371566275839
LU165_LUNG	C1CN(CCC1(C(=O)N[C@@H](CCO)C2=CC=C(C=C2)Cl)N)C3=NC=NC4=C3C=CN4	0.8073319645278254
LU65_LUNG	C1CN(CCC1(C(=O)N[C@@H](CCO)C2=CC=C(C=C2)Cl)N)C3=NC=NC4=C3C=CN4	0.8171643774082474
LXF289_LUNG	C1CN(CCC1(C(=O)N[C@@H](CCO)C2=CC=C(C=C2)Cl)N)C3=NC=NC4=C3C=CN4	0.5815185208851298
M059J_CENTRAL_NERVOUS_SYSTEM	C1CN(CCC1(C(=O)N[C@@H](CCO)C2=CC=C(C=C2)Cl)N)C3=NC=NC4=C3C=CN4	0.5511505336162545
M14_SKIN	C1CN(CCC1(C(=O)N[C@@H](CCO)C2=CC=C(C=C2)Cl)N)C3=NC=NC4=C3C=CN4	0.7357739022634895
MCF7_BREAST	C1CN(CCC1(C(=O)N[C@@H](CCO)C2=CC=C(C=C2)Cl)N)C3=NC=NC4=C3C=CN4	0.5656478526215751
MCIXC_BONE	C1CN(CCC1(C(=O)N[C@@H](CCO)C2=CC=C(C=C2)Cl)N)C3=NC=NC4=C3C=CN4	0.6854051363467566
MDAMB157_BREAST	C1CN(CCC1(C(=O)N[C@@H](CCO)C2=CC=C(C=C2)Cl)N)C3=NC=NC4=C3C=CN4	0.8470926756063611
MDAMB415_BREAST	C1CN(CCC1(C(=O)N[C@@H](CCO)C2=CC=C(C=C2)Cl)N)C3=NC=NC4=C3C=CN4	0.2785998828522294
MDAMB436_BREAST	C1CN(CCC1(C(=O)N[C@@H](CCO)C2=CC=C(C=C2)Cl)N)C3=NC=NC4=C3C=CN4	0.8117142624432254
MDAMB468_BREAST	C1CN(CCC1(C(=O)N[C@@H](CCO)C2=CC=C(C=C2)Cl)N)C3=NC=NC4=C3C=CN4	0.7022257973239324
ME180_CERVIX	C1CN(CCC1(C(=O)N[C@@H](CCO)C2=CC=C(C=C2)Cl)N)C3=NC=NC4=C3C=CN4	0.39105141537060545
ME1_HAEMATOPOIETIC_AND_LYMPHOID_TISSUE	C1CN(CCC1(C(=O)N[C@@H](CCO)C2=CC=C(C=C2)Cl)N)C3=NC=NC4=C3C=CN4	0.9062179714536762
MEG01_HAEMATOPOIETIC_AND_LYMPHOID_TISSUE	C1CN(CCC1(C(=O)N[C@@H](CCO)C2=CC=C(C=C2)Cl)N)C3=NC=NC4=C3C=CN4	0.9220631977292817
MELHO_SKIN	C1CN(CCC1(C(=O)N[C@@H](CCO)C2=CC=C(C=C2)Cl)N)C3=NC=NC4=C3C=CN4	0.3861283941984188
MELJUSO_SKIN	C1CN(CCC1(C(=O)N[C@@H](CCO)C2=CC=C(C=C2)Cl)N)C3=NC=NC4=C3C=CN4	0.8104136283719406
MESSA_SOFT_TISSUE	C1CN(CCC1(C(=O)N[C@@H](CCO)C2=CC=C(C=C2)Cl)N)C3=NC=NC4=C3C=CN4	0.4613448256506488
MFE280_ENDOMETRIUM	C1CN(CCC1(C(=O)N[C@@H](CCO)C2=CC=C(C=C2)Cl)N)C3=NC=NC4=C3C=CN4	0.7241549378082992
MFE296_ENDOMETRIUM	C1CN(CCC1(C(=O)N[C@@H](CCO)C2=CC=C(C=C2)Cl)N)C3=NC=NC4=C3C=CN4	0.4706164529208624
MFE319_ENDOMETRIUM	C1CN(CCC1(C(=O)N[C@@H](CCO)C2=CC=C(C=C2)Cl)N)C3=NC=NC4=C3C=CN4	0.42044860134831247
MFHINO_SOFT_TISSUE	C1CN(CCC1(C(=O)N[C@@H](CCO)C2=CC=C(C=C2)Cl)N)C3=NC=NC4=C3C=CN4	0.6369106415273702
MHHES1_BONE	C1CN(CCC1(C(=O)N[C@@H](CCO)C2=CC=C(C=C2)Cl)N)C3=NC=NC4=C3C=CN4	0.7673461655205773
MHHPREB1_HAEMATOPOIETIC_AND_LYMPHOID_TISSUE	C1CN(CCC1(C(=O)N[C@@H](CCO)C2=CC=C(C=C2)Cl)N)C3=NC=NC4=C3C=CN4	0.49630629863800185
MIAPACA2_PANCREAS	C1CN(CCC1(C(=O)N[C@@H](CCO)C2=CC=C(C=C2)Cl)N)C3=NC=NC4=C3C=CN4	0.7601744052906452
MKN1_STOMACH	C1CN(CCC1(C(=O)N[C@@H](CCO)C2=CC=C(C=C2)Cl)N)C3=NC=NC4=C3C=CN4	0.7025107285671484
MKN45_STOMACH	C1CN(CCC1(C(=O)N[C@@H](CCO)C2=CC=C(C=C2)Cl)N)C3=NC=NC4=C3C=CN4	0.6911986696242369
MKN7_STOMACH	C1CN(CCC1(C(=O)N[C@@H](CCO)C2=CC=C(C=C2)Cl)N)C3=NC=NC4=C3C=CN4	0.6935976661328798
ML1_THYROID	C1CN(CCC1(C(=O)N[C@@H](CCO)C2=CC=C(C=C2)Cl)N)C3=NC=NC4=C3C=CN4	0.6930610777620171
MLMA_HAEMATOPOIETIC_AND_LYMPHOID_TISSUE	C1CN(CCC1(C(=O)N[C@@H](CCO)C2=CC=C(C=C2)Cl)N)C3=NC=NC4=C3C=CN4	0.6509254778116211
MN60_HAEMATOPOIETIC_AND_LYMPHOID_TISSUE	C1CN(CCC1(C(=O)N[C@@H](CCO)C2=CC=C(C=C2)Cl)N)C3=NC=NC4=C3C=CN4	0.7547496811478178
MOGGCCM_CENTRAL_NERVOUS_SYSTEM	C1CN(CCC1(C(=O)N[C@@H](CCO)C2=CC=C(C=C2)Cl)N)C3=NC=NC4=C3C=CN4	0.540394772468425
MOGGUVW_CENTRAL_NERVOUS_SYSTEM	C1CN(CCC1(C(=O)N[C@@H](CCO)C2=CC=C(C=C2)Cl)N)C3=NC=NC4=C3C=CN4	0.4452795892027882
MOLM13_HAEMATOPOIETIC_AND_LYMPHOID_TISSUE	C1CN(CCC1(C(=O)N[C@@H](CCO)C2=CC=C(C=C2)Cl)N)C3=NC=NC4=C3C=CN4	0.2426811741371188
MOLP8_HAEMATOPOIETIC_AND_LYMPHOID_TISSUE	C1CN(CCC1(C(=O)N[C@@H](CCO)C2=CC=C(C=C2)Cl)N)C3=NC=NC4=C3C=CN4	0.5265536203153067
MOLT13_HAEMATOPOIETIC_AND_LYMPHOID_TISSUE	C1CN(CCC1(C(=O)N[C@@H](CCO)C2=CC=C(C=C2)Cl)N)C3=NC=NC4=C3C=CN4	0.8525845076598098
MOLT16_HAEMATOPOIETIC_AND_LYMPHOID_TISSUE	C1CN(CCC1(C(=O)N[C@@H](CCO)C2=CC=C(C=C2)Cl)N)C3=NC=NC4=C3C=CN4	0.4122312820594014
MOLT4_HAEMATOPOIETIC_AND_LYMPHOID_TISSUE	C1CN(CCC1(C(=O)N[C@@H](CCO)C2=CC=C(C=C2)Cl)N)C3=NC=NC4=C3C=CN4	0.36671285660589653
MONOMAC6_HAEMATOPOIETIC_AND_LYMPHOID_TISSUE	C1CN(CCC1(C(=O)N[C@@H](CCO)C2=CC=C(C=C2)Cl)N)C3=NC=NC4=C3C=CN4	0.26646035259202067
MOT_HAEMATOPOIETIC_AND_LYMPHOID_TISSUE	C1CN(CCC1(C(=O)N[C@@H](CCO)C2=CC=C(C=C2)Cl)N)C3=NC=NC4=C3C=CN4	0.6483306301992984
MPP89_PLEURA	C1CN(CCC1(C(=O)N[C@@H](CCO)C2=CC=C(C=C2)Cl)N)C3=NC=NC4=C3C=CN4	0.677612187859677
MRKNU1_BREAST	C1CN(CCC1(C(=O)N[C@@H](CCO)C2=CC=C(C=C2)Cl)N)C3=NC=NC4=C3C=CN4	0.7768010994452542
MSTO211H_PLEURA	C1CN(CCC1(C(=O)N[C@@H](CCO)C2=CC=C(C=C2)Cl)N)C3=NC=NC4=C3C=CN4	0.9396537579203215
MV411_HAEMATOPOIETIC_AND_LYMPHOID_TISSUE	C1CN(CCC1(C(=O)N[C@@H](CCO)C2=CC=C(C=C2)Cl)N)C3=NC=NC4=C3C=CN4	0.3612066963489312
MZ2MEL_SKIN	C1CN(CCC1(C(=O)N[C@@H](CCO)C2=CC=C(C=C2)Cl)N)C3=NC=NC4=C3C=CN4	0.910709164000642
MZ7MEL_SKIN	C1CN(CCC1(C(=O)N[C@@H](CCO)C2=CC=C(C=C2)Cl)N)C3=NC=NC4=C3C=CN4	0.6376734752182323
NB10_AUTONOMIC_GANGLIA	C1CN(CCC1(C(=O)N[C@@H](CCO)C2=CC=C(C=C2)Cl)N)C3=NC=NC4=C3C=CN4	0.8472760876022862
NB12_AUTONOMIC_GANGLIA	C1CN(CCC1(C(=O)N[C@@H](CCO)C2=CC=C(C=C2)Cl)N)C3=NC=NC4=C3C=CN4	0.39537060634664345
NB13_AUTONOMIC_GANGLIA	C1CN(CCC1(C(=O)N[C@@H](CCO)C2=CC=C(C=C2)Cl)N)C3=NC=NC4=C3C=CN4	0.7594692249927477
NB14_AUTONOMIC_GANGLIA	C1CN(CCC1(C(=O)N[C@@H](CCO)C2=CC=C(C=C2)Cl)N)C3=NC=NC4=C3C=CN4	0.6381121968213147
NB17_AUTONOMIC_GANGLIA	C1CN(CCC1(C(=O)N[C@@H](CCO)C2=CC=C(C=C2)Cl)N)C3=NC=NC4=C3C=CN4	0.5827861266523694
NB1_AUTONOMIC_GANGLIA	C1CN(CCC1(C(=O)N[C@@H](CCO)C2=CC=C(C=C2)Cl)N)C3=NC=NC4=C3C=CN4	0.4067433144408976
NB6_AUTONOMIC_GANGLIA	C1CN(CCC1(C(=O)N[C@@H](CCO)C2=CC=C(C=C2)Cl)N)C3=NC=NC4=C3C=CN4	0.776833873905699
NB7_AUTONOMIC_GANGLIA	C1CN(CCC1(C(=O)N[C@@H](CCO)C2=CC=C(C=C2)Cl)N)C3=NC=NC4=C3C=CN4	0.7012051010903211
NBTU110_AUTONOMIC_GANGLIA	C1CN(CCC1(C(=O)N[C@@H](CCO)C2=CC=C(C=C2)Cl)N)C3=NC=NC4=C3C=CN4	0.833826499212988
NCIH1048_LUNG	C1CN(CCC1(C(=O)N[C@@H](CCO)C2=CC=C(C=C2)Cl)N)C3=NC=NC4=C3C=CN4	0.5506708762035948
NCIH1092_LUNG	C1CN(CCC1(C(=O)N[C@@H](CCO)C2=CC=C(C=C2)Cl)N)C3=NC=NC4=C3C=CN4	0.8371948578927064
NCIH1155_LUNG	C1CN(CCC1(C(=O)N[C@@H](CCO)C2=CC=C(C=C2)Cl)N)C3=NC=NC4=C3C=CN4	0.39615805335196147
NCIH1299_LUNG	C1CN(CCC1(C(=O)N[C@@H](CCO)C2=CC=C(C=C2)Cl)N)C3=NC=NC4=C3C=CN4	0.8465665498628467
NCIH1304_LUNG	C1CN(CCC1(C(=O)N[C@@H](CCO)C2=CC=C(C=C2)Cl)N)C3=NC=NC4=C3C=CN4	0.5326003822686357
NCIH1341_LUNG	C1CN(CCC1(C(=O)N[C@@H](CCO)C2=CC=C(C=C2)Cl)N)C3=NC=NC4=C3C=CN4	0.6030855867458462
NCIH1417_LUNG	C1CN(CCC1(C(=O)N[C@@H](CCO)C2=CC=C(C=C2)Cl)N)C3=NC=NC4=C3C=CN4	0.3429897395103053
NCIH1435_LUNG	C1CN(CCC1(C(=O)N[C@@H](CCO)C2=CC=C(C=C2)Cl)N)C3=NC=NC4=C3C=CN4	0.9119920208923267
NCIH1437_LUNG	C1CN(CCC1(C(=O)N[C@@H](CCO)C2=CC=C(C=C2)Cl)N)C3=NC=NC4=C3C=CN4	0.6065286368736686
NCIH1563_LUNG	C1CN(CCC1(C(=O)N[C@@H](CCO)C2=CC=C(C=C2)Cl)N)C3=NC=NC4=C3C=CN4	0.6301628160938029
NCIH1568_LUNG	C1CN(CCC1(C(=O)N[C@@H](CCO)C2=CC=C(C=C2)Cl)N)C3=NC=NC4=C3C=CN4	0.7222012667504025
NCIH1573_LUNG	C1CN(CCC1(C(=O)N[C@@H](CCO)C2=CC=C(C=C2)Cl)N)C3=NC=NC4=C3C=CN4	0.8680547210536189
NCIH1581_LUNG	C1CN(CCC1(C(=O)N[C@@H](CCO)C2=CC=C(C=C2)Cl)N)C3=NC=NC4=C3C=CN4	1.0129296384817978
NCIH1623_LUNG	C1CN(CCC1(C(=O)N[C@@H](CCO)C2=CC=C(C=C2)Cl)N)C3=NC=NC4=C3C=CN4	0.569625194491709
NCIH1648_LUNG	C1CN(CCC1(C(=O)N[C@@H](CCO)C2=CC=C(C=C2)Cl)N)C3=NC=NC4=C3C=CN4	0.49640513714627815
NCIH1651_LUNG	C1CN(CCC1(C(=O)N[C@@H](CCO)C2=CC=C(C=C2)Cl)N)C3=NC=NC4=C3C=CN4	0.8018556670961319
NCIH1666_LUNG	C1CN(CCC1(C(=O)N[C@@H](CCO)C2=CC=C(C=C2)Cl)N)C3=NC=NC4=C3C=CN4	0.7497518558555324
NCIH1688_LUNG	C1CN(CCC1(C(=O)N[C@@H](CCO)C2=CC=C(C=C2)Cl)N)C3=NC=NC4=C3C=CN4	0.6859622173062572
NCIH1694_LUNG	C1CN(CCC1(C(=O)N[C@@H](CCO)C2=CC=C(C=C2)Cl)N)C3=NC=NC4=C3C=CN4	0.684909695831313
NCIH1755_LUNG	C1CN(CCC1(C(=O)N[C@@H](CCO)C2=CC=C(C=C2)Cl)N)C3=NC=NC4=C3C=CN4	0.5060718218967455
NCIH1770_LUNG	C1CN(CCC1(C(=O)N[C@@H](CCO)C2=CC=C(C=C2)Cl)N)C3=NC=NC4=C3C=CN4	0.1658279155007438
NCIH1792_LUNG	C1CN(CCC1(C(=O)N[C@@H](CCO)C2=CC=C(C=C2)Cl)N)C3=NC=NC4=C3C=CN4	0.8703687481667706
NCIH1793_LUNG	C1CN(CCC1(C(=O)N[C@@H](CCO)C2=CC=C(C=C2)Cl)N)C3=NC=NC4=C3C=CN4	0.7563478794033536
NCIH1836_LUNG	C1CN(CCC1(C(=O)N[C@@H](CCO)C2=CC=C(C=C2)Cl)N)C3=NC=NC4=C3C=CN4	0.8884796337212076
NCIH1838_LUNG	C1CN(CCC1(C(=O)N[C@@H](CCO)C2=CC=C(C=C2)Cl)N)C3=NC=NC4=C3C=CN4	0.7456472657382152
NCIH1876_LUNG	C1CN(CCC1(C(=O)N[C@@H](CCO)C2=CC=C(C=C2)Cl)N)C3=NC=NC4=C3C=CN4	0.6919635318529425
NCIH187_LUNG	C1CN(CCC1(C(=O)N[C@@H](CCO)C2=CC=C(C=C2)Cl)N)C3=NC=NC4=C3C=CN4	0.4895720612173838
NCIH1915_LUNG	C1CN(CCC1(C(=O)N[C@@H](CCO)C2=CC=C(C=C2)Cl)N)C3=NC=NC4=C3C=CN4	0.9307701923776754
NCIH1944_LUNG	C1CN(CCC1(C(=O)N[C@@H](CCO)C2=CC=C(C=C2)Cl)N)C3=NC=NC4=C3C=CN4	0.6682267357364533
NCIH196_LUNG	C1CN(CCC1(C(=O)N[C@@H](CCO)C2=CC=C(C=C2)Cl)N)C3=NC=NC4=C3C=CN4	0.6726548745984323
NCIH1975_LUNG	C1CN(CCC1(C(=O)N[C@@H](CCO)C2=CC=C(C=C2)Cl)N)C3=NC=NC4=C3C=CN4	0.3770145057316092
NCIH1993_LUNG	C1CN(CCC1(C(=O)N[C@@H](CCO)C2=CC=C(C=C2)Cl)N)C3=NC=NC4=C3C=CN4	0.5634054307048899
NCIH2009_LUNG	C1CN(CCC1(C(=O)N[C@@H](CCO)C2=CC=C(C=C2)Cl)N)C3=NC=NC4=C3C=CN4	0.6701336994406921
NCIH2029_LUNG	C1CN(CCC1(C(=O)N[C@@H](CCO)C2=CC=C(C=C2)Cl)N)C3=NC=NC4=C3C=CN4	0.8369783270704807
NCIH2052_PLEURA	C1CN(CCC1(C(=O)N[C@@H](CCO)C2=CC=C(C=C2)Cl)N)C3=NC=NC4=C3C=CN4	0.7369695002373533
NCIH2087_LUNG	C1CN(CCC1(C(=O)N[C@@H](CCO)C2=CC=C(C=C2)Cl)N)C3=NC=NC4=C3C=CN4	1.0362646330990442
NCIH209_LUNG	C1CN(CCC1(C(=O)N[C@@H](CCO)C2=CC=C(C=C2)Cl)N)C3=NC=NC4=C3C=CN4	0.6326838128147162
NCIH2110_LUNG	C1CN(CCC1(C(=O)N[C@@H](CCO)C2=CC=C(C=C2)Cl)N)C3=NC=NC4=C3C=CN4	0.3483597807655023
NCIH2122_LUNG	C1CN(CCC1(C(=O)N[C@@H](CCO)C2=CC=C(C=C2)Cl)N)C3=NC=NC4=C3C=CN4	0.7260147060535582
NCIH2135_LUNG	C1CN(CCC1(C(=O)N[C@@H](CCO)C2=CC=C(C=C2)Cl)N)C3=NC=NC4=C3C=CN4	1.177649374732736
NCIH2141_LUNG	C1CN(CCC1(C(=O)N[C@@H](CCO)C2=CC=C(C=C2)Cl)N)C3=NC=NC4=C3C=CN4	0.8151567496673422
NCIH2170_LUNG	C1CN(CCC1(C(=O)N[C@@H](CCO)C2=CC=C(C=C2)Cl)N)C3=NC=NC4=C3C=CN4	0.5794700415488414
NCIH2172_LUNG	C1CN(CCC1(C(=O)N[C@@H](CCO)C2=CC=C(C=C2)Cl)N)C3=NC=NC4=C3C=CN4	0.6412931029216538
NCIH2227_LUNG	C1CN(CCC1(C(=O)N[C@@H](CCO)C2=CC=C(C=C2)Cl)N)C3=NC=NC4=C3C=CN4	0.8381603405813535
NCIH2228_LUNG	C1CN(CCC1(C(=O)N[C@@H](CCO)C2=CC=C(C=C2)Cl)N)C3=NC=NC4=C3C=CN4	0.8278667373103346
NCIH226_LUNG	C1CN(CCC1(C(=O)N[C@@H](CCO)C2=CC=C(C=C2)Cl)N)C3=NC=NC4=C3C=CN4	0.7223805820154404
NCIH2291_LUNG	C1CN(CCC1(C(=O)N[C@@H](CCO)C2=CC=C(C=C2)Cl)N)C3=NC=NC4=C3C=CN4	0.6846694229353255
NCIH2347_LUNG	C1CN(CCC1(C(=O)N[C@@H](CCO)C2=CC=C(C=C2)Cl)N)C3=NC=NC4=C3C=CN4	0.760862626173133
NCIH23_LUNG	C1CN(CCC1(C(=O)N[C@@H](CCO)C2=CC=C(C=C2)Cl)N)C3=NC=NC4=C3C=CN4	0.7542697643597407
NCIH2444_LUNG	C1CN(CCC1(C(=O)N[C@@H](CCO)C2=CC=C(C=C2)Cl)N)C3=NC=NC4=C3C=CN4	0.867872683050124
NCIH2452_PLEURA	C1CN(CCC1(C(=O)N[C@@H](CCO)C2=CC=C(C=C2)Cl)N)C3=NC=NC4=C3C=CN4	0.6186856959929661
NCIH2461_PLEURA	C1CN(CCC1(C(=O)N[C@@H](CCO)C2=CC=C(C=C2)Cl)N)C3=NC=NC4=C3C=CN4	0.6518274446158754
NCIH2591_PLEURA	C1CN(CCC1(C(=O)N[C@@H](CCO)C2=CC=C(C=C2)Cl)N)C3=NC=NC4=C3C=CN4	0.7964712307638014
NCIH2595_PLEURA	C1CN(CCC1(C(=O)N[C@@H](CCO)C2=CC=C(C=C2)Cl)N)C3=NC=NC4=C3C=CN4	0.8104874200201901
NCIH2731_PLEURA	C1CN(CCC1(C(=O)N[C@@H](CCO)C2=CC=C(C=C2)Cl)N)C3=NC=NC4=C3C=CN4	0.6781718410279826
NCIH2804_PLEURA	C1CN(CCC1(C(=O)N[C@@H](CCO)C2=CC=C(C=C2)Cl)N)C3=NC=NC4=C3C=CN4	0.6106837251358821
NCIH2810_PLEURA	C1CN(CCC1(C(=O)N[C@@H](CCO)C2=CC=C(C=C2)Cl)N)C3=NC=NC4=C3C=CN4	0.4712954403959311
NCIH2869_PLEURA	C1CN(CCC1(C(=O)N[C@@H](CCO)C2=CC=C(C=C2)Cl)N)C3=NC=NC4=C3C=CN4	0.8194103491687861
NCIH28_PLEURA	C1CN(CCC1(C(=O)N[C@@H](CCO)C2=CC=C(C=C2)Cl)N)C3=NC=NC4=C3C=CN4	0.6744225444906506
NCIH292_LUNG	C1CN(CCC1(C(=O)N[C@@H](CCO)C2=CC=C(C=C2)Cl)N)C3=NC=NC4=C3C=CN4	0.301837558624883
NCIH3122_LUNG	C1CN(CCC1(C(=O)N[C@@H](CCO)C2=CC=C(C=C2)Cl)N)C3=NC=NC4=C3C=CN4	0.6357363575844648
NCIH345_LUNG	C1CN(CCC1(C(=O)N[C@@H](CCO)C2=CC=C(C=C2)Cl)N)C3=NC=NC4=C3C=CN4	0.7808753991596792
NCIH358_LUNG	C1CN(CCC1(C(=O)N[C@@H](CCO)C2=CC=C(C=C2)Cl)N)C3=NC=NC4=C3C=CN4	0.8062744016150847
NCIH441_LUNG	C1CN(CCC1(C(=O)N[C@@H](CCO)C2=CC=C(C=C2)Cl)N)C3=NC=NC4=C3C=CN4	0.8871148065165235
NCIH460_LUNG	C1CN(CCC1(C(=O)N[C@@H](CCO)C2=CC=C(C=C2)Cl)N)C3=NC=NC4=C3C=CN4	0.2901125469986406
NCIH508_LARGE_INTESTINE	C1CN(CCC1(C(=O)N[C@@H](CCO)C2=CC=C(C=C2)Cl)N)C3=NC=NC4=C3C=CN4	0.2810665787073816
NCIH520_LUNG	C1CN(CCC1(C(=O)N[C@@H](CCO)C2=CC=C(C=C2)Cl)N)C3=NC=NC4=C3C=CN4	0.5932614671284708
NCIH524_LUNG	C1CN(CCC1(C(=O)N[C@@H](CCO)C2=CC=C(C=C2)Cl)N)C3=NC=NC4=C3C=CN4	0.7422610369724457
NCIH526_LUNG	C1CN(CCC1(C(=O)N[C@@H](CCO)C2=CC=C(C=C2)Cl)N)C3=NC=NC4=C3C=CN4	0.6434607791935075
NCIH596_LUNG	C1CN(CCC1(C(=O)N[C@@H](CCO)C2=CC=C(C=C2)Cl)N)C3=NC=NC4=C3C=CN4	0.707777044841453
NCIH647_LUNG	C1CN(CCC1(C(=O)N[C@@H](CCO)C2=CC=C(C=C2)Cl)N)C3=NC=NC4=C3C=CN4	0.3739112218329019
NCIH64_LUNG	C1CN(CCC1(C(=O)N[C@@H](CCO)C2=CC=C(C=C2)Cl)N)C3=NC=NC4=C3C=CN4	0.6557201591699015
NCIH661_LUNG	C1CN(CCC1(C(=O)N[C@@H](CCO)C2=CC=C(C=C2)Cl)N)C3=NC=NC4=C3C=CN4	0.6615888472607856
NCIH69_LUNG	C1CN(CCC1(C(=O)N[C@@H](CCO)C2=CC=C(C=C2)Cl)N)C3=NC=NC4=C3C=CN4	0.5046024233304982
NCIH716_LARGE_INTESTINE	C1CN(CCC1(C(=O)N[C@@H](CCO)C2=CC=C(C=C2)Cl)N)C3=NC=NC4=C3C=CN4	0.4229599215148423
NCIH727_LUNG	C1CN(CCC1(C(=O)N[C@@H](CCO)C2=CC=C(C=C2)Cl)N)C3=NC=NC4=C3C=CN4	0.8297269513991962
NCIH810_LUNG	C1CN(CCC1(C(=O)N[C@@H](CCO)C2=CC=C(C=C2)Cl)N)C3=NC=NC4=C3C=CN4	0.8424234627802734
NCIH835_LUNG	C1CN(CCC1(C(=O)N[C@@H](CCO)C2=CC=C(C=C2)Cl)N)C3=NC=NC4=C3C=CN4	0.5984087353656512
NCIH841_LUNG	C1CN(CCC1(C(=O)N[C@@H](CCO)C2=CC=C(C=C2)Cl)N)C3=NC=NC4=C3C=CN4	0.6847832872447748
NCIH847_LUNG	C1CN(CCC1(C(=O)N[C@@H](CCO)C2=CC=C(C=C2)Cl)N)C3=NC=NC4=C3C=CN4	0.6752990102037191
NCIH929_HAEMATOPOIETIC_AND_LYMPHOID_TISSUE	C1CN(CCC1(C(=O)N[C@@H](CCO)C2=CC=C(C=C2)Cl)N)C3=NC=NC4=C3C=CN4	0.0693279352087572
NCIN87_STOMACH	C1CN(CCC1(C(=O)N[C@@H](CCO)C2=CC=C(C=C2)Cl)N)C3=NC=NC4=C3C=CN4	0.5587952770467983
NIHOVCAR3_OVARY	C1CN(CCC1(C(=O)N[C@@H](CCO)C2=CC=C(C=C2)Cl)N)C3=NC=NC4=C3C=CN4	0.7449499106412645
NKM1_HAEMATOPOIETIC_AND_LYMPHOID_TISSUE	C1CN(CCC1(C(=O)N[C@@H](CCO)C2=CC=C(C=C2)Cl)N)C3=NC=NC4=C3C=CN4	0.6823184487288572
NMCG1_CENTRAL_NERVOUS_SYSTEM	C1CN(CCC1(C(=O)N[C@@H](CCO)C2=CC=C(C=C2)Cl)N)C3=NC=NC4=C3C=CN4	0.8431861740153261
NO10_CENTRAL_NERVOUS_SYSTEM	C1CN(CCC1(C(=O)N[C@@H](CCO)C2=CC=C(C=C2)Cl)N)C3=NC=NC4=C3C=CN4	0.6051763137480825
NO11_CENTRAL_NERVOUS_SYSTEM	C1CN(CCC1(C(=O)N[C@@H](CCO)C2=CC=C(C=C2)Cl)N)C3=NC=NC4=C3C=CN4	0.7927447744141735
NOMO1_HAEMATOPOIETIC_AND_LYMPHOID_TISSUE	C1CN(CCC1(C(=O)N[C@@H](CCO)C2=CC=C(C=C2)Cl)N)C3=NC=NC4=C3C=CN4	0.5859382946248901
NTERA2CLD1_TESTIS	C1CN(CCC1(C(=O)N[C@@H](CCO)C2=CC=C(C=C2)Cl)N)C3=NC=NC4=C3C=CN4	0.6044550746460411
NUDUL1_HAEMATOPOIETIC_AND_LYMPHOID_TISSUE	C1CN(CCC1(C(=O)N[C@@H](CCO)C2=CC=C(C=C2)Cl)N)C3=NC=NC4=C3C=CN4	0.1743851461849048
NUGC3_STOMACH	C1CN(CCC1(C(=O)N[C@@H](CCO)C2=CC=C(C=C2)Cl)N)C3=NC=NC4=C3C=CN4	0.8032982488926765
NUGC4_STOMACH	C1CN(CCC1(C(=O)N[C@@H](CCO)C2=CC=C(C=C2)Cl)N)C3=NC=NC4=C3C=CN4	1.0844165166234474
NY_BONE	C1CN(CCC1(C(=O)N[C@@H](CCO)C2=CC=C(C=C2)Cl)N)C3=NC=NC4=C3C=CN4	0.7819515608487249
OACM51_OESOPHAGUS	C1CN(CCC1(C(=O)N[C@@H](CCO)C2=CC=C(C=C2)Cl)N)C3=NC=NC4=C3C=CN4	0.559621213594719
OAW28_OVARY	C1CN(CCC1(C(=O)N[C@@H](CCO)C2=CC=C(C=C2)Cl)N)C3=NC=NC4=C3C=CN4	0.8382086398001984
OC314_OVARY	C1CN(CCC1(C(=O)N[C@@H](CCO)C2=CC=C(C=C2)Cl)N)C3=NC=NC4=C3C=CN4	0.5813448439412892
OCIAML2_HAEMATOPOIETIC_AND_LYMPHOID_TISSUE	C1CN(CCC1(C(=O)N[C@@H](CCO)C2=CC=C(C=C2)Cl)N)C3=NC=NC4=C3C=CN4	0.5020832833962177
OCIAML3_HAEMATOPOIETIC_AND_LYMPHOID_TISSUE	C1CN(CCC1(C(=O)N[C@@H](CCO)C2=CC=C(C=C2)Cl)N)C3=NC=NC4=C3C=CN4	0.5765124670664022
OCIAML5_HAEMATOPOIETIC_AND_LYMPHOID_TISSUE	C1CN(CCC1(C(=O)N[C@@H](CCO)C2=CC=C(C=C2)Cl)N)C3=NC=NC4=C3C=CN4	0.8049754981996752
OCILY19_HAEMATOPOIETIC_AND_LYMPHOID_TISSUE	C1CN(CCC1(C(=O)N[C@@H](CCO)C2=CC=C(C=C2)Cl)N)C3=NC=NC4=C3C=CN4	0.5078319373808122
OCILY7_HAEMATOPOIETIC_AND_LYMPHOID_TISSUE	C1CN(CCC1(C(=O)N[C@@H](CCO)C2=CC=C(C=C2)Cl)N)C3=NC=NC4=C3C=CN4	0.0346079890259824
OCIM1_HAEMATOPOIETIC_AND_LYMPHOID_TISSUE	C1CN(CCC1(C(=O)N[C@@H](CCO)C2=CC=C(C=C2)Cl)N)C3=NC=NC4=C3C=CN4	0.7019036965590786
OCUBM_BREAST	C1CN(CCC1(C(=O)N[C@@H](CCO)C2=CC=C(C=C2)Cl)N)C3=NC=NC4=C3C=CN4	0.08223665999826515
OCUM1_STOMACH	C1CN(CCC1(C(=O)N[C@@H](CCO)C2=CC=C(C=C2)Cl)N)C3=NC=NC4=C3C=CN4	0.6003033250527153
OE19_OESOPHAGUS	C1CN(CCC1(C(=O)N[C@@H](CCO)C2=CC=C(C=C2)Cl)N)C3=NC=NC4=C3C=CN4	0.8651905299873386
OE21_OESOPHAGUS	C1CN(CCC1(C(=O)N[C@@H](CCO)C2=CC=C(C=C2)Cl)N)C3=NC=NC4=C3C=CN4	0.4044591127725623
OE33_OESOPHAGUS	C1CN(CCC1(C(=O)N[C@@H](CCO)C2=CC=C(C=C2)Cl)N)C3=NC=NC4=C3C=CN4	0.8568471463015876
OMC1_CERVIX	C1CN(CCC1(C(=O)N[C@@H](CCO)C2=CC=C(C=C2)Cl)N)C3=NC=NC4=C3C=CN4	0.434815039470074
ONS76_CENTRAL_NERVOUS_SYSTEM	C1CN(CCC1(C(=O)N[C@@H](CCO)C2=CC=C(C=C2)Cl)N)C3=NC=NC4=C3C=CN4	0.7096722208179759
OPM2_HAEMATOPOIETIC_AND_LYMPHOID_TISSUE	C1CN(CCC1(C(=O)N[C@@H](CCO)C2=CC=C(C=C2)Cl)N)C3=NC=NC4=C3C=CN4	0.2761019130112449
OSC20_UPPER_AERODIGESTIVE_TRACT	C1CN(CCC1(C(=O)N[C@@H](CCO)C2=CC=C(C=C2)Cl)N)C3=NC=NC4=C3C=CN4	0.6568367439441736
OSRC2_KIDNEY	C1CN(CCC1(C(=O)N[C@@H](CCO)C2=CC=C(C=C2)Cl)N)C3=NC=NC4=C3C=CN4	0.6704928301470182
OV17R_OVARY	C1CN(CCC1(C(=O)N[C@@H](CCO)C2=CC=C(C=C2)Cl)N)C3=NC=NC4=C3C=CN4	0.7901279165048438
OV7_OVARY	C1CN(CCC1(C(=O)N[C@@H](CCO)C2=CC=C(C=C2)Cl)N)C3=NC=NC4=C3C=CN4	0.4319701816226338
OV90_OVARY	C1CN(CCC1(C(=O)N[C@@H](CCO)C2=CC=C(C=C2)Cl)N)C3=NC=NC4=C3C=CN4	0.6460704560981181
OVCAR5_OVARY	C1CN(CCC1(C(=O)N[C@@H](CCO)C2=CC=C(C=C2)Cl)N)C3=NC=NC4=C3C=CN4	0.7531769880247956
OVCAR8_OVARY	C1CN(CCC1(C(=O)N[C@@H](CCO)C2=CC=C(C=C2)Cl)N)C3=NC=NC4=C3C=CN4	0.7958734923770732
OVISE_OVARY	C1CN(CCC1(C(=O)N[C@@H](CCO)C2=CC=C(C=C2)Cl)N)C3=NC=NC4=C3C=CN4	0.5649904167220402
OVK18_OVARY	C1CN(CCC1(C(=O)N[C@@H](CCO)C2=CC=C(C=C2)Cl)N)C3=NC=NC4=C3C=CN4	0.3077243329866205
OVTOKO_OVARY	C1CN(CCC1(C(=O)N[C@@H](CCO)C2=CC=C(C=C2)Cl)N)C3=NC=NC4=C3C=CN4	0.5243181614289435
P30OHK_HAEMATOPOIETIC_AND_LYMPHOID_TISSUE	C1CN(CCC1(C(=O)N[C@@H](CCO)C2=CC=C(C=C2)Cl)N)C3=NC=NC4=C3C=CN4	0.6162842232400428
P31FUJ_HAEMATOPOIETIC_AND_LYMPHOID_TISSUE	C1CN(CCC1(C(=O)N[C@@H](CCO)C2=CC=C(C=C2)Cl)N)C3=NC=NC4=C3C=CN4	0.4476391531306513
P32ISH_HAEMATOPOIETIC_AND_LYMPHOID_TISSUE	C1CN(CCC1(C(=O)N[C@@H](CCO)C2=CC=C(C=C2)Cl)N)C3=NC=NC4=C3C=CN4	0.4446294672348783
PA1_OVARY	C1CN(CCC1(C(=O)N[C@@H](CCO)C2=CC=C(C=C2)Cl)N)C3=NC=NC4=C3C=CN4	0.28782044854029815
PANC0327_PANCREAS	C1CN(CCC1(C(=O)N[C@@H](CCO)C2=CC=C(C=C2)Cl)N)C3=NC=NC4=C3C=CN4	0.8791737107773612
PANC0403_PANCREAS	C1CN(CCC1(C(=O)N[C@@H](CCO)C2=CC=C(C=C2)Cl)N)C3=NC=NC4=C3C=CN4	0.7906612946828535
PANC1005_PANCREAS	C1CN(CCC1(C(=O)N[C@@H](CCO)C2=CC=C(C=C2)Cl)N)C3=NC=NC4=C3C=CN4	0.7367756262484166
PATU8902_PANCREAS	C1CN(CCC1(C(=O)N[C@@H](CCO)C2=CC=C(C=C2)Cl)N)C3=NC=NC4=C3C=CN4	0.6627728211618749
PC14_LUNG	C1CN(CCC1(C(=O)N[C@@H](CCO)C2=CC=C(C=C2)Cl)N)C3=NC=NC4=C3C=CN4	0.643779000118077
PCI15A_UPPER_AERODIGESTIVE_TRACT	C1CN(CCC1(C(=O)N[C@@H](CCO)C2=CC=C(C=C2)Cl)N)C3=NC=NC4=C3C=CN4	0.2971183870968933
PCI30_UPPER_AERODIGESTIVE_TRACT	C1CN(CCC1(C(=O)N[C@@H](CCO)C2=CC=C(C=C2)Cl)N)C3=NC=NC4=C3C=CN4	0.6361411831605264
PCI6A_UPPER_AERODIGESTIVE_TRACT	C1CN(CCC1(C(=O)N[C@@H](CCO)C2=CC=C(C=C2)Cl)N)C3=NC=NC4=C3C=CN4	0.4518873752530833
PECAPJ15_UPPER_AERODIGESTIVE_TRACT	C1CN(CCC1(C(=O)N[C@@H](CCO)C2=CC=C(C=C2)Cl)N)C3=NC=NC4=C3C=CN4	0.6818782509029994
PEO1_OVARY	C1CN(CCC1(C(=O)N[C@@H](CCO)C2=CC=C(C=C2)Cl)N)C3=NC=NC4=C3C=CN4	0.770778557409117
PF382_HAEMATOPOIETIC_AND_LYMPHOID_TISSUE	C1CN(CCC1(C(=O)N[C@@H](CCO)C2=CC=C(C=C2)Cl)N)C3=NC=NC4=C3C=CN4	0.44043970271252186
PFSK1_CENTRAL_NERVOUS_SYSTEM	C1CN(CCC1(C(=O)N[C@@H](CCO)C2=CC=C(C=C2)Cl)N)C3=NC=NC4=C3C=CN4	0.7048634856928186
PL18_PANCREAS	C1CN(CCC1(C(=O)N[C@@H](CCO)C2=CC=C(C=C2)Cl)N)C3=NC=NC4=C3C=CN4	0.7678593671552225
PL21_HAEMATOPOIETIC_AND_LYMPHOID_TISSUE	C1CN(CCC1(C(=O)N[C@@H](CCO)C2=CC=C(C=C2)Cl)N)C3=NC=NC4=C3C=CN4	0.2665783280404413
PL4_PANCREAS	C1CN(CCC1(C(=O)N[C@@H](CCO)C2=CC=C(C=C2)Cl)N)C3=NC=NC4=C3C=CN4	0.9173611174905972
PSN1_PANCREAS	C1CN(CCC1(C(=O)N[C@@H](CCO)C2=CC=C(C=C2)Cl)N)C3=NC=NC4=C3C=CN4	0.8668711026103988
PWR1E_PROSTATE	C1CN(CCC1(C(=O)N[C@@H](CCO)C2=CC=C(C=C2)Cl)N)C3=NC=NC4=C3C=CN4	0.6807444234282245
QGP1_PANCREAS	C1CN(CCC1(C(=O)N[C@@H](CCO)C2=CC=C(C=C2)Cl)N)C3=NC=NC4=C3C=CN4	1.0056047854675485
QIMRWIL_HAEMATOPOIETIC_AND_LYMPHOID_TISSUE	C1CN(CCC1(C(=O)N[C@@H](CCO)C2=CC=C(C=C2)Cl)N)C3=NC=NC4=C3C=CN4	0.6804074843026973
RAJI_HAEMATOPOIETIC_AND_LYMPHOID_TISSUE	C1CN(CCC1(C(=O)N[C@@H](CCO)C2=CC=C(C=C2)Cl)N)C3=NC=NC4=C3C=CN4	0.8337868747821466
RCC10RGB_KIDNEY	C1CN(CCC1(C(=O)N[C@@H](CCO)C2=CC=C(C=C2)Cl)N)C3=NC=NC4=C3C=CN4	0.8478047478611055
RCCAB_KIDNEY	C1CN(CCC1(C(=O)N[C@@H](CCO)C2=CC=C(C=C2)Cl)N)C3=NC=NC4=C3C=CN4	0.7481422478340116
RCCFG2_KIDNEY	C1CN(CCC1(C(=O)N[C@@H](CCO)C2=CC=C(C=C2)Cl)N)C3=NC=NC4=C3C=CN4	0.3442398470663505
RCCJF_KIDNEY	C1CN(CCC1(C(=O)N[C@@H](CCO)C2=CC=C(C=C2)Cl)N)C3=NC=NC4=C3C=CN4	0.231734629341527
RCCMF_KIDNEY	C1CN(CCC1(C(=O)N[C@@H](CCO)C2=CC=C(C=C2)Cl)N)C3=NC=NC4=C3C=CN4	0.587443400634039
RCHACV_HAEMATOPOIETIC_AND_LYMPHOID_TISSUE	C1CN(CCC1(C(=O)N[C@@H](CCO)C2=CC=C(C=C2)Cl)N)C3=NC=NC4=C3C=CN4	0.1847112229598535
RCK8_HAEMATOPOIETIC_AND_LYMPHOID_TISSUE	C1CN(CCC1(C(=O)N[C@@H](CCO)C2=CC=C(C=C2)Cl)N)C3=NC=NC4=C3C=CN4	0.8788930747579787
RCM1_LARGE_INTESTINE	C1CN(CCC1(C(=O)N[C@@H](CCO)C2=CC=C(C=C2)Cl)N)C3=NC=NC4=C3C=CN4	0.7376952437069674
RD_SOFT_TISSUE	C1CN(CCC1(C(=O)N[C@@H](CCO)C2=CC=C(C=C2)Cl)N)C3=NC=NC4=C3C=CN4	0.7889685621030352
REH_HAEMATOPOIETIC_AND_LYMPHOID_TISSUE	C1CN(CCC1(C(=O)N[C@@H](CCO)C2=CC=C(C=C2)Cl)N)C3=NC=NC4=C3C=CN4	0.42329964068962744
RERFLCSQ1_LUNG	C1CN(CCC1(C(=O)N[C@@H](CCO)C2=CC=C(C=C2)Cl)N)C3=NC=NC4=C3C=CN4	0.3780047321591426
RF48_HAEMATOPOIETIC_AND_LYMPHOID_TISSUE	C1CN(CCC1(C(=O)N[C@@H](CCO)C2=CC=C(C=C2)Cl)N)C3=NC=NC4=C3C=CN4	0.7506597143404206
RH18_SOFT_TISSUE	C1CN(CCC1(C(=O)N[C@@H](CCO)C2=CC=C(C=C2)Cl)N)C3=NC=NC4=C3C=CN4	0.5726994192799287
RH1_BONE	C1CN(CCC1(C(=O)N[C@@H](CCO)C2=CC=C(C=C2)Cl)N)C3=NC=NC4=C3C=CN4	0.7187106650018167
RH41_SOFT_TISSUE	C1CN(CCC1(C(=O)N[C@@H](CCO)C2=CC=C(C=C2)Cl)N)C3=NC=NC4=C3C=CN4	0.18426841330434945
RKN_SOFT_TISSUE	C1CN(CCC1(C(=O)N[C@@H](CCO)C2=CC=C(C=C2)Cl)N)C3=NC=NC4=C3C=CN4	0.6558954894481579
RKO_LARGE_INTESTINE	C1CN(CCC1(C(=O)N[C@@H](CCO)C2=CC=C(C=C2)Cl)N)C3=NC=NC4=C3C=CN4	0.6997238760784694
RMGI_OVARY	C1CN(CCC1(C(=O)N[C@@H](CCO)C2=CC=C(C=C2)Cl)N)C3=NC=NC4=C3C=CN4	0.7655761423986942
RPMI6666_HAEMATOPOIETIC_AND_LYMPHOID_TISSUE	C1CN(CCC1(C(=O)N[C@@H](CCO)C2=CC=C(C=C2)Cl)N)C3=NC=NC4=C3C=CN4	0.4210848138523926
RPMI7951_SKIN	C1CN(CCC1(C(=O)N[C@@H](CCO)C2=CC=C(C=C2)Cl)N)C3=NC=NC4=C3C=CN4	0.46671720864471
RPMI8402_HAEMATOPOIETIC_AND_LYMPHOID_TISSUE	C1CN(CCC1(C(=O)N[C@@H](CCO)C2=CC=C(C=C2)Cl)N)C3=NC=NC4=C3C=CN4	0.36196045136954846
RPMI8866_HAEMATOPOIETIC_AND_LYMPHOID_TISSUE	C1CN(CCC1(C(=O)N[C@@H](CCO)C2=CC=C(C=C2)Cl)N)C3=NC=NC4=C3C=CN4	0.2907940558197175
RS411_HAEMATOPOIETIC_AND_LYMPHOID_TISSUE	C1CN(CCC1(C(=O)N[C@@H](CCO)C2=CC=C(C=C2)Cl)N)C3=NC=NC4=C3C=CN4	0.5683460635196157
RT112_URINARY_TRACT	C1CN(CCC1(C(=O)N[C@@H](CCO)C2=CC=C(C=C2)Cl)N)C3=NC=NC4=C3C=CN4	0.6500188242587573
RT4_URINARY_TRACT	C1CN(CCC1(C(=O)N[C@@H](CCO)C2=CC=C(C=C2)Cl)N)C3=NC=NC4=C3C=CN4	0.9538648165829962
RVH421_SKIN	C1CN(CCC1(C(=O)N[C@@H](CCO)C2=CC=C(C=C2)Cl)N)C3=NC=NC4=C3C=CN4	0.3750765962069848
RXF393_KIDNEY	C1CN(CCC1(C(=O)N[C@@H](CCO)C2=CC=C(C=C2)Cl)N)C3=NC=NC4=C3C=CN4	0.3492210633526274
SAS_UPPER_AERODIGESTIVE_TRACT	C1CN(CCC1(C(=O)N[C@@H](CCO)C2=CC=C(C=C2)Cl)N)C3=NC=NC4=C3C=CN4	0.7008876774092925
SAT_UPPER_AERODIGESTIVE_TRACT	C1CN(CCC1(C(=O)N[C@@H](CCO)C2=CC=C(C=C2)Cl)N)C3=NC=NC4=C3C=CN4	0.645549182329967
SBC1_LUNG	C1CN(CCC1(C(=O)N[C@@H](CCO)C2=CC=C(C=C2)Cl)N)C3=NC=NC4=C3C=CN4	0.3291427265945051
SBC5_LUNG	C1CN(CCC1(C(=O)N[C@@H](CCO)C2=CC=C(C=C2)Cl)N)C3=NC=NC4=C3C=CN4	0.6597942223027671
SCC15_UPPER_AERODIGESTIVE_TRACT	C1CN(CCC1(C(=O)N[C@@H](CCO)C2=CC=C(C=C2)Cl)N)C3=NC=NC4=C3C=CN4	0.8555424460701895
SCC25_UPPER_AERODIGESTIVE_TRACT	C1CN(CCC1(C(=O)N[C@@H](CCO)C2=CC=C(C=C2)Cl)N)C3=NC=NC4=C3C=CN4	0.4850736937020088
SCC3_HAEMATOPOIETIC_AND_LYMPHOID_TISSUE	C1CN(CCC1(C(=O)N[C@@H](CCO)C2=CC=C(C=C2)Cl)N)C3=NC=NC4=C3C=CN4	0.8210770174957523
SCC4_UPPER_AERODIGESTIVE_TRACT	C1CN(CCC1(C(=O)N[C@@H](CCO)C2=CC=C(C=C2)Cl)N)C3=NC=NC4=C3C=CN4	0.7559567491222342
SCC9_UPPER_AERODIGESTIVE_TRACT	C1CN(CCC1(C(=O)N[C@@H](CCO)C2=CC=C(C=C2)Cl)N)C3=NC=NC4=C3C=CN4	0.7589798269162702
SF268_CENTRAL_NERVOUS_SYSTEM	C1CN(CCC1(C(=O)N[C@@H](CCO)C2=CC=C(C=C2)Cl)N)C3=NC=NC4=C3C=CN4	0.763340616051453
SF295_CENTRAL_NERVOUS_SYSTEM	C1CN(CCC1(C(=O)N[C@@H](CCO)C2=CC=C(C=C2)Cl)N)C3=NC=NC4=C3C=CN4	0.3471696123869879
SF539_CENTRAL_NERVOUS_SYSTEM	C1CN(CCC1(C(=O)N[C@@H](CCO)C2=CC=C(C=C2)Cl)N)C3=NC=NC4=C3C=CN4	0.3823610506932181
SHP77_LUNG	C1CN(CCC1(C(=O)N[C@@H](CCO)C2=CC=C(C=C2)Cl)N)C3=NC=NC4=C3C=CN4	0.9591134035993877
SIHA_CERVIX	C1CN(CCC1(C(=O)N[C@@H](CCO)C2=CC=C(C=C2)Cl)N)C3=NC=NC4=C3C=CN4	0.9042089228692789
SJSA1_BONE	C1CN(CCC1(C(=O)N[C@@H](CCO)C2=CC=C(C=C2)Cl)N)C3=NC=NC4=C3C=CN4	0.6144015519120799
SKCO1_LARGE_INTESTINE	C1CN(CCC1(C(=O)N[C@@H](CCO)C2=CC=C(C=C2)Cl)N)C3=NC=NC4=C3C=CN4	0.8072845925872609
SKES1_BONE	C1CN(CCC1(C(=O)N[C@@H](CCO)C2=CC=C(C=C2)Cl)N)C3=NC=NC4=C3C=CN4	0.48318235768111684
SKGIIIA_CERVIX	C1CN(CCC1(C(=O)N[C@@H](CCO)C2=CC=C(C=C2)Cl)N)C3=NC=NC4=C3C=CN4	0.766059232585735
SKGT2_STOMACH	C1CN(CCC1(C(=O)N[C@@H](CCO)C2=CC=C(C=C2)Cl)N)C3=NC=NC4=C3C=CN4	0.589862305970074
SKGT4_OESOPHAGUS	C1CN(CCC1(C(=O)N[C@@H](CCO)C2=CC=C(C=C2)Cl)N)C3=NC=NC4=C3C=CN4	0.47129087527890373
SKLU1_LUNG	C1CN(CCC1(C(=O)N[C@@H](CCO)C2=CC=C(C=C2)Cl)N)C3=NC=NC4=C3C=CN4	0.8338795257899667
SKMEL1_SKIN	C1CN(CCC1(C(=O)N[C@@H](CCO)C2=CC=C(C=C2)Cl)N)C3=NC=NC4=C3C=CN4	0.9799760811055298
SKMEL24_SKIN	C1CN(CCC1(C(=O)N[C@@H](CCO)C2=CC=C(C=C2)Cl)N)C3=NC=NC4=C3C=CN4	0.6247560113633166
SKMEL30_SKIN	C1CN(CCC1(C(=O)N[C@@H](CCO)C2=CC=C(C=C2)Cl)N)C3=NC=NC4=C3C=CN4	0.8806704780030048
SKMEL3_SKIN	C1CN(CCC1(C(=O)N[C@@H](CCO)C2=CC=C(C=C2)Cl)N)C3=NC=NC4=C3C=CN4	0.3984940090617415
SKMEL5_SKIN	C1CN(CCC1(C(=O)N[C@@H](CCO)C2=CC=C(C=C2)Cl)N)C3=NC=NC4=C3C=CN4	0.7103837149604056
SKMES1_LUNG	C1CN(CCC1(C(=O)N[C@@H](CCO)C2=CC=C(C=C2)Cl)N)C3=NC=NC4=C3C=CN4	0.857221563723346
SKMM2_HAEMATOPOIETIC_AND_LYMPHOID_TISSUE	C1CN(CCC1(C(=O)N[C@@H](CCO)C2=CC=C(C=C2)Cl)N)C3=NC=NC4=C3C=CN4	0.667796489373198
SKNAS_AUTONOMIC_GANGLIA	C1CN(CCC1(C(=O)N[C@@H](CCO)C2=CC=C(C=C2)Cl)N)C3=NC=NC4=C3C=CN4	0.7991583405030653
SKNFI_AUTONOMIC_GANGLIA	C1CN(CCC1(C(=O)N[C@@H](CCO)C2=CC=C(C=C2)Cl)N)C3=NC=NC4=C3C=CN4	0.7384414997569522
SKNSH_AUTONOMIC_GANGLIA	C1CN(CCC1(C(=O)N[C@@H](CCO)C2=CC=C(C=C2)Cl)N)C3=NC=NC4=C3C=CN4	0.6461796055818494
SKN_ENDOMETRIUM	C1CN(CCC1(C(=O)N[C@@H](CCO)C2=CC=C(C=C2)Cl)N)C3=NC=NC4=C3C=CN4	0.4738055334151969
SKOV3_OVARY	C1CN(CCC1(C(=O)N[C@@H](CCO)C2=CC=C(C=C2)Cl)N)C3=NC=NC4=C3C=CN4	0.553730417902515
SKPNDW_BONE	C1CN(CCC1(C(=O)N[C@@H](CCO)C2=CC=C(C=C2)Cl)N)C3=NC=NC4=C3C=CN4	0.5513515526945799
SLVL_HAEMATOPOIETIC_AND_LYMPHOID_TISSUE	C1CN(CCC1(C(=O)N[C@@H](CCO)C2=CC=C(C=C2)Cl)N)C3=NC=NC4=C3C=CN4	0.6498527311282578
SNB75_CENTRAL_NERVOUS_SYSTEM	C1CN(CCC1(C(=O)N[C@@H](CCO)C2=CC=C(C=C2)Cl)N)C3=NC=NC4=C3C=CN4	0.5414249881016152
SNGM_ENDOMETRIUM	C1CN(CCC1(C(=O)N[C@@H](CCO)C2=CC=C(C=C2)Cl)N)C3=NC=NC4=C3C=CN4	0.5962773121486172
SNU16_STOMACH	C1CN(CCC1(C(=O)N[C@@H](CCO)C2=CC=C(C=C2)Cl)N)C3=NC=NC4=C3C=CN4	0.6964177985900187
SNU175_LARGE_INTESTINE	C1CN(CCC1(C(=O)N[C@@H](CCO)C2=CC=C(C=C2)Cl)N)C3=NC=NC4=C3C=CN4	0.7888815409734493
SNU1_STOMACH	C1CN(CCC1(C(=O)N[C@@H](CCO)C2=CC=C(C=C2)Cl)N)C3=NC=NC4=C3C=CN4	0.8415223300997905
SNU387_LIVER	C1CN(CCC1(C(=O)N[C@@H](CCO)C2=CC=C(C=C2)Cl)N)C3=NC=NC4=C3C=CN4	0.7930628403728097
SNU398_LIVER	C1CN(CCC1(C(=O)N[C@@H](CCO)C2=CC=C(C=C2)Cl)N)C3=NC=NC4=C3C=CN4	0.9214091648764151
SNU407_LARGE_INTESTINE	C1CN(CCC1(C(=O)N[C@@H](CCO)C2=CC=C(C=C2)Cl)N)C3=NC=NC4=C3C=CN4	0.6630438141445829
SNU423_LIVER	C1CN(CCC1(C(=O)N[C@@H](CCO)C2=CC=C(C=C2)Cl)N)C3=NC=NC4=C3C=CN4	0.6503408667953567
SNU449_LIVER	C1CN(CCC1(C(=O)N[C@@H](CCO)C2=CC=C(C=C2)Cl)N)C3=NC=NC4=C3C=CN4	0.9420380936153241
SNU5_STOMACH	C1CN(CCC1(C(=O)N[C@@H](CCO)C2=CC=C(C=C2)Cl)N)C3=NC=NC4=C3C=CN4	0.5709640842084827
SNU61_LARGE_INTESTINE	C1CN(CCC1(C(=O)N[C@@H](CCO)C2=CC=C(C=C2)Cl)N)C3=NC=NC4=C3C=CN4	0.8560402852631721
SNUC1_LARGE_INTESTINE	C1CN(CCC1(C(=O)N[C@@H](CCO)C2=CC=C(C=C2)Cl)N)C3=NC=NC4=C3C=CN4	0.4166779084938045
SNUC2B_LARGE_INTESTINE	C1CN(CCC1(C(=O)N[C@@H](CCO)C2=CC=C(C=C2)Cl)N)C3=NC=NC4=C3C=CN4	0.767092222377391
SNUC5_LARGE_INTESTINE	C1CN(CCC1(C(=O)N[C@@H](CCO)C2=CC=C(C=C2)Cl)N)C3=NC=NC4=C3C=CN4	0.814801111636769
SUDHL16_HAEMATOPOIETIC_AND_LYMPHOID_TISSUE	C1CN(CCC1(C(=O)N[C@@H](CCO)C2=CC=C(C=C2)Cl)N)C3=NC=NC4=C3C=CN4	0.040618159731692
SUDHL5_HAEMATOPOIETIC_AND_LYMPHOID_TISSUE	C1CN(CCC1(C(=O)N[C@@H](CCO)C2=CC=C(C=C2)Cl)N)C3=NC=NC4=C3C=CN4	0.1051625515205976
SUDHL8_HAEMATOPOIETIC_AND_LYMPHOID_TISSUE	C1CN(CCC1(C(=O)N[C@@H](CCO)C2=CC=C(C=C2)Cl)N)C3=NC=NC4=C3C=CN4	0.7978426959921626
SUIT2_PANCREAS	C1CN(CCC1(C(=O)N[C@@H](CCO)C2=CC=C(C=C2)Cl)N)C3=NC=NC4=C3C=CN4	0.8834592713331647
SUPB15_HAEMATOPOIETIC_AND_LYMPHOID_TISSUE	C1CN(CCC1(C(=O)N[C@@H](CCO)C2=CC=C(C=C2)Cl)N)C3=NC=NC4=C3C=CN4	0.5057655385493592
SUPB8_HAEMATOPOIETIC_AND_LYMPHOID_TISSUE	C1CN(CCC1(C(=O)N[C@@H](CCO)C2=CC=C(C=C2)Cl)N)C3=NC=NC4=C3C=CN4	0.4997378435692534
SUPHD1_HAEMATOPOIETIC_AND_LYMPHOID_TISSUE	C1CN(CCC1(C(=O)N[C@@H](CCO)C2=CC=C(C=C2)Cl)N)C3=NC=NC4=C3C=CN4	0.5143419894816963
SUPM2_HAEMATOPOIETIC_AND_LYMPHOID_TISSUE	C1CN(CCC1(C(=O)N[C@@H](CCO)C2=CC=C(C=C2)Cl)N)C3=NC=NC4=C3C=CN4	0.6780349695981258
SUPT1_HAEMATOPOIETIC_AND_LYMPHOID_TISSUE	C1CN(CCC1(C(=O)N[C@@H](CCO)C2=CC=C(C=C2)Cl)N)C3=NC=NC4=C3C=CN4	0.4758305446978166
SW1116_LARGE_INTESTINE	C1CN(CCC1(C(=O)N[C@@H](CCO)C2=CC=C(C=C2)Cl)N)C3=NC=NC4=C3C=CN4	0.8323928425955451
SW13_ADRENAL_CORTEX	C1CN(CCC1(C(=O)N[C@@H](CCO)C2=CC=C(C=C2)Cl)N)C3=NC=NC4=C3C=CN4	0.6891470401185491
SW1417_LARGE_INTESTINE	C1CN(CCC1(C(=O)N[C@@H](CCO)C2=CC=C(C=C2)Cl)N)C3=NC=NC4=C3C=CN4	0.8075166199697245
SW156_KIDNEY	C1CN(CCC1(C(=O)N[C@@H](CCO)C2=CC=C(C=C2)Cl)N)C3=NC=NC4=C3C=CN4	0.3709240205237659
SW1573_LUNG	C1CN(CCC1(C(=O)N[C@@H](CCO)C2=CC=C(C=C2)Cl)N)C3=NC=NC4=C3C=CN4	0.6909727399740447
SW1710_URINARY_TRACT	C1CN(CCC1(C(=O)N[C@@H](CCO)C2=CC=C(C=C2)Cl)N)C3=NC=NC4=C3C=CN4	0.4792600344108847
SW1783_CENTRAL_NERVOUS_SYSTEM	C1CN(CCC1(C(=O)N[C@@H](CCO)C2=CC=C(C=C2)Cl)N)C3=NC=NC4=C3C=CN4	0.5788932421081096
SW1990_PANCREAS	C1CN(CCC1(C(=O)N[C@@H](CCO)C2=CC=C(C=C2)Cl)N)C3=NC=NC4=C3C=CN4	0.8728843901571637
SW48_LARGE_INTESTINE	C1CN(CCC1(C(=O)N[C@@H](CCO)C2=CC=C(C=C2)Cl)N)C3=NC=NC4=C3C=CN4	0.5205884860624957
SW626_LARGE_INTESTINE	C1CN(CCC1(C(=O)N[C@@H](CCO)C2=CC=C(C=C2)Cl)N)C3=NC=NC4=C3C=CN4	0.914172706572832
SW684_SOFT_TISSUE	C1CN(CCC1(C(=O)N[C@@H](CCO)C2=CC=C(C=C2)Cl)N)C3=NC=NC4=C3C=CN4	0.5631483002666795
SW756_CERVIX	C1CN(CCC1(C(=O)N[C@@H](CCO)C2=CC=C(C=C2)Cl)N)C3=NC=NC4=C3C=CN4	0.8948415882643571
SW780_URINARY_TRACT	C1CN(CCC1(C(=O)N[C@@H](CCO)C2=CC=C(C=C2)Cl)N)C3=NC=NC4=C3C=CN4	0.7743046407754925
SW837_LARGE_INTESTINE	C1CN(CCC1(C(=O)N[C@@H](CCO)C2=CC=C(C=C2)Cl)N)C3=NC=NC4=C3C=CN4	0.9269077680342317
SW872_SOFT_TISSUE	C1CN(CCC1(C(=O)N[C@@H](CCO)C2=CC=C(C=C2)Cl)N)C3=NC=NC4=C3C=CN4	0.5743488637692444
SW900_LUNG	C1CN(CCC1(C(=O)N[C@@H](CCO)C2=CC=C(C=C2)Cl)N)C3=NC=NC4=C3C=CN4	0.7639062443095023
SW948_LARGE_INTESTINE	C1CN(CCC1(C(=O)N[C@@H](CCO)C2=CC=C(C=C2)Cl)N)C3=NC=NC4=C3C=CN4	0.7413066217957718
SW962_VULVA	C1CN(CCC1(C(=O)N[C@@H](CCO)C2=CC=C(C=C2)Cl)N)C3=NC=NC4=C3C=CN4	0.4472750175930103
SW982_SOFT_TISSUE	C1CN(CCC1(C(=O)N[C@@H](CCO)C2=CC=C(C=C2)Cl)N)C3=NC=NC4=C3C=CN4	0.5173770989285764
T47D_BREAST	C1CN(CCC1(C(=O)N[C@@H](CCO)C2=CC=C(C=C2)Cl)N)C3=NC=NC4=C3C=CN4	0.5907765134417804
T84_LARGE_INTESTINE	C1CN(CCC1(C(=O)N[C@@H](CCO)C2=CC=C(C=C2)Cl)N)C3=NC=NC4=C3C=CN4	0.8055886930950228
T98G_CENTRAL_NERVOUS_SYSTEM	C1CN(CCC1(C(=O)N[C@@H](CCO)C2=CC=C(C=C2)Cl)N)C3=NC=NC4=C3C=CN4	0.708560274300041
TC71_BONE	C1CN(CCC1(C(=O)N[C@@H](CCO)C2=CC=C(C=C2)Cl)N)C3=NC=NC4=C3C=CN4	0.7981989953093334
TCCSUP_URINARY_TRACT	C1CN(CCC1(C(=O)N[C@@H](CCO)C2=CC=C(C=C2)Cl)N)C3=NC=NC4=C3C=CN4	0.6805691091340318
TCYIK_CERVIX	C1CN(CCC1(C(=O)N[C@@H](CCO)C2=CC=C(C=C2)Cl)N)C3=NC=NC4=C3C=CN4	0.7684340656952348
TE12_OESOPHAGUS	C1CN(CCC1(C(=O)N[C@@H](CCO)C2=CC=C(C=C2)Cl)N)C3=NC=NC4=C3C=CN4	0.678112080741112
TE15_OESOPHAGUS	C1CN(CCC1(C(=O)N[C@@H](CCO)C2=CC=C(C=C2)Cl)N)C3=NC=NC4=C3C=CN4	0.7251648630941971
TE1_OESOPHAGUS	C1CN(CCC1(C(=O)N[C@@H](CCO)C2=CC=C(C=C2)Cl)N)C3=NC=NC4=C3C=CN4	0.6945995597319237
TE4_OESOPHAGUS	C1CN(CCC1(C(=O)N[C@@H](CCO)C2=CC=C(C=C2)Cl)N)C3=NC=NC4=C3C=CN4	0.44618429422068484
TE5_OESOPHAGUS	C1CN(CCC1(C(=O)N[C@@H](CCO)C2=CC=C(C=C2)Cl)N)C3=NC=NC4=C3C=CN4	0.6841255168790865
TE6_OESOPHAGUS	C1CN(CCC1(C(=O)N[C@@H](CCO)C2=CC=C(C=C2)Cl)N)C3=NC=NC4=C3C=CN4	0.700130373478605
TE8_OESOPHAGUS	C1CN(CCC1(C(=O)N[C@@H](CCO)C2=CC=C(C=C2)Cl)N)C3=NC=NC4=C3C=CN4	0.47171534600777454
TE9_OESOPHAGUS	C1CN(CCC1(C(=O)N[C@@H](CCO)C2=CC=C(C=C2)Cl)N)C3=NC=NC4=C3C=CN4	0.6554537419217104
TGBC11TKB_STOMACH	C1CN(CCC1(C(=O)N[C@@H](CCO)C2=CC=C(C=C2)Cl)N)C3=NC=NC4=C3C=CN4	0.8129635175653036
TGBC1TKB_BILIARY_TRACT	C1CN(CCC1(C(=O)N[C@@H](CCO)C2=CC=C(C=C2)Cl)N)C3=NC=NC4=C3C=CN4	0.5742214258917382
TGBC24TKB_BILIARY_TRACT	C1CN(CCC1(C(=O)N[C@@H](CCO)C2=CC=C(C=C2)Cl)N)C3=NC=NC4=C3C=CN4	0.6633524276645899
THP1_HAEMATOPOIETIC_AND_LYMPHOID_TISSUE	C1CN(CCC1(C(=O)N[C@@H](CCO)C2=CC=C(C=C2)Cl)N)C3=NC=NC4=C3C=CN4	0.5368856052552342
TK10_KIDNEY	C1CN(CCC1(C(=O)N[C@@H](CCO)C2=CC=C(C=C2)Cl)N)C3=NC=NC4=C3C=CN4	0.7098400245325536
TK_HAEMATOPOIETIC_AND_LYMPHOID_TISSUE	C1CN(CCC1(C(=O)N[C@@H](CCO)C2=CC=C(C=C2)Cl)N)C3=NC=NC4=C3C=CN4	0.6905107021946957
TMK1_STOMACH	C1CN(CCC1(C(=O)N[C@@H](CCO)C2=CC=C(C=C2)Cl)N)C3=NC=NC4=C3C=CN4	0.2996105556739202
TOV21G_OVARY	C1CN(CCC1(C(=O)N[C@@H](CCO)C2=CC=C(C=C2)Cl)N)C3=NC=NC4=C3C=CN4	0.36499650537922834
TT2609C02_THYROID	C1CN(CCC1(C(=O)N[C@@H](CCO)C2=CC=C(C=C2)Cl)N)C3=NC=NC4=C3C=CN4	0.7594149295459452
TT_OESOPHAGUS	C1CN(CCC1(C(=O)N[C@@H](CCO)C2=CC=C(C=C2)Cl)N)C3=NC=NC4=C3C=CN4	0.699280459818696
TT_THYROID	C1CN(CCC1(C(=O)N[C@@H](CCO)C2=CC=C(C=C2)Cl)N)C3=NC=NC4=C3C=CN4	0.6882242293202533
TUR_HAEMATOPOIETIC_AND_LYMPHOID_TISSUE	C1CN(CCC1(C(=O)N[C@@H](CCO)C2=CC=C(C=C2)Cl)N)C3=NC=NC4=C3C=CN4	0.295560760454019
U118MG_CENTRAL_NERVOUS_SYSTEM	C1CN(CCC1(C(=O)N[C@@H](CCO)C2=CC=C(C=C2)Cl)N)C3=NC=NC4=C3C=CN4	0.5075604766196737
U251MG_CENTRAL_NERVOUS_SYSTEM	C1CN(CCC1(C(=O)N[C@@H](CCO)C2=CC=C(C=C2)Cl)N)C3=NC=NC4=C3C=CN4	0.6489676969498199
U266B1_HAEMATOPOIETIC_AND_LYMPHOID_TISSUE	C1CN(CCC1(C(=O)N[C@@H](CCO)C2=CC=C(C=C2)Cl)N)C3=NC=NC4=C3C=CN4	0.956633239566694
U2OS_BONE	C1CN(CCC1(C(=O)N[C@@H](CCO)C2=CC=C(C=C2)Cl)N)C3=NC=NC4=C3C=CN4	0.5672130334209958
U698M_HAEMATOPOIETIC_AND_LYMPHOID_TISSUE	C1CN(CCC1(C(=O)N[C@@H](CCO)C2=CC=C(C=C2)Cl)N)C3=NC=NC4=C3C=CN4	0.6229303261755603
UACC257_SKIN	C1CN(CCC1(C(=O)N[C@@H](CCO)C2=CC=C(C=C2)Cl)N)C3=NC=NC4=C3C=CN4	0.7525804315286861
UACC812_BREAST	C1CN(CCC1(C(=O)N[C@@H](CCO)C2=CC=C(C=C2)Cl)N)C3=NC=NC4=C3C=CN4	0.7300538871387567
UMC11_LUNG	C1CN(CCC1(C(=O)N[C@@H](CCO)C2=CC=C(C=C2)Cl)N)C3=NC=NC4=C3C=CN4	0.8971649793003331
UMUC3_URINARY_TRACT	C1CN(CCC1(C(=O)N[C@@H](CCO)C2=CC=C(C=C2)Cl)N)C3=NC=NC4=C3C=CN4	0.6664301592714192
UO31_KIDNEY	C1CN(CCC1(C(=O)N[C@@H](CCO)C2=CC=C(C=C2)Cl)N)C3=NC=NC4=C3C=CN4	0.4061041257784375
UWB1289_OVARY	C1CN(CCC1(C(=O)N[C@@H](CCO)C2=CC=C(C=C2)Cl)N)C3=NC=NC4=C3C=CN4	0.7223557440254457
VCAP_PROSTATE	C1CN(CCC1(C(=O)N[C@@H](CCO)C2=CC=C(C=C2)Cl)N)C3=NC=NC4=C3C=CN4	0.6309148776142803
VMRCLCD_LUNG	C1CN(CCC1(C(=O)N[C@@H](CCO)C2=CC=C(C=C2)Cl)N)C3=NC=NC4=C3C=CN4	0.9670175791349329
VMRCMELG_SKIN	C1CN(CCC1(C(=O)N[C@@H](CCO)C2=CC=C(C=C2)Cl)N)C3=NC=NC4=C3C=CN4	0.5365143011438944
VMRCRCZ_KIDNEY	C1CN(CCC1(C(=O)N[C@@H](CCO)C2=CC=C(C=C2)Cl)N)C3=NC=NC4=C3C=CN4	0.6715063165296697
WIL2NS_HAEMATOPOIETIC_AND_LYMPHOID_TISSUE	C1CN(CCC1(C(=O)N[C@@H](CCO)C2=CC=C(C=C2)Cl)N)C3=NC=NC4=C3C=CN4	0.5795438230631669
WM115_SKIN	C1CN(CCC1(C(=O)N[C@@H](CCO)C2=CC=C(C=C2)Cl)N)C3=NC=NC4=C3C=CN4	0.4490143544448395
WM278_SKIN	C1CN(CCC1(C(=O)N[C@@H](CCO)C2=CC=C(C=C2)Cl)N)C3=NC=NC4=C3C=CN4	0.663470715538488
WM793_SKIN	C1CN(CCC1(C(=O)N[C@@H](CCO)C2=CC=C(C=C2)Cl)N)C3=NC=NC4=C3C=CN4	0.6549900982684658
WSUDLCL2_HAEMATOPOIETIC_AND_LYMPHOID_TISSUE	C1CN(CCC1(C(=O)N[C@@H](CCO)C2=CC=C(C=C2)Cl)N)C3=NC=NC4=C3C=CN4	0.03686009261221205
YH13_CENTRAL_NERVOUS_SYSTEM	C1CN(CCC1(C(=O)N[C@@H](CCO)C2=CC=C(C=C2)Cl)N)C3=NC=NC4=C3C=CN4	0.4432660431453025
YKG1_CENTRAL_NERVOUS_SYSTEM	C1CN(CCC1(C(=O)N[C@@H](CCO)C2=CC=C(C=C2)Cl)N)C3=NC=NC4=C3C=CN4	0.3590713502006274
YT_HAEMATOPOIETIC_AND_LYMPHOID_TISSUE	C1CN(CCC1(C(=O)N[C@@H](CCO)C2=CC=C(C=C2)Cl)N)C3=NC=NC4=C3C=CN4	0.7503980082227109
