2313287_STOMACH	CCN(CC)CCNC(=O)C1=C(NC(=C1C)/C=C\2/C3=C(C=CC(=C3)F)NC2=O)C	0.2040734151034879
253J_URINARY_TRACT	CCN(CC)CCNC(=O)C1=C(NC(=C1C)/C=C\2/C3=C(C=CC(=C3)F)NC2=O)C	0.1402422232491893
42MGBA_CENTRAL_NERVOUS_SYSTEM	CCN(CC)CCNC(=O)C1=C(NC(=C1C)/C=C\2/C3=C(C=CC(=C3)F)NC2=O)C	0.1234785182884329
647V_URINARY_TRACT	CCN(CC)CCNC(=O)C1=C(NC(=C1C)/C=C\2/C3=C(C=CC(=C3)F)NC2=O)C	0.10158346692324
769P_KIDNEY	CCN(CC)CCNC(=O)C1=C(NC(=C1C)/C=C\2/C3=C(C=CC(=C3)F)NC2=O)C	0.3099905040304251
786O_KIDNEY	CCN(CC)CCNC(=O)C1=C(NC(=C1C)/C=C\2/C3=C(C=CC(=C3)F)NC2=O)C	0.2229574517409618
8305C_THYROID	CCN(CC)CCNC(=O)C1=C(NC(=C1C)/C=C\2/C3=C(C=CC(=C3)F)NC2=O)C	0.1421290816388375
8505C_THYROID	CCN(CC)CCNC(=O)C1=C(NC(=C1C)/C=C\2/C3=C(C=CC(=C3)F)NC2=O)C	0.1553778006151701
8MGBA_CENTRAL_NERVOUS_SYSTEM	CCN(CC)CCNC(=O)C1=C(NC(=C1C)/C=C\2/C3=C(C=CC(=C3)F)NC2=O)C	0.602725889399911
A101D_SKIN	CCN(CC)CCNC(=O)C1=C(NC(=C1C)/C=C\2/C3=C(C=CC(=C3)F)NC2=O)C	0.367912624647587
A172_CENTRAL_NERVOUS_SYSTEM	CCN(CC)CCNC(=O)C1=C(NC(=C1C)/C=C\2/C3=C(C=CC(=C3)F)NC2=O)C	0.2970833510106366
A204_SOFT_TISSUE	CCN(CC)CCNC(=O)C1=C(NC(=C1C)/C=C\2/C3=C(C=CC(=C3)F)NC2=O)C	0.063720028258432
A253_SALIVARY_GLAND	CCN(CC)CCNC(=O)C1=C(NC(=C1C)/C=C\2/C3=C(C=CC(=C3)F)NC2=O)C	0.7683853550313984
A2780_OVARY	CCN(CC)CCNC(=O)C1=C(NC(=C1C)/C=C\2/C3=C(C=CC(=C3)F)NC2=O)C	0.1410248334040425
A375_SKIN	CCN(CC)CCNC(=O)C1=C(NC(=C1C)/C=C\2/C3=C(C=CC(=C3)F)NC2=O)C	0.2168407976378071
A3KAW_HAEMATOPOIETIC_AND_LYMPHOID_TISSUE	CCN(CC)CCNC(=O)C1=C(NC(=C1C)/C=C\2/C3=C(C=CC(=C3)F)NC2=O)C	0.1872666022292956
A498_KIDNEY	CCN(CC)CCNC(=O)C1=C(NC(=C1C)/C=C\2/C3=C(C=CC(=C3)F)NC2=O)C	0.8570838110076301
A4FUK_HAEMATOPOIETIC_AND_LYMPHOID_TISSUE	CCN(CC)CCNC(=O)C1=C(NC(=C1C)/C=C\2/C3=C(C=CC(=C3)F)NC2=O)C	0.1781268560097246
A704_KIDNEY	CCN(CC)CCNC(=O)C1=C(NC(=C1C)/C=C\2/C3=C(C=CC(=C3)F)NC2=O)C	0.7358084166107709
ACCMESO1_PLEURA	CCN(CC)CCNC(=O)C1=C(NC(=C1C)/C=C\2/C3=C(C=CC(=C3)F)NC2=O)C	0.3266292380829722
AGS_STOMACH	CCN(CC)CCNC(=O)C1=C(NC(=C1C)/C=C\2/C3=C(C=CC(=C3)F)NC2=O)C	0.39063617329313
ALLPO_HAEMATOPOIETIC_AND_LYMPHOID_TISSUE	CCN(CC)CCNC(=O)C1=C(NC(=C1C)/C=C\2/C3=C(C=CC(=C3)F)NC2=O)C	0.103573846597452
ALLSIL_HAEMATOPOIETIC_AND_LYMPHOID_TISSUE	CCN(CC)CCNC(=O)C1=C(NC(=C1C)/C=C\2/C3=C(C=CC(=C3)F)NC2=O)C	0.1342674648107868
AM38_CENTRAL_NERVOUS_SYSTEM	CCN(CC)CCNC(=O)C1=C(NC(=C1C)/C=C\2/C3=C(C=CC(=C3)F)NC2=O)C	0.9262133603497038
AML193_HAEMATOPOIETIC_AND_LYMPHOID_TISSUE	CCN(CC)CCNC(=O)C1=C(NC(=C1C)/C=C\2/C3=C(C=CC(=C3)F)NC2=O)C	0.0692499284069214
AN3CA_ENDOMETRIUM	CCN(CC)CCNC(=O)C1=C(NC(=C1C)/C=C\2/C3=C(C=CC(=C3)F)NC2=O)C	0.1927861642777053
ARH77_HAEMATOPOIETIC_AND_LYMPHOID_TISSUE	CCN(CC)CCNC(=O)C1=C(NC(=C1C)/C=C\2/C3=C(C=CC(=C3)F)NC2=O)C	0.6495118091528318
ATN1_HAEMATOPOIETIC_AND_LYMPHOID_TISSUE	CCN(CC)CCNC(=O)C1=C(NC(=C1C)/C=C\2/C3=C(C=CC(=C3)F)NC2=O)C	0.4745156252947798
AU565_BREAST	CCN(CC)CCNC(=O)C1=C(NC(=C1C)/C=C\2/C3=C(C=CC(=C3)F)NC2=O)C	0.1577629650898512
BB49HNC_UPPER_AERODIGESTIVE_TRACT	CCN(CC)CCNC(=O)C1=C(NC(=C1C)/C=C\2/C3=C(C=CC(=C3)F)NC2=O)C	0.4733646764956154
BB65RCC_KIDNEY	CCN(CC)CCNC(=O)C1=C(NC(=C1C)/C=C\2/C3=C(C=CC(=C3)F)NC2=O)C	0.6363760271113897
BC3C_URINARY_TRACT	CCN(CC)CCNC(=O)C1=C(NC(=C1C)/C=C\2/C3=C(C=CC(=C3)F)NC2=O)C	0.2201732317645989
BC3_PLEURA	CCN(CC)CCNC(=O)C1=C(NC(=C1C)/C=C\2/C3=C(C=CC(=C3)F)NC2=O)C	0.714862944350656
BCPAP_THYROID	CCN(CC)CCNC(=O)C1=C(NC(=C1C)/C=C\2/C3=C(C=CC(=C3)F)NC2=O)C	0.3137026309888178
BDCM_HAEMATOPOIETIC_AND_LYMPHOID_TISSUE	CCN(CC)CCNC(=O)C1=C(NC(=C1C)/C=C\2/C3=C(C=CC(=C3)F)NC2=O)C	0.0903137870086972
BE2M17_AUTONOMIC_GANGLIA	CCN(CC)CCNC(=O)C1=C(NC(=C1C)/C=C\2/C3=C(C=CC(=C3)F)NC2=O)C	0.8835813299219
BECKER_CENTRAL_NERVOUS_SYSTEM	CCN(CC)CCNC(=O)C1=C(NC(=C1C)/C=C\2/C3=C(C=CC(=C3)F)NC2=O)C	0.7798031087569468
BEN_LUNG	CCN(CC)CCNC(=O)C1=C(NC(=C1C)/C=C\2/C3=C(C=CC(=C3)F)NC2=O)C	0.2222890670929422
BFTC909_KIDNEY	CCN(CC)CCNC(=O)C1=C(NC(=C1C)/C=C\2/C3=C(C=CC(=C3)F)NC2=O)C	0.1538300850025758
BHT101_THYROID	CCN(CC)CCNC(=O)C1=C(NC(=C1C)/C=C\2/C3=C(C=CC(=C3)F)NC2=O)C	0.123414346646868
BHY_UPPER_AERODIGESTIVE_TRACT	CCN(CC)CCNC(=O)C1=C(NC(=C1C)/C=C\2/C3=C(C=CC(=C3)F)NC2=O)C	0.1288881101700051
BICR16_UPPER_AERODIGESTIVE_TRACT	CCN(CC)CCNC(=O)C1=C(NC(=C1C)/C=C\2/C3=C(C=CC(=C3)F)NC2=O)C	0.1641260833661626
BICR22_UPPER_AERODIGESTIVE_TRACT	CCN(CC)CCNC(=O)C1=C(NC(=C1C)/C=C\2/C3=C(C=CC(=C3)F)NC2=O)C	0.1992799597715082
BICR31_UPPER_AERODIGESTIVE_TRACT	CCN(CC)CCNC(=O)C1=C(NC(=C1C)/C=C\2/C3=C(C=CC(=C3)F)NC2=O)C	0.1630164120882451
BICR56_UPPER_AERODIGESTIVE_TRACT	CCN(CC)CCNC(=O)C1=C(NC(=C1C)/C=C\2/C3=C(C=CC(=C3)F)NC2=O)C	0.5279686057153247
BICR6_UPPER_AERODIGESTIVE_TRACT	CCN(CC)CCNC(=O)C1=C(NC(=C1C)/C=C\2/C3=C(C=CC(=C3)F)NC2=O)C	0.2745667975544713
BL41_HAEMATOPOIETIC_AND_LYMPHOID_TISSUE	CCN(CC)CCNC(=O)C1=C(NC(=C1C)/C=C\2/C3=C(C=CC(=C3)F)NC2=O)C	0.5291368268798786
BT12_SOFT_TISSUE	CCN(CC)CCNC(=O)C1=C(NC(=C1C)/C=C\2/C3=C(C=CC(=C3)F)NC2=O)C	0.2402926058365405
BT20_BREAST	CCN(CC)CCNC(=O)C1=C(NC(=C1C)/C=C\2/C3=C(C=CC(=C3)F)NC2=O)C	0.6416913133731325
BT474_BREAST	CCN(CC)CCNC(=O)C1=C(NC(=C1C)/C=C\2/C3=C(C=CC(=C3)F)NC2=O)C	0.5501330791436205
BT549_BREAST	CCN(CC)CCNC(=O)C1=C(NC(=C1C)/C=C\2/C3=C(C=CC(=C3)F)NC2=O)C	0.3603119724082547
BV173_HAEMATOPOIETIC_AND_LYMPHOID_TISSUE	CCN(CC)CCNC(=O)C1=C(NC(=C1C)/C=C\2/C3=C(C=CC(=C3)F)NC2=O)C	0.2860699042705871
C32_SKIN	CCN(CC)CCNC(=O)C1=C(NC(=C1C)/C=C\2/C3=C(C=CC(=C3)F)NC2=O)C	0.3422324312857965
CA46_HAEMATOPOIETIC_AND_LYMPHOID_TISSUE	CCN(CC)CCNC(=O)C1=C(NC(=C1C)/C=C\2/C3=C(C=CC(=C3)F)NC2=O)C	0.3912852749802717
CAKI1_KIDNEY	CCN(CC)CCNC(=O)C1=C(NC(=C1C)/C=C\2/C3=C(C=CC(=C3)F)NC2=O)C	0.5727094940755781
CAKI2_KIDNEY	CCN(CC)CCNC(=O)C1=C(NC(=C1C)/C=C\2/C3=C(C=CC(=C3)F)NC2=O)C	0.301136551865208
CAL12T_LUNG	CCN(CC)CCNC(=O)C1=C(NC(=C1C)/C=C\2/C3=C(C=CC(=C3)F)NC2=O)C	0.133285671535501
CAL148_BREAST	CCN(CC)CCNC(=O)C1=C(NC(=C1C)/C=C\2/C3=C(C=CC(=C3)F)NC2=O)C	0.5818108258799091
CAL27_UPPER_AERODIGESTIVE_TRACT	CCN(CC)CCNC(=O)C1=C(NC(=C1C)/C=C\2/C3=C(C=CC(=C3)F)NC2=O)C	0.1018210506378981
CAL33_UPPER_AERODIGESTIVE_TRACT	CCN(CC)CCNC(=O)C1=C(NC(=C1C)/C=C\2/C3=C(C=CC(=C3)F)NC2=O)C	0.1928996374890148
CAL54_KIDNEY	CCN(CC)CCNC(=O)C1=C(NC(=C1C)/C=C\2/C3=C(C=CC(=C3)F)NC2=O)C	0.0848671595351374
CAL62_THYROID	CCN(CC)CCNC(=O)C1=C(NC(=C1C)/C=C\2/C3=C(C=CC(=C3)F)NC2=O)C	0.1636188331464589
CAL78_BONE	CCN(CC)CCNC(=O)C1=C(NC(=C1C)/C=C\2/C3=C(C=CC(=C3)F)NC2=O)C	0.1805700774265886
CAL851_BREAST	CCN(CC)CCNC(=O)C1=C(NC(=C1C)/C=C\2/C3=C(C=CC(=C3)F)NC2=O)C	0.1118534726052304
CALU1_LUNG	CCN(CC)CCNC(=O)C1=C(NC(=C1C)/C=C\2/C3=C(C=CC(=C3)F)NC2=O)C	0.4633582355525925
CALU3_LUNG	CCN(CC)CCNC(=O)C1=C(NC(=C1C)/C=C\2/C3=C(C=CC(=C3)F)NC2=O)C	0.277952951604594
CAMA1_BREAST	CCN(CC)CCNC(=O)C1=C(NC(=C1C)/C=C\2/C3=C(C=CC(=C3)F)NC2=O)C	0.42267711673081
CAOV3_OVARY	CCN(CC)CCNC(=O)C1=C(NC(=C1C)/C=C\2/C3=C(C=CC(=C3)F)NC2=O)C	0.2109423757538107
CAPAN2_PANCREAS	CCN(CC)CCNC(=O)C1=C(NC(=C1C)/C=C\2/C3=C(C=CC(=C3)F)NC2=O)C	0.4868516195187732
CCK81_LARGE_INTESTINE	CCN(CC)CCNC(=O)C1=C(NC(=C1C)/C=C\2/C3=C(C=CC(=C3)F)NC2=O)C	0.2038609273765871
CCRFCEM_HAEMATOPOIETIC_AND_LYMPHOID_TISSUE	CCN(CC)CCNC(=O)C1=C(NC(=C1C)/C=C\2/C3=C(C=CC(=C3)F)NC2=O)C	0.6472206913584773
CFPAC1_PANCREAS	CCN(CC)CCNC(=O)C1=C(NC(=C1C)/C=C\2/C3=C(C=CC(=C3)F)NC2=O)C	0.3931781647928725
CGTHW1_THYROID	CCN(CC)CCNC(=O)C1=C(NC(=C1C)/C=C\2/C3=C(C=CC(=C3)F)NC2=O)C	0.2493515118021084
CHAGOK1_LUNG	CCN(CC)CCNC(=O)C1=C(NC(=C1C)/C=C\2/C3=C(C=CC(=C3)F)NC2=O)C	0.3861063616321706
CI1_HAEMATOPOIETIC_AND_LYMPHOID_TISSUE	CCN(CC)CCNC(=O)C1=C(NC(=C1C)/C=C\2/C3=C(C=CC(=C3)F)NC2=O)C	0.2878634885148035
CJM_SKIN	CCN(CC)CCNC(=O)C1=C(NC(=C1C)/C=C\2/C3=C(C=CC(=C3)F)NC2=O)C	0.3476195104397103
CL11_LARGE_INTESTINE	CCN(CC)CCNC(=O)C1=C(NC(=C1C)/C=C\2/C3=C(C=CC(=C3)F)NC2=O)C	0.5578295353926127
COLO201_LARGE_INTESTINE	CCN(CC)CCNC(=O)C1=C(NC(=C1C)/C=C\2/C3=C(C=CC(=C3)F)NC2=O)C	0.2349664359526046
COLO320_LARGE_INTESTINE	CCN(CC)CCNC(=O)C1=C(NC(=C1C)/C=C\2/C3=C(C=CC(=C3)F)NC2=O)C	0.1972095803660717
COLO680N_OESOPHAGUS	CCN(CC)CCNC(=O)C1=C(NC(=C1C)/C=C\2/C3=C(C=CC(=C3)F)NC2=O)C	0.3023148496924149
COLO684_ENDOMETRIUM	CCN(CC)CCNC(=O)C1=C(NC(=C1C)/C=C\2/C3=C(C=CC(=C3)F)NC2=O)C	0.5512811584397999
COLO699_LUNG	CCN(CC)CCNC(=O)C1=C(NC(=C1C)/C=C\2/C3=C(C=CC(=C3)F)NC2=O)C	0.1989235115458044
COLO800_SKIN	CCN(CC)CCNC(=O)C1=C(NC(=C1C)/C=C\2/C3=C(C=CC(=C3)F)NC2=O)C	0.6407749704321255
COLO829_SKIN	CCN(CC)CCNC(=O)C1=C(NC(=C1C)/C=C\2/C3=C(C=CC(=C3)F)NC2=O)C	0.9900803221839128
CORL105_LUNG	CCN(CC)CCNC(=O)C1=C(NC(=C1C)/C=C\2/C3=C(C=CC(=C3)F)NC2=O)C	0.446051600806085
CORL279_LUNG	CCN(CC)CCNC(=O)C1=C(NC(=C1C)/C=C\2/C3=C(C=CC(=C3)F)NC2=O)C	0.6599374036591291
CORL51_LUNG	CCN(CC)CCNC(=O)C1=C(NC(=C1C)/C=C\2/C3=C(C=CC(=C3)F)NC2=O)C	0.0922724237098094
CORL88_LUNG	CCN(CC)CCNC(=O)C1=C(NC(=C1C)/C=C\2/C3=C(C=CC(=C3)F)NC2=O)C	0.5596615438138604
CORL95_LUNG	CCN(CC)CCNC(=O)C1=C(NC(=C1C)/C=C\2/C3=C(C=CC(=C3)F)NC2=O)C	0.5048630493914086
COV362_OVARY	CCN(CC)CCNC(=O)C1=C(NC(=C1C)/C=C\2/C3=C(C=CC(=C3)F)NC2=O)C	0.2314482510076063
COV434_OVARY	CCN(CC)CCNC(=O)C1=C(NC(=C1C)/C=C\2/C3=C(C=CC(=C3)F)NC2=O)C	0.0895285204854692
COV644_OVARY	CCN(CC)CCNC(=O)C1=C(NC(=C1C)/C=C\2/C3=C(C=CC(=C3)F)NC2=O)C	0.1339305274402254
CP66MEL_SKIN	CCN(CC)CCNC(=O)C1=C(NC(=C1C)/C=C\2/C3=C(C=CC(=C3)F)NC2=O)C	1.1453994767657234
CPCN_LUNG	CCN(CC)CCNC(=O)C1=C(NC(=C1C)/C=C\2/C3=C(C=CC(=C3)F)NC2=O)C	0.6246438735627907
CTB1_HAEMATOPOIETIC_AND_LYMPHOID_TISSUE	CCN(CC)CCNC(=O)C1=C(NC(=C1C)/C=C\2/C3=C(C=CC(=C3)F)NC2=O)C	0.654313454353431
CW2_LARGE_INTESTINE	CCN(CC)CCNC(=O)C1=C(NC(=C1C)/C=C\2/C3=C(C=CC(=C3)F)NC2=O)C	0.592937480132993
D247MG_CENTRAL_NERVOUS_SYSTEM	CCN(CC)CCNC(=O)C1=C(NC(=C1C)/C=C\2/C3=C(C=CC(=C3)F)NC2=O)C	0.8072639317217069
D263MG_CENTRAL_NERVOUS_SYSTEM	CCN(CC)CCNC(=O)C1=C(NC(=C1C)/C=C\2/C3=C(C=CC(=C3)F)NC2=O)C	0.9486019156668416
D283MED_CENTRAL_NERVOUS_SYSTEM	CCN(CC)CCNC(=O)C1=C(NC(=C1C)/C=C\2/C3=C(C=CC(=C3)F)NC2=O)C	0.4536167356774339
D336MG_CENTRAL_NERVOUS_SYSTEM	CCN(CC)CCNC(=O)C1=C(NC(=C1C)/C=C\2/C3=C(C=CC(=C3)F)NC2=O)C	0.9636381596817246
DAOY_CENTRAL_NERVOUS_SYSTEM	CCN(CC)CCNC(=O)C1=C(NC(=C1C)/C=C\2/C3=C(C=CC(=C3)F)NC2=O)C	0.3401428666777781
DAUDI_HAEMATOPOIETIC_AND_LYMPHOID_TISSUE	CCN(CC)CCNC(=O)C1=C(NC(=C1C)/C=C\2/C3=C(C=CC(=C3)F)NC2=O)C	0.3188574121991954
DBTRG05MG_CENTRAL_NERVOUS_SYSTEM	CCN(CC)CCNC(=O)C1=C(NC(=C1C)/C=C\2/C3=C(C=CC(=C3)F)NC2=O)C	0.3237303475862904
DB_HAEMATOPOIETIC_AND_LYMPHOID_TISSUE	CCN(CC)CCNC(=O)C1=C(NC(=C1C)/C=C\2/C3=C(C=CC(=C3)F)NC2=O)C	0.5017462627636429
DEL_HAEMATOPOIETIC_AND_LYMPHOID_TISSUE	CCN(CC)CCNC(=O)C1=C(NC(=C1C)/C=C\2/C3=C(C=CC(=C3)F)NC2=O)C	0.2860407069752355
DETROIT562_UPPER_AERODIGESTIVE_TRACT	CCN(CC)CCNC(=O)C1=C(NC(=C1C)/C=C\2/C3=C(C=CC(=C3)F)NC2=O)C	0.1874147443861935
DG75_HAEMATOPOIETIC_AND_LYMPHOID_TISSUE	CCN(CC)CCNC(=O)C1=C(NC(=C1C)/C=C\2/C3=C(C=CC(=C3)F)NC2=O)C	0.6182213172973957
DKMG_CENTRAL_NERVOUS_SYSTEM	CCN(CC)CCNC(=O)C1=C(NC(=C1C)/C=C\2/C3=C(C=CC(=C3)F)NC2=O)C	0.1127149231794902
DLD1_LARGE_INTESTINE	CCN(CC)CCNC(=O)C1=C(NC(=C1C)/C=C\2/C3=C(C=CC(=C3)F)NC2=O)C	0.3960782391133065
DMS114_LUNG	CCN(CC)CCNC(=O)C1=C(NC(=C1C)/C=C\2/C3=C(C=CC(=C3)F)NC2=O)C	0.5211271513641155
DMS273_LUNG	CCN(CC)CCNC(=O)C1=C(NC(=C1C)/C=C\2/C3=C(C=CC(=C3)F)NC2=O)C	0.2410160867753568
DMS454_LUNG	CCN(CC)CCNC(=O)C1=C(NC(=C1C)/C=C\2/C3=C(C=CC(=C3)F)NC2=O)C	0.114246890284554
DMS53_LUNG	CCN(CC)CCNC(=O)C1=C(NC(=C1C)/C=C\2/C3=C(C=CC(=C3)F)NC2=O)C	0.2058288525409861
DMS79_LUNG	CCN(CC)CCNC(=O)C1=C(NC(=C1C)/C=C\2/C3=C(C=CC(=C3)F)NC2=O)C	0.5134068478447189
DOHH2_HAEMATOPOIETIC_AND_LYMPHOID_TISSUE	CCN(CC)CCNC(=O)C1=C(NC(=C1C)/C=C\2/C3=C(C=CC(=C3)F)NC2=O)C	0.2801514327408567
DOV13_OVARY	CCN(CC)CCNC(=O)C1=C(NC(=C1C)/C=C\2/C3=C(C=CC(=C3)F)NC2=O)C	0.3249071997636292
DSH1_URINARY_TRACT	CCN(CC)CCNC(=O)C1=C(NC(=C1C)/C=C\2/C3=C(C=CC(=C3)F)NC2=O)C	1.0367714813419262
DU145_PROSTATE	CCN(CC)CCNC(=O)C1=C(NC(=C1C)/C=C\2/C3=C(C=CC(=C3)F)NC2=O)C	0.4009896646489287
DU4475_BREAST	CCN(CC)CCNC(=O)C1=C(NC(=C1C)/C=C\2/C3=C(C=CC(=C3)F)NC2=O)C	0.306293003501115
EB1_HAEMATOPOIETIC_AND_LYMPHOID_TISSUE	CCN(CC)CCNC(=O)C1=C(NC(=C1C)/C=C\2/C3=C(C=CC(=C3)F)NC2=O)C	0.1033803948604503
EB3_HAEMATOPOIETIC_AND_LYMPHOID_TISSUE	CCN(CC)CCNC(=O)C1=C(NC(=C1C)/C=C\2/C3=C(C=CC(=C3)F)NC2=O)C	0.6421776796640702
ECC10_STOMACH	CCN(CC)CCNC(=O)C1=C(NC(=C1C)/C=C\2/C3=C(C=CC(=C3)F)NC2=O)C	0.1395388322373405
ECC12_STOMACH	CCN(CC)CCNC(=O)C1=C(NC(=C1C)/C=C\2/C3=C(C=CC(=C3)F)NC2=O)C	0.5333969733931331
EFE184_ENDOMETRIUM	CCN(CC)CCNC(=O)C1=C(NC(=C1C)/C=C\2/C3=C(C=CC(=C3)F)NC2=O)C	0.3390820475620473
EHEB_HAEMATOPOIETIC_AND_LYMPHOID_TISSUE	CCN(CC)CCNC(=O)C1=C(NC(=C1C)/C=C\2/C3=C(C=CC(=C3)F)NC2=O)C	0.4645254978232463
EJM_HAEMATOPOIETIC_AND_LYMPHOID_TISSUE	CCN(CC)CCNC(=O)C1=C(NC(=C1C)/C=C\2/C3=C(C=CC(=C3)F)NC2=O)C	0.4772456970172017
EKVX_LUNG	CCN(CC)CCNC(=O)C1=C(NC(=C1C)/C=C\2/C3=C(C=CC(=C3)F)NC2=O)C	0.7365237683720323
EM2_HAEMATOPOIETIC_AND_LYMPHOID_TISSUE	CCN(CC)CCNC(=O)C1=C(NC(=C1C)/C=C\2/C3=C(C=CC(=C3)F)NC2=O)C	0.3642600004451275
EN_ENDOMETRIUM	CCN(CC)CCNC(=O)C1=C(NC(=C1C)/C=C\2/C3=C(C=CC(=C3)F)NC2=O)C	0.2805232136579896
ES1_BONE	CCN(CC)CCNC(=O)C1=C(NC(=C1C)/C=C\2/C3=C(C=CC(=C3)F)NC2=O)C	0.700217062749544
ES2_OVARY	CCN(CC)CCNC(=O)C1=C(NC(=C1C)/C=C\2/C3=C(C=CC(=C3)F)NC2=O)C	0.5076660274628454
ES3_BONE	CCN(CC)CCNC(=O)C1=C(NC(=C1C)/C=C\2/C3=C(C=CC(=C3)F)NC2=O)C	0.7470020796681022
ES4_BONE	CCN(CC)CCNC(=O)C1=C(NC(=C1C)/C=C\2/C3=C(C=CC(=C3)F)NC2=O)C	0.4751284011339817
ES7_BONE	CCN(CC)CCNC(=O)C1=C(NC(=C1C)/C=C\2/C3=C(C=CC(=C3)F)NC2=O)C	0.7623223537354797
ESS1_ENDOMETRIUM	CCN(CC)CCNC(=O)C1=C(NC(=C1C)/C=C\2/C3=C(C=CC(=C3)F)NC2=O)C	0.1567269449831813
ETK1_BILIARY_TRACT	CCN(CC)CCNC(=O)C1=C(NC(=C1C)/C=C\2/C3=C(C=CC(=C3)F)NC2=O)C	0.2961835637831855
EW11_BONE	CCN(CC)CCNC(=O)C1=C(NC(=C1C)/C=C\2/C3=C(C=CC(=C3)F)NC2=O)C	0.8266153052488172
EW12_BONE	CCN(CC)CCNC(=O)C1=C(NC(=C1C)/C=C\2/C3=C(C=CC(=C3)F)NC2=O)C	0.9105143652977852
EW13_BONE	CCN(CC)CCNC(=O)C1=C(NC(=C1C)/C=C\2/C3=C(C=CC(=C3)F)NC2=O)C	0.8499596998647074
EW16_BONE	CCN(CC)CCNC(=O)C1=C(NC(=C1C)/C=C\2/C3=C(C=CC(=C3)F)NC2=O)C	0.3698991597174479
EW1_BONE	CCN(CC)CCNC(=O)C1=C(NC(=C1C)/C=C\2/C3=C(C=CC(=C3)F)NC2=O)C	0.4477208954212435
EW24_BONE	CCN(CC)CCNC(=O)C1=C(NC(=C1C)/C=C\2/C3=C(C=CC(=C3)F)NC2=O)C	0.9862365921055496
EW3_BONE	CCN(CC)CCNC(=O)C1=C(NC(=C1C)/C=C\2/C3=C(C=CC(=C3)F)NC2=O)C	0.6517075507978852
F36P_HAEMATOPOIETIC_AND_LYMPHOID_TISSUE	CCN(CC)CCNC(=O)C1=C(NC(=C1C)/C=C\2/C3=C(C=CC(=C3)F)NC2=O)C	0.0754565579259977
FARAGE_HAEMATOPOIETIC_AND_LYMPHOID_TISSUE	CCN(CC)CCNC(=O)C1=C(NC(=C1C)/C=C\2/C3=C(C=CC(=C3)F)NC2=O)C	0.4655026010285543
FTC133_THYROID	CCN(CC)CCNC(=O)C1=C(NC(=C1C)/C=C\2/C3=C(C=CC(=C3)F)NC2=O)C	0.7370842318706629
FTC238_THYROID	CCN(CC)CCNC(=O)C1=C(NC(=C1C)/C=C\2/C3=C(C=CC(=C3)F)NC2=O)C	0.0953141876268977
FUOV1_OVARY	CCN(CC)CCNC(=O)C1=C(NC(=C1C)/C=C\2/C3=C(C=CC(=C3)F)NC2=O)C	0.2437446393830116
GAK_SKIN	CCN(CC)CCNC(=O)C1=C(NC(=C1C)/C=C\2/C3=C(C=CC(=C3)F)NC2=O)C	0.7667680697549347
GAMG_CENTRAL_NERVOUS_SYSTEM	CCN(CC)CCNC(=O)C1=C(NC(=C1C)/C=C\2/C3=C(C=CC(=C3)F)NC2=O)C	0.1164734491954301
GB1_CENTRAL_NERVOUS_SYSTEM	CCN(CC)CCNC(=O)C1=C(NC(=C1C)/C=C\2/C3=C(C=CC(=C3)F)NC2=O)C	0.2430594068547165
GCIY_STOMACH	CCN(CC)CCNC(=O)C1=C(NC(=C1C)/C=C\2/C3=C(C=CC(=C3)F)NC2=O)C	1.0759014361892143
GDM1_HAEMATOPOIETIC_AND_LYMPHOID_TISSUE	CCN(CC)CCNC(=O)C1=C(NC(=C1C)/C=C\2/C3=C(C=CC(=C3)F)NC2=O)C	0.4297394161810464
GI1_CENTRAL_NERVOUS_SYSTEM	CCN(CC)CCNC(=O)C1=C(NC(=C1C)/C=C\2/C3=C(C=CC(=C3)F)NC2=O)C	0.4129242877398048
GMS10_CENTRAL_NERVOUS_SYSTEM	CCN(CC)CCNC(=O)C1=C(NC(=C1C)/C=C\2/C3=C(C=CC(=C3)F)NC2=O)C	0.1419786558683596
GOS3_CENTRAL_NERVOUS_SYSTEM	CCN(CC)CCNC(=O)C1=C(NC(=C1C)/C=C\2/C3=C(C=CC(=C3)F)NC2=O)C	0.1001121420346071
GOTO_AUTONOMIC_GANGLIA	CCN(CC)CCNC(=O)C1=C(NC(=C1C)/C=C\2/C3=C(C=CC(=C3)F)NC2=O)C	0.7224513297517402
GP2D_LARGE_INTESTINE	CCN(CC)CCNC(=O)C1=C(NC(=C1C)/C=C\2/C3=C(C=CC(=C3)F)NC2=O)C	0.3705029023606776
GRST_HAEMATOPOIETIC_AND_LYMPHOID_TISSUE	CCN(CC)CCNC(=O)C1=C(NC(=C1C)/C=C\2/C3=C(C=CC(=C3)F)NC2=O)C	0.7042612332745626
GSS_STOMACH	CCN(CC)CCNC(=O)C1=C(NC(=C1C)/C=C\2/C3=C(C=CC(=C3)F)NC2=O)C	0.1144796298372678
GSU_STOMACH	CCN(CC)CCNC(=O)C1=C(NC(=C1C)/C=C\2/C3=C(C=CC(=C3)F)NC2=O)C	0.1955814403466771
H9_HAEMATOPOIETIC_AND_LYMPHOID_TISSUE	CCN(CC)CCNC(=O)C1=C(NC(=C1C)/C=C\2/C3=C(C=CC(=C3)F)NC2=O)C	0.4081025325768626
HA7RCC_KIDNEY	CCN(CC)CCNC(=O)C1=C(NC(=C1C)/C=C\2/C3=C(C=CC(=C3)F)NC2=O)C	0.5716454950067495
HAL01_HAEMATOPOIETIC_AND_LYMPHOID_TISSUE	CCN(CC)CCNC(=O)C1=C(NC(=C1C)/C=C\2/C3=C(C=CC(=C3)F)NC2=O)C	0.5145237805453964
HARA_LUNG	CCN(CC)CCNC(=O)C1=C(NC(=C1C)/C=C\2/C3=C(C=CC(=C3)F)NC2=O)C	0.2538835373799206
HC1_HAEMATOPOIETIC_AND_LYMPHOID_TISSUE	CCN(CC)CCNC(=O)C1=C(NC(=C1C)/C=C\2/C3=C(C=CC(=C3)F)NC2=O)C	0.5555768677941499
HCC1187_BREAST	CCN(CC)CCNC(=O)C1=C(NC(=C1C)/C=C\2/C3=C(C=CC(=C3)F)NC2=O)C	0.7474204225662991
HCC1395_BREAST	CCN(CC)CCNC(=O)C1=C(NC(=C1C)/C=C\2/C3=C(C=CC(=C3)F)NC2=O)C	0.1623504864541349
HCC1419_BREAST	CCN(CC)CCNC(=O)C1=C(NC(=C1C)/C=C\2/C3=C(C=CC(=C3)F)NC2=O)C	0.7934351593987695
HCC1428_BREAST	CCN(CC)CCNC(=O)C1=C(NC(=C1C)/C=C\2/C3=C(C=CC(=C3)F)NC2=O)C	0.3117309494227097
HCC1438_LUNG	CCN(CC)CCNC(=O)C1=C(NC(=C1C)/C=C\2/C3=C(C=CC(=C3)F)NC2=O)C	0.3364279656201702
HCC1500_BREAST	CCN(CC)CCNC(=O)C1=C(NC(=C1C)/C=C\2/C3=C(C=CC(=C3)F)NC2=O)C	0.1343393745265008
HCC1806_BREAST	CCN(CC)CCNC(=O)C1=C(NC(=C1C)/C=C\2/C3=C(C=CC(=C3)F)NC2=O)C	0.2551417798266613
HCC1833_LUNG	CCN(CC)CCNC(=O)C1=C(NC(=C1C)/C=C\2/C3=C(C=CC(=C3)F)NC2=O)C	0.2128343688445104
HCC1937_BREAST	CCN(CC)CCNC(=O)C1=C(NC(=C1C)/C=C\2/C3=C(C=CC(=C3)F)NC2=O)C	0.3873393919512712
HCC1954_BREAST	CCN(CC)CCNC(=O)C1=C(NC(=C1C)/C=C\2/C3=C(C=CC(=C3)F)NC2=O)C	0.2071738830722143
HCC2108_LUNG	CCN(CC)CCNC(=O)C1=C(NC(=C1C)/C=C\2/C3=C(C=CC(=C3)F)NC2=O)C	0.2195030156974453
HCC2218_BREAST	CCN(CC)CCNC(=O)C1=C(NC(=C1C)/C=C\2/C3=C(C=CC(=C3)F)NC2=O)C	0.5627695285542192
HCC2935_LUNG	CCN(CC)CCNC(=O)C1=C(NC(=C1C)/C=C\2/C3=C(C=CC(=C3)F)NC2=O)C	0.2302289370132428
HCC33_LUNG	CCN(CC)CCNC(=O)C1=C(NC(=C1C)/C=C\2/C3=C(C=CC(=C3)F)NC2=O)C	0.8661720343287673
HCC366_LUNG	CCN(CC)CCNC(=O)C1=C(NC(=C1C)/C=C\2/C3=C(C=CC(=C3)F)NC2=O)C	0.2960828532682809
HCC38_BREAST	CCN(CC)CCNC(=O)C1=C(NC(=C1C)/C=C\2/C3=C(C=CC(=C3)F)NC2=O)C	0.2584241296705961
HCC4006_LUNG	CCN(CC)CCNC(=O)C1=C(NC(=C1C)/C=C\2/C3=C(C=CC(=C3)F)NC2=O)C	0.4267763235249552
HCC56_LARGE_INTESTINE	CCN(CC)CCNC(=O)C1=C(NC(=C1C)/C=C\2/C3=C(C=CC(=C3)F)NC2=O)C	0.1394374177247795
HCC827_LUNG	CCN(CC)CCNC(=O)C1=C(NC(=C1C)/C=C\2/C3=C(C=CC(=C3)F)NC2=O)C	0.3739491800509106
HCC95_LUNG	CCN(CC)CCNC(=O)C1=C(NC(=C1C)/C=C\2/C3=C(C=CC(=C3)F)NC2=O)C	0.238191466938392
HCE4_OESOPHAGUS	CCN(CC)CCNC(=O)C1=C(NC(=C1C)/C=C\2/C3=C(C=CC(=C3)F)NC2=O)C	0.5559953193520606
HDLM2_HAEMATOPOIETIC_AND_LYMPHOID_TISSUE	CCN(CC)CCNC(=O)C1=C(NC(=C1C)/C=C\2/C3=C(C=CC(=C3)F)NC2=O)C	0.3739128042762253
HDMYZ_HAEMATOPOIETIC_AND_LYMPHOID_TISSUE	CCN(CC)CCNC(=O)C1=C(NC(=C1C)/C=C\2/C3=C(C=CC(=C3)F)NC2=O)C	0.4037362179063287
HDQP1_BREAST	CCN(CC)CCNC(=O)C1=C(NC(=C1C)/C=C\2/C3=C(C=CC(=C3)F)NC2=O)C	0.1947021182460074
HEC108_ENDOMETRIUM	CCN(CC)CCNC(=O)C1=C(NC(=C1C)/C=C\2/C3=C(C=CC(=C3)F)NC2=O)C	0.4414762161732173
HEC151_ENDOMETRIUM	CCN(CC)CCNC(=O)C1=C(NC(=C1C)/C=C\2/C3=C(C=CC(=C3)F)NC2=O)C	0.3025703400103033
HEC1B_ENDOMETRIUM	CCN(CC)CCNC(=O)C1=C(NC(=C1C)/C=C\2/C3=C(C=CC(=C3)F)NC2=O)C	0.2908355870632443
HEC251_ENDOMETRIUM	CCN(CC)CCNC(=O)C1=C(NC(=C1C)/C=C\2/C3=C(C=CC(=C3)F)NC2=O)C	0.3600247218097517
HEC265_ENDOMETRIUM	CCN(CC)CCNC(=O)C1=C(NC(=C1C)/C=C\2/C3=C(C=CC(=C3)F)NC2=O)C	0.4607814645140761
HELA_CERVIX	CCN(CC)CCNC(=O)C1=C(NC(=C1C)/C=C\2/C3=C(C=CC(=C3)F)NC2=O)C	0.224708742272493
HEMCSS_BONE	CCN(CC)CCNC(=O)C1=C(NC(=C1C)/C=C\2/C3=C(C=CC(=C3)F)NC2=O)C	0.4492495820139653
HEP3B217_LIVER	CCN(CC)CCNC(=O)C1=C(NC(=C1C)/C=C\2/C3=C(C=CC(=C3)F)NC2=O)C	0.1546762394314979
HEPG2_LIVER	CCN(CC)CCNC(=O)C1=C(NC(=C1C)/C=C\2/C3=C(C=CC(=C3)F)NC2=O)C	0.0872469017242946
HEYA8_OVARY	CCN(CC)CCNC(=O)C1=C(NC(=C1C)/C=C\2/C3=C(C=CC(=C3)F)NC2=O)C	0.2823728658444195
HGC27_STOMACH	CCN(CC)CCNC(=O)C1=C(NC(=C1C)/C=C\2/C3=C(C=CC(=C3)F)NC2=O)C	0.0893349214370132
HH_HAEMATOPOIETIC_AND_LYMPHOID_TISSUE	CCN(CC)CCNC(=O)C1=C(NC(=C1C)/C=C\2/C3=C(C=CC(=C3)F)NC2=O)C	0.5287086235096528
HL60_HAEMATOPOIETIC_AND_LYMPHOID_TISSUE	CCN(CC)CCNC(=O)C1=C(NC(=C1C)/C=C\2/C3=C(C=CC(=C3)F)NC2=O)C	0.423403680611191
HLF_LIVER	CCN(CC)CCNC(=O)C1=C(NC(=C1C)/C=C\2/C3=C(C=CC(=C3)F)NC2=O)C	0.1498642080063032
HMC18_BREAST	CCN(CC)CCNC(=O)C1=C(NC(=C1C)/C=C\2/C3=C(C=CC(=C3)F)NC2=O)C	0.1473580505469862
HMCB_SKIN	CCN(CC)CCNC(=O)C1=C(NC(=C1C)/C=C\2/C3=C(C=CC(=C3)F)NC2=O)C	0.2979748121912785
HOS_BONE	CCN(CC)CCNC(=O)C1=C(NC(=C1C)/C=C\2/C3=C(C=CC(=C3)F)NC2=O)C	0.403767026500803
HPAC_PANCREAS	CCN(CC)CCNC(=O)C1=C(NC(=C1C)/C=C\2/C3=C(C=CC(=C3)F)NC2=O)C	0.1684909567714173
HPAFII_PANCREAS	CCN(CC)CCNC(=O)C1=C(NC(=C1C)/C=C\2/C3=C(C=CC(=C3)F)NC2=O)C	0.395285979953938
HPBALL_HAEMATOPOIETIC_AND_LYMPHOID_TISSUE	CCN(CC)CCNC(=O)C1=C(NC(=C1C)/C=C\2/C3=C(C=CC(=C3)F)NC2=O)C	0.180559745825631
HS294T_SKIN	CCN(CC)CCNC(=O)C1=C(NC(=C1C)/C=C\2/C3=C(C=CC(=C3)F)NC2=O)C	0.1034224806812327
HS445_HAEMATOPOIETIC_AND_LYMPHOID_TISSUE	CCN(CC)CCNC(=O)C1=C(NC(=C1C)/C=C\2/C3=C(C=CC(=C3)F)NC2=O)C	0.65574288784412
HS578T_BREAST	CCN(CC)CCNC(=O)C1=C(NC(=C1C)/C=C\2/C3=C(C=CC(=C3)F)NC2=O)C	0.0953690149701506
HS611T_HAEMATOPOIETIC_AND_LYMPHOID_TISSUE	CCN(CC)CCNC(=O)C1=C(NC(=C1C)/C=C\2/C3=C(C=CC(=C3)F)NC2=O)C	0.0712831358526016
HS683_CENTRAL_NERVOUS_SYSTEM	CCN(CC)CCNC(=O)C1=C(NC(=C1C)/C=C\2/C3=C(C=CC(=C3)F)NC2=O)C	0.0993653890269402
HS688AT_FIBROBLAST	CCN(CC)CCNC(=O)C1=C(NC(=C1C)/C=C\2/C3=C(C=CC(=C3)F)NC2=O)C	0.169445478726628
HS729_SOFT_TISSUE	CCN(CC)CCNC(=O)C1=C(NC(=C1C)/C=C\2/C3=C(C=CC(=C3)F)NC2=O)C	0.0893281959301797
HS746T_STOMACH	CCN(CC)CCNC(=O)C1=C(NC(=C1C)/C=C\2/C3=C(C=CC(=C3)F)NC2=O)C	0.1444064812570077
HS766T_PANCREAS	CCN(CC)CCNC(=O)C1=C(NC(=C1C)/C=C\2/C3=C(C=CC(=C3)F)NC2=O)C	0.133829460438195
HS822T_FIBROBLAST	CCN(CC)CCNC(=O)C1=C(NC(=C1C)/C=C\2/C3=C(C=CC(=C3)F)NC2=O)C	0.1701650527288705
HS839T_FIBROBLAST	CCN(CC)CCNC(=O)C1=C(NC(=C1C)/C=C\2/C3=C(C=CC(=C3)F)NC2=O)C	0.5287790811842782
HS934T_FIBROBLAST	CCN(CC)CCNC(=O)C1=C(NC(=C1C)/C=C\2/C3=C(C=CC(=C3)F)NC2=O)C	0.0970042317949028
HS936T_SKIN	CCN(CC)CCNC(=O)C1=C(NC(=C1C)/C=C\2/C3=C(C=CC(=C3)F)NC2=O)C	0.1635026888693596
HS940T_FIBROBLAST	CCN(CC)CCNC(=O)C1=C(NC(=C1C)/C=C\2/C3=C(C=CC(=C3)F)NC2=O)C	0.0674570967302039
HS944T_SKIN	CCN(CC)CCNC(=O)C1=C(NC(=C1C)/C=C\2/C3=C(C=CC(=C3)F)NC2=O)C	0.2510620873359798
HSC2_UPPER_AERODIGESTIVE_TRACT	CCN(CC)CCNC(=O)C1=C(NC(=C1C)/C=C\2/C3=C(C=CC(=C3)F)NC2=O)C	0.3214047671141549
HSC3_UPPER_AERODIGESTIVE_TRACT	CCN(CC)CCNC(=O)C1=C(NC(=C1C)/C=C\2/C3=C(C=CC(=C3)F)NC2=O)C	0.300790309554835
HSC4_UPPER_AERODIGESTIVE_TRACT	CCN(CC)CCNC(=O)C1=C(NC(=C1C)/C=C\2/C3=C(C=CC(=C3)F)NC2=O)C	0.2958584017697505
HT1376_URINARY_TRACT	CCN(CC)CCNC(=O)C1=C(NC(=C1C)/C=C\2/C3=C(C=CC(=C3)F)NC2=O)C	0.3396110379859995
HT29_LARGE_INTESTINE	CCN(CC)CCNC(=O)C1=C(NC(=C1C)/C=C\2/C3=C(C=CC(=C3)F)NC2=O)C	0.3930035140458802
HT55_LARGE_INTESTINE	CCN(CC)CCNC(=O)C1=C(NC(=C1C)/C=C\2/C3=C(C=CC(=C3)F)NC2=O)C	0.1887506401709142
HT_HAEMATOPOIETIC_AND_LYMPHOID_TISSUE	CCN(CC)CCNC(=O)C1=C(NC(=C1C)/C=C\2/C3=C(C=CC(=C3)F)NC2=O)C	0.5192157701562273
HUCCT1_BILIARY_TRACT	CCN(CC)CCNC(=O)C1=C(NC(=C1C)/C=C\2/C3=C(C=CC(=C3)F)NC2=O)C	0.1527544471044577
HUH1_LIVER	CCN(CC)CCNC(=O)C1=C(NC(=C1C)/C=C\2/C3=C(C=CC(=C3)F)NC2=O)C	0.0891067289917876
HUH28_BILIARY_TRACT	CCN(CC)CCNC(=O)C1=C(NC(=C1C)/C=C\2/C3=C(C=CC(=C3)F)NC2=O)C	0.1608241273977999
HUPT3_PANCREAS	CCN(CC)CCNC(=O)C1=C(NC(=C1C)/C=C\2/C3=C(C=CC(=C3)F)NC2=O)C	0.2975177875844722
HUPT4_PANCREAS	CCN(CC)CCNC(=O)C1=C(NC(=C1C)/C=C\2/C3=C(C=CC(=C3)F)NC2=O)C	0.1721375844722567
IALM_LUNG	CCN(CC)CCNC(=O)C1=C(NC(=C1C)/C=C\2/C3=C(C=CC(=C3)F)NC2=O)C	0.6059674662844683
IGR37_SKIN	CCN(CC)CCNC(=O)C1=C(NC(=C1C)/C=C\2/C3=C(C=CC(=C3)F)NC2=O)C	0.1416968355101669
IMR5_AUTONOMIC_GANGLIA	CCN(CC)CCNC(=O)C1=C(NC(=C1C)/C=C\2/C3=C(C=CC(=C3)F)NC2=O)C	0.7130602747856064
IPC298_SKIN	CCN(CC)CCNC(=O)C1=C(NC(=C1C)/C=C\2/C3=C(C=CC(=C3)F)NC2=O)C	0.1492294077093245
ISHIKAWAHERAKLIO02ER_ENDOMETRIUM	CCN(CC)CCNC(=O)C1=C(NC(=C1C)/C=C\2/C3=C(C=CC(=C3)F)NC2=O)C	0.4310595301372767
ISTMEL1_SKIN	CCN(CC)CCNC(=O)C1=C(NC(=C1C)/C=C\2/C3=C(C=CC(=C3)F)NC2=O)C	0.575680634387468
ISTMES1_PLEURA	CCN(CC)CCNC(=O)C1=C(NC(=C1C)/C=C\2/C3=C(C=CC(=C3)F)NC2=O)C	0.4749986433455548
ISTSL1_LUNG	CCN(CC)CCNC(=O)C1=C(NC(=C1C)/C=C\2/C3=C(C=CC(=C3)F)NC2=O)C	0.6034904759253455
J82_URINARY_TRACT	CCN(CC)CCNC(=O)C1=C(NC(=C1C)/C=C\2/C3=C(C=CC(=C3)F)NC2=O)C	0.3644065133791932
JAR_PLACENTA	CCN(CC)CCNC(=O)C1=C(NC(=C1C)/C=C\2/C3=C(C=CC(=C3)F)NC2=O)C	0.4436266049531558
JEKO1_HAEMATOPOIETIC_AND_LYMPHOID_TISSUE	CCN(CC)CCNC(=O)C1=C(NC(=C1C)/C=C\2/C3=C(C=CC(=C3)F)NC2=O)C	0.1909917649019667
JHH1_LIVER	CCN(CC)CCNC(=O)C1=C(NC(=C1C)/C=C\2/C3=C(C=CC(=C3)F)NC2=O)C	0.1049471015788357
JHH2_LIVER	CCN(CC)CCNC(=O)C1=C(NC(=C1C)/C=C\2/C3=C(C=CC(=C3)F)NC2=O)C	0.5147636534440437
JHH4_LIVER	CCN(CC)CCNC(=O)C1=C(NC(=C1C)/C=C\2/C3=C(C=CC(=C3)F)NC2=O)C	0.2429767066426255
JHH5_LIVER	CCN(CC)CCNC(=O)C1=C(NC(=C1C)/C=C\2/C3=C(C=CC(=C3)F)NC2=O)C	0.1600553229643322
JHH6_LIVER	CCN(CC)CCNC(=O)C1=C(NC(=C1C)/C=C\2/C3=C(C=CC(=C3)F)NC2=O)C	0.3928202025061365
JHOC5_OVARY	CCN(CC)CCNC(=O)C1=C(NC(=C1C)/C=C\2/C3=C(C=CC(=C3)F)NC2=O)C	0.3635538788296615
JHOM1_OVARY	CCN(CC)CCNC(=O)C1=C(NC(=C1C)/C=C\2/C3=C(C=CC(=C3)F)NC2=O)C	0.3936985514712567
JHOS2_OVARY	CCN(CC)CCNC(=O)C1=C(NC(=C1C)/C=C\2/C3=C(C=CC(=C3)F)NC2=O)C	0.0996123829509985
JHUEM1_ENDOMETRIUM	CCN(CC)CCNC(=O)C1=C(NC(=C1C)/C=C\2/C3=C(C=CC(=C3)F)NC2=O)C	0.243915020000606
JHUEM2_ENDOMETRIUM	CCN(CC)CCNC(=O)C1=C(NC(=C1C)/C=C\2/C3=C(C=CC(=C3)F)NC2=O)C	0.1515638309494227
JIMT1_BREAST	CCN(CC)CCNC(=O)C1=C(NC(=C1C)/C=C\2/C3=C(C=CC(=C3)F)NC2=O)C	0.5676719908179034
JIYOYEP2003_HAEMATOPOIETIC_AND_LYMPHOID_TISSUE	CCN(CC)CCNC(=O)C1=C(NC(=C1C)/C=C\2/C3=C(C=CC(=C3)F)NC2=O)C	0.809693175605448
JJN3_HAEMATOPOIETIC_AND_LYMPHOID_TISSUE	CCN(CC)CCNC(=O)C1=C(NC(=C1C)/C=C\2/C3=C(C=CC(=C3)F)NC2=O)C	0.3628163509092873
JK1_HAEMATOPOIETIC_AND_LYMPHOID_TISSUE	CCN(CC)CCNC(=O)C1=C(NC(=C1C)/C=C\2/C3=C(C=CC(=C3)F)NC2=O)C	0.1558926953089487
JL1_PLEURA	CCN(CC)CCNC(=O)C1=C(NC(=C1C)/C=C\2/C3=C(C=CC(=C3)F)NC2=O)C	0.4883707324464377
JM1_HAEMATOPOIETIC_AND_LYMPHOID_TISSUE	CCN(CC)CCNC(=O)C1=C(NC(=C1C)/C=C\2/C3=C(C=CC(=C3)F)NC2=O)C	0.3706202009654576
JVM3_HAEMATOPOIETIC_AND_LYMPHOID_TISSUE	CCN(CC)CCNC(=O)C1=C(NC(=C1C)/C=C\2/C3=C(C=CC(=C3)F)NC2=O)C	0.5589259937659781
K029AX_SKIN	CCN(CC)CCNC(=O)C1=C(NC(=C1C)/C=C\2/C3=C(C=CC(=C3)F)NC2=O)C	0.2538714246643837
K562_HAEMATOPOIETIC_AND_LYMPHOID_TISSUE	CCN(CC)CCNC(=O)C1=C(NC(=C1C)/C=C\2/C3=C(C=CC(=C3)F)NC2=O)C	0.3918567829919982
KALS1_CENTRAL_NERVOUS_SYSTEM	CCN(CC)CCNC(=O)C1=C(NC(=C1C)/C=C\2/C3=C(C=CC(=C3)F)NC2=O)C	0.5449079002660128
KARPAS299_HAEMATOPOIETIC_AND_LYMPHOID_TISSUE	CCN(CC)CCNC(=O)C1=C(NC(=C1C)/C=C\2/C3=C(C=CC(=C3)F)NC2=O)C	0.2391572465542078
KARPAS422_HAEMATOPOIETIC_AND_LYMPHOID_TISSUE	CCN(CC)CCNC(=O)C1=C(NC(=C1C)/C=C\2/C3=C(C=CC(=C3)F)NC2=O)C	0.3319793286619252
KARPAS620_HAEMATOPOIETIC_AND_LYMPHOID_TISSUE	CCN(CC)CCNC(=O)C1=C(NC(=C1C)/C=C\2/C3=C(C=CC(=C3)F)NC2=O)C	0.5228267569582364
KASUMI1_HAEMATOPOIETIC_AND_LYMPHOID_TISSUE	CCN(CC)CCNC(=O)C1=C(NC(=C1C)/C=C\2/C3=C(C=CC(=C3)F)NC2=O)C	0.4434635011601276
KASUMI2_HAEMATOPOIETIC_AND_LYMPHOID_TISSUE	CCN(CC)CCNC(=O)C1=C(NC(=C1C)/C=C\2/C3=C(C=CC(=C3)F)NC2=O)C	0.1296554913785266
KATOIII_STOMACH	CCN(CC)CCNC(=O)C1=C(NC(=C1C)/C=C\2/C3=C(C=CC(=C3)F)NC2=O)C	0.1952232885087426
KCL22_HAEMATOPOIETIC_AND_LYMPHOID_TISSUE	CCN(CC)CCNC(=O)C1=C(NC(=C1C)/C=C\2/C3=C(C=CC(=C3)F)NC2=O)C	0.4621438694752305
KE37_HAEMATOPOIETIC_AND_LYMPHOID_TISSUE	CCN(CC)CCNC(=O)C1=C(NC(=C1C)/C=C\2/C3=C(C=CC(=C3)F)NC2=O)C	0.311694893515675
KE39_STOMACH	CCN(CC)CCNC(=O)C1=C(NC(=C1C)/C=C\2/C3=C(C=CC(=C3)F)NC2=O)C	0.2084771153671322
KE97_STOMACH	CCN(CC)CCNC(=O)C1=C(NC(=C1C)/C=C\2/C3=C(C=CC(=C3)F)NC2=O)C	0.1037262763265553
KELLY_AUTONOMIC_GANGLIA	CCN(CC)CCNC(=O)C1=C(NC(=C1C)/C=C\2/C3=C(C=CC(=C3)F)NC2=O)C	0.4731831952252287
KG1C_CENTRAL_NERVOUS_SYSTEM	CCN(CC)CCNC(=O)C1=C(NC(=C1C)/C=C\2/C3=C(C=CC(=C3)F)NC2=O)C	0.147454235810176
KHM1B_HAEMATOPOIETIC_AND_LYMPHOID_TISSUE	CCN(CC)CCNC(=O)C1=C(NC(=C1C)/C=C\2/C3=C(C=CC(=C3)F)NC2=O)C	0.0654012977665989
KIJK_HAEMATOPOIETIC_AND_LYMPHOID_TISSUE	CCN(CC)CCNC(=O)C1=C(NC(=C1C)/C=C\2/C3=C(C=CC(=C3)F)NC2=O)C	0.0517082396436255
KINGS1_CENTRAL_NERVOUS_SYSTEM	CCN(CC)CCNC(=O)C1=C(NC(=C1C)/C=C\2/C3=C(C=CC(=C3)F)NC2=O)C	0.9272106428461016
KLE_ENDOMETRIUM	CCN(CC)CCNC(=O)C1=C(NC(=C1C)/C=C\2/C3=C(C=CC(=C3)F)NC2=O)C	0.5986851931488917
KM12_LARGE_INTESTINE	CCN(CC)CCNC(=O)C1=C(NC(=C1C)/C=C\2/C3=C(C=CC(=C3)F)NC2=O)C	0.1936568470969963
KMBC2_URINARY_TRACT	CCN(CC)CCNC(=O)C1=C(NC(=C1C)/C=C\2/C3=C(C=CC(=C3)F)NC2=O)C	0.3042796919603624
KMH2_HAEMATOPOIETIC_AND_LYMPHOID_TISSUE	CCN(CC)CCNC(=O)C1=C(NC(=C1C)/C=C\2/C3=C(C=CC(=C3)F)NC2=O)C	0.4624377266251211
KMOE2_HAEMATOPOIETIC_AND_LYMPHOID_TISSUE	CCN(CC)CCNC(=O)C1=C(NC(=C1C)/C=C\2/C3=C(C=CC(=C3)F)NC2=O)C	0.5397598255003484
KMRC1_KIDNEY	CCN(CC)CCNC(=O)C1=C(NC(=C1C)/C=C\2/C3=C(C=CC(=C3)F)NC2=O)C	0.1223569371041546
KMRC2_KIDNEY	CCN(CC)CCNC(=O)C1=C(NC(=C1C)/C=C\2/C3=C(C=CC(=C3)F)NC2=O)C	0.1005514414830752
KMS11_HAEMATOPOIETIC_AND_LYMPHOID_TISSUE	CCN(CC)CCNC(=O)C1=C(NC(=C1C)/C=C\2/C3=C(C=CC(=C3)F)NC2=O)C	0.1020496152913724
KMS12BM_HAEMATOPOIETIC_AND_LYMPHOID_TISSUE	CCN(CC)CCNC(=O)C1=C(NC(=C1C)/C=C\2/C3=C(C=CC(=C3)F)NC2=O)C	0.3104742913975375
KMS18_HAEMATOPOIETIC_AND_LYMPHOID_TISSUE	CCN(CC)CCNC(=O)C1=C(NC(=C1C)/C=C\2/C3=C(C=CC(=C3)F)NC2=O)C	0.2330358863904967
KMS20_HAEMATOPOIETIC_AND_LYMPHOID_TISSUE	CCN(CC)CCNC(=O)C1=C(NC(=C1C)/C=C\2/C3=C(C=CC(=C3)F)NC2=O)C	0.0781071818085396
KMS21BM_HAEMATOPOIETIC_AND_LYMPHOID_TISSUE	CCN(CC)CCNC(=O)C1=C(NC(=C1C)/C=C\2/C3=C(C=CC(=C3)F)NC2=O)C	0.1035577825085608
KMS26_HAEMATOPOIETIC_AND_LYMPHOID_TISSUE	CCN(CC)CCNC(=O)C1=C(NC(=C1C)/C=C\2/C3=C(C=CC(=C3)F)NC2=O)C	0.1188249037849631
KMS27_HAEMATOPOIETIC_AND_LYMPHOID_TISSUE	CCN(CC)CCNC(=O)C1=C(NC(=C1C)/C=C\2/C3=C(C=CC(=C3)F)NC2=O)C	0.1055392195218036
KMS28BM_HAEMATOPOIETIC_AND_LYMPHOID_TISSUE	CCN(CC)CCNC(=O)C1=C(NC(=C1C)/C=C\2/C3=C(C=CC(=C3)F)NC2=O)C	0.2572568094487711
KNS42_CENTRAL_NERVOUS_SYSTEM	CCN(CC)CCNC(=O)C1=C(NC(=C1C)/C=C\2/C3=C(C=CC(=C3)F)NC2=O)C	0.6733416020964517
KNS60_CENTRAL_NERVOUS_SYSTEM	CCN(CC)CCNC(=O)C1=C(NC(=C1C)/C=C\2/C3=C(C=CC(=C3)F)NC2=O)C	0.1265605006212309
KNS81FD_CENTRAL_NERVOUS_SYSTEM	CCN(CC)CCNC(=O)C1=C(NC(=C1C)/C=C\2/C3=C(C=CC(=C3)F)NC2=O)C	1.0733336989131008
KO52_HAEMATOPOIETIC_AND_LYMPHOID_TISSUE	CCN(CC)CCNC(=O)C1=C(NC(=C1C)/C=C\2/C3=C(C=CC(=C3)F)NC2=O)C	0.1172246371102154
KP2_PANCREAS	CCN(CC)CCNC(=O)C1=C(NC(=C1C)/C=C\2/C3=C(C=CC(=C3)F)NC2=O)C	0.308572442801297
KPL1_BREAST	CCN(CC)CCNC(=O)C1=C(NC(=C1C)/C=C\2/C3=C(C=CC(=C3)F)NC2=O)C	0.1659322198399951
KPNRTBM1_AUTONOMIC_GANGLIA	CCN(CC)CCNC(=O)C1=C(NC(=C1C)/C=C\2/C3=C(C=CC(=C3)F)NC2=O)C	0.7517799066939862
KPNYN_AUTONOMIC_GANGLIA	CCN(CC)CCNC(=O)C1=C(NC(=C1C)/C=C\2/C3=C(C=CC(=C3)F)NC2=O)C	0.53176777674564
KS1_CENTRAL_NERVOUS_SYSTEM	CCN(CC)CCNC(=O)C1=C(NC(=C1C)/C=C\2/C3=C(C=CC(=C3)F)NC2=O)C	0.3318955664444653
KU1919_URINARY_TRACT	CCN(CC)CCNC(=O)C1=C(NC(=C1C)/C=C\2/C3=C(C=CC(=C3)F)NC2=O)C	0.2829807409315433
KU812_HAEMATOPOIETIC_AND_LYMPHOID_TISSUE	CCN(CC)CCNC(=O)C1=C(NC(=C1C)/C=C\2/C3=C(C=CC(=C3)F)NC2=O)C	0.3042922137018907
KY821_HAEMATOPOIETIC_AND_LYMPHOID_TISSUE	CCN(CC)CCNC(=O)C1=C(NC(=C1C)/C=C\2/C3=C(C=CC(=C3)F)NC2=O)C	0.5034472105819203
KYM1_SOFT_TISSUE	CCN(CC)CCNC(=O)C1=C(NC(=C1C)/C=C\2/C3=C(C=CC(=C3)F)NC2=O)C	0.1880292029303918
KYSE140_OESOPHAGUS	CCN(CC)CCNC(=O)C1=C(NC(=C1C)/C=C\2/C3=C(C=CC(=C3)F)NC2=O)C	0.2781199667414163
KYSE150_OESOPHAGUS	CCN(CC)CCNC(=O)C1=C(NC(=C1C)/C=C\2/C3=C(C=CC(=C3)F)NC2=O)C	0.5682069147549925
KYSE180_OESOPHAGUS	CCN(CC)CCNC(=O)C1=C(NC(=C1C)/C=C\2/C3=C(C=CC(=C3)F)NC2=O)C	0.2549955715324706
KYSE30_OESOPHAGUS	CCN(CC)CCNC(=O)C1=C(NC(=C1C)/C=C\2/C3=C(C=CC(=C3)F)NC2=O)C	0.2847507443407376
KYSE520_OESOPHAGUS	CCN(CC)CCNC(=O)C1=C(NC(=C1C)/C=C\2/C3=C(C=CC(=C3)F)NC2=O)C	0.420036131397921
KYSE70_OESOPHAGUS	CCN(CC)CCNC(=O)C1=C(NC(=C1C)/C=C\2/C3=C(C=CC(=C3)F)NC2=O)C	0.1654879890299705
L33_PANCREAS	CCN(CC)CCNC(=O)C1=C(NC(=C1C)/C=C\2/C3=C(C=CC(=C3)F)NC2=O)C	0.3283211771568834
L363_HAEMATOPOIETIC_AND_LYMPHOID_TISSUE	CCN(CC)CCNC(=O)C1=C(NC(=C1C)/C=C\2/C3=C(C=CC(=C3)F)NC2=O)C	0.339918085605248
L428_HAEMATOPOIETIC_AND_LYMPHOID_TISSUE	CCN(CC)CCNC(=O)C1=C(NC(=C1C)/C=C\2/C3=C(C=CC(=C3)F)NC2=O)C	0.4157180319603408
LAMA84_HAEMATOPOIETIC_AND_LYMPHOID_TISSUE	CCN(CC)CCNC(=O)C1=C(NC(=C1C)/C=C\2/C3=C(C=CC(=C3)F)NC2=O)C	0.2830366509463989
LAN6_AUTONOMIC_GANGLIA	CCN(CC)CCNC(=O)C1=C(NC(=C1C)/C=C\2/C3=C(C=CC(=C3)F)NC2=O)C	0.7173281429273781
LB1047RCC_KIDNEY	CCN(CC)CCNC(=O)C1=C(NC(=C1C)/C=C\2/C3=C(C=CC(=C3)F)NC2=O)C	0.3781210125475413
LB2241RCC_KIDNEY	CCN(CC)CCNC(=O)C1=C(NC(=C1C)/C=C\2/C3=C(C=CC(=C3)F)NC2=O)C	0.8117806294968634
LB647SCLC_LUNG	CCN(CC)CCNC(=O)C1=C(NC(=C1C)/C=C\2/C3=C(C=CC(=C3)F)NC2=O)C	0.9442401889619668
LB771HNC_UPPER_AERODIGESTIVE_TRACT	CCN(CC)CCNC(=O)C1=C(NC(=C1C)/C=C\2/C3=C(C=CC(=C3)F)NC2=O)C	0.9323752120665268
LB831BLC_URINARY_TRACT	CCN(CC)CCNC(=O)C1=C(NC(=C1C)/C=C\2/C3=C(C=CC(=C3)F)NC2=O)C	0.6758652813198051
LC1SQSF_LUNG	CCN(CC)CCNC(=O)C1=C(NC(=C1C)/C=C\2/C3=C(C=CC(=C3)F)NC2=O)C	0.3825840215073967
LC2AD_LUNG	CCN(CC)CCNC(=O)C1=C(NC(=C1C)/C=C\2/C3=C(C=CC(=C3)F)NC2=O)C	0.2689466823001891
LC41_HAEMATOPOIETIC_AND_LYMPHOID_TISSUE	CCN(CC)CCNC(=O)C1=C(NC(=C1C)/C=C\2/C3=C(C=CC(=C3)F)NC2=O)C	0.5506798952656555
LK2_LUNG	CCN(CC)CCNC(=O)C1=C(NC(=C1C)/C=C\2/C3=C(C=CC(=C3)F)NC2=O)C	0.1138487173853753
LMSU_STOMACH	CCN(CC)CCNC(=O)C1=C(NC(=C1C)/C=C\2/C3=C(C=CC(=C3)F)NC2=O)C	0.1930185304857722
LN229_CENTRAL_NERVOUS_SYSTEM	CCN(CC)CCNC(=O)C1=C(NC(=C1C)/C=C\2/C3=C(C=CC(=C3)F)NC2=O)C	0.1285316124731052
LNCAPCLONEFGC_PROSTATE	CCN(CC)CCNC(=O)C1=C(NC(=C1C)/C=C\2/C3=C(C=CC(=C3)F)NC2=O)C	0.6408957047875107
LOUCY_HAEMATOPOIETIC_AND_LYMPHOID_TISSUE	CCN(CC)CCNC(=O)C1=C(NC(=C1C)/C=C\2/C3=C(C=CC(=C3)F)NC2=O)C	0.6641404089096995
LOUNH91_LUNG	CCN(CC)CCNC(=O)C1=C(NC(=C1C)/C=C\2/C3=C(C=CC(=C3)F)NC2=O)C	0.2091751492469468
LOVO_LARGE_INTESTINE	CCN(CC)CCNC(=O)C1=C(NC(=C1C)/C=C\2/C3=C(C=CC(=C3)F)NC2=O)C	0.1697217211885208
LOXIMVI_SKIN	CCN(CC)CCNC(=O)C1=C(NC(=C1C)/C=C\2/C3=C(C=CC(=C3)F)NC2=O)C	0.4109223639791038
LP1_HAEMATOPOIETIC_AND_LYMPHOID_TISSUE	CCN(CC)CCNC(=O)C1=C(NC(=C1C)/C=C\2/C3=C(C=CC(=C3)F)NC2=O)C	0.4442463825251054
LS123_LARGE_INTESTINE	CCN(CC)CCNC(=O)C1=C(NC(=C1C)/C=C\2/C3=C(C=CC(=C3)F)NC2=O)C	0.5354738535663981
LS180_LARGE_INTESTINE	CCN(CC)CCNC(=O)C1=C(NC(=C1C)/C=C\2/C3=C(C=CC(=C3)F)NC2=O)C	0.2932368704354677
LS411N_LARGE_INTESTINE	CCN(CC)CCNC(=O)C1=C(NC(=C1C)/C=C\2/C3=C(C=CC(=C3)F)NC2=O)C	0.5718385484095793
LU134A_LUNG	CCN(CC)CCNC(=O)C1=C(NC(=C1C)/C=C\2/C3=C(C=CC(=C3)F)NC2=O)C	0.7868649880371626
LU165_LUNG	CCN(CC)CCNC(=O)C1=C(NC(=C1C)/C=C\2/C3=C(C=CC(=C3)F)NC2=O)C	0.8641444992426791
LU65_LUNG	CCN(CC)CCNC(=O)C1=C(NC(=C1C)/C=C\2/C3=C(C=CC(=C3)F)NC2=O)C	0.5287465733267147
M059K_CENTRAL_NERVOUS_SYSTEM	CCN(CC)CCNC(=O)C1=C(NC(=C1C)/C=C\2/C3=C(C=CC(=C3)F)NC2=O)C	0.1116011788236007
M07E_HAEMATOPOIETIC_AND_LYMPHOID_TISSUE	CCN(CC)CCNC(=O)C1=C(NC(=C1C)/C=C\2/C3=C(C=CC(=C3)F)NC2=O)C	0.1076766371708233
MALME3M_SKIN	CCN(CC)CCNC(=O)C1=C(NC(=C1C)/C=C\2/C3=C(C=CC(=C3)F)NC2=O)C	0.2023862620836995
MC116_HAEMATOPOIETIC_AND_LYMPHOID_TISSUE	CCN(CC)CCNC(=O)C1=C(NC(=C1C)/C=C\2/C3=C(C=CC(=C3)F)NC2=O)C	0.3947729159262511
MCAS_OVARY	CCN(CC)CCNC(=O)C1=C(NC(=C1C)/C=C\2/C3=C(C=CC(=C3)F)NC2=O)C	0.2394878966786872
MCCAR_HAEMATOPOIETIC_AND_LYMPHOID_TISSUE	CCN(CC)CCNC(=O)C1=C(NC(=C1C)/C=C\2/C3=C(C=CC(=C3)F)NC2=O)C	0.6911330171681217
MCF7_BREAST	CCN(CC)CCNC(=O)C1=C(NC(=C1C)/C=C\2/C3=C(C=CC(=C3)F)NC2=O)C	0.2286128471317312
MDAMB157_BREAST	CCN(CC)CCNC(=O)C1=C(NC(=C1C)/C=C\2/C3=C(C=CC(=C3)F)NC2=O)C	0.51258759432104
MDAMB231_BREAST	CCN(CC)CCNC(=O)C1=C(NC(=C1C)/C=C\2/C3=C(C=CC(=C3)F)NC2=O)C	0.2952922743113427
MDAMB453_BREAST	CCN(CC)CCNC(=O)C1=C(NC(=C1C)/C=C\2/C3=C(C=CC(=C3)F)NC2=O)C	0.1537891471711263
MDAMB468_BREAST	CCN(CC)CCNC(=O)C1=C(NC(=C1C)/C=C\2/C3=C(C=CC(=C3)F)NC2=O)C	0.0970283357071426
ME1_HAEMATOPOIETIC_AND_LYMPHOID_TISSUE	CCN(CC)CCNC(=O)C1=C(NC(=C1C)/C=C\2/C3=C(C=CC(=C3)F)NC2=O)C	0.4769088485733622
MEG01_HAEMATOPOIETIC_AND_LYMPHOID_TISSUE	CCN(CC)CCNC(=O)C1=C(NC(=C1C)/C=C\2/C3=C(C=CC(=C3)F)NC2=O)C	0.6018705819348759
MELHO_SKIN	CCN(CC)CCNC(=O)C1=C(NC(=C1C)/C=C\2/C3=C(C=CC(=C3)F)NC2=O)C	0.1129386988999666
MEWO_SKIN	CCN(CC)CCNC(=O)C1=C(NC(=C1C)/C=C\2/C3=C(C=CC(=C3)F)NC2=O)C	0.1447584007848722
MFE296_ENDOMETRIUM	CCN(CC)CCNC(=O)C1=C(NC(=C1C)/C=C\2/C3=C(C=CC(=C3)F)NC2=O)C	0.2896405502439467
MFE319_ENDOMETRIUM	CCN(CC)CCNC(=O)C1=C(NC(=C1C)/C=C\2/C3=C(C=CC(=C3)F)NC2=O)C	0.3650092149762113
MFHINO_SOFT_TISSUE	CCN(CC)CCNC(=O)C1=C(NC(=C1C)/C=C\2/C3=C(C=CC(=C3)F)NC2=O)C	1.0309566426685592
MFM223_BREAST	CCN(CC)CCNC(=O)C1=C(NC(=C1C)/C=C\2/C3=C(C=CC(=C3)F)NC2=O)C	1.082057468308168
MG63_BONE	CCN(CC)CCNC(=O)C1=C(NC(=C1C)/C=C\2/C3=C(C=CC(=C3)F)NC2=O)C	0.1225339389072396
MHHCALL4_HAEMATOPOIETIC_AND_LYMPHOID_TISSUE	CCN(CC)CCNC(=O)C1=C(NC(=C1C)/C=C\2/C3=C(C=CC(=C3)F)NC2=O)C	0.1723668834661656
MHHNB11_AUTONOMIC_GANGLIA	CCN(CC)CCNC(=O)C1=C(NC(=C1C)/C=C\2/C3=C(C=CC(=C3)F)NC2=O)C	0.3911923323495253
MHHPREB1_HAEMATOPOIETIC_AND_LYMPHOID_TISSUE	CCN(CC)CCNC(=O)C1=C(NC(=C1C)/C=C\2/C3=C(C=CC(=C3)F)NC2=O)C	0.5981159484427944
MINO_HAEMATOPOIETIC_AND_LYMPHOID_TISSUE	CCN(CC)CCNC(=O)C1=C(NC(=C1C)/C=C\2/C3=C(C=CC(=C3)F)NC2=O)C	0.089313397375678
MJ_HAEMATOPOIETIC_AND_LYMPHOID_TISSUE	CCN(CC)CCNC(=O)C1=C(NC(=C1C)/C=C\2/C3=C(C=CC(=C3)F)NC2=O)C	0.3141968155853208
MKN45_STOMACH	CCN(CC)CCNC(=O)C1=C(NC(=C1C)/C=C\2/C3=C(C=CC(=C3)F)NC2=O)C	0.7947604713779205
MKN74_STOMACH	CCN(CC)CCNC(=O)C1=C(NC(=C1C)/C=C\2/C3=C(C=CC(=C3)F)NC2=O)C	0.3008310888966332
MKN7_STOMACH	CCN(CC)CCNC(=O)C1=C(NC(=C1C)/C=C\2/C3=C(C=CC(=C3)F)NC2=O)C	0.4514608994211945
ML1_THYROID	CCN(CC)CCNC(=O)C1=C(NC(=C1C)/C=C\2/C3=C(C=CC(=C3)F)NC2=O)C	0.183381543001303
ML2_HAEMATOPOIETIC_AND_LYMPHOID_TISSUE	CCN(CC)CCNC(=O)C1=C(NC(=C1C)/C=C\2/C3=C(C=CC(=C3)F)NC2=O)C	0.4331047445310884
MLMA_HAEMATOPOIETIC_AND_LYMPHOID_TISSUE	CCN(CC)CCNC(=O)C1=C(NC(=C1C)/C=C\2/C3=C(C=CC(=C3)F)NC2=O)C	0.7370340786679841
MM1S_HAEMATOPOIETIC_AND_LYMPHOID_TISSUE	CCN(CC)CCNC(=O)C1=C(NC(=C1C)/C=C\2/C3=C(C=CC(=C3)F)NC2=O)C	0.0804309373011303
MOLM16_HAEMATOPOIETIC_AND_LYMPHOID_TISSUE	CCN(CC)CCNC(=O)C1=C(NC(=C1C)/C=C\2/C3=C(C=CC(=C3)F)NC2=O)C	0.1079815365617139
MOLM6_HAEMATOPOIETIC_AND_LYMPHOID_TISSUE	CCN(CC)CCNC(=O)C1=C(NC(=C1C)/C=C\2/C3=C(C=CC(=C3)F)NC2=O)C	0.1206388864814085
MOLP2_HAEMATOPOIETIC_AND_LYMPHOID_TISSUE	CCN(CC)CCNC(=O)C1=C(NC(=C1C)/C=C\2/C3=C(C=CC(=C3)F)NC2=O)C	0.2673370649868177
MOLP8_HAEMATOPOIETIC_AND_LYMPHOID_TISSUE	CCN(CC)CCNC(=O)C1=C(NC(=C1C)/C=C\2/C3=C(C=CC(=C3)F)NC2=O)C	0.2189302800637423
MOLT13_HAEMATOPOIETIC_AND_LYMPHOID_TISSUE	CCN(CC)CCNC(=O)C1=C(NC(=C1C)/C=C\2/C3=C(C=CC(=C3)F)NC2=O)C	0.145613987620837
MOLT16_HAEMATOPOIETIC_AND_LYMPHOID_TISSUE	CCN(CC)CCNC(=O)C1=C(NC(=C1C)/C=C\2/C3=C(C=CC(=C3)F)NC2=O)C	0.0920794152853116
MOLT4_HAEMATOPOIETIC_AND_LYMPHOID_TISSUE	CCN(CC)CCNC(=O)C1=C(NC(=C1C)/C=C\2/C3=C(C=CC(=C3)F)NC2=O)C	0.4874576390113239
MORCPR_LUNG	CCN(CC)CCNC(=O)C1=C(NC(=C1C)/C=C\2/C3=C(C=CC(=C3)F)NC2=O)C	0.2507643799812115
MOTN1_HAEMATOPOIETIC_AND_LYMPHOID_TISSUE	CCN(CC)CCNC(=O)C1=C(NC(=C1C)/C=C\2/C3=C(C=CC(=C3)F)NC2=O)C	0.0995586335191975
MOT_HAEMATOPOIETIC_AND_LYMPHOID_TISSUE	CCN(CC)CCNC(=O)C1=C(NC(=C1C)/C=C\2/C3=C(C=CC(=C3)F)NC2=O)C	1.0478586960151646
MRKNU1_BREAST	CCN(CC)CCNC(=O)C1=C(NC(=C1C)/C=C\2/C3=C(C=CC(=C3)F)NC2=O)C	0.8286078858797543
MS1_LUNG	CCN(CC)CCNC(=O)C1=C(NC(=C1C)/C=C\2/C3=C(C=CC(=C3)F)NC2=O)C	0.4617411406895221
MSTO211H_PLEURA	CCN(CC)CCNC(=O)C1=C(NC(=C1C)/C=C\2/C3=C(C=CC(=C3)F)NC2=O)C	0.4596343949728297
MV411_HAEMATOPOIETIC_AND_LYMPHOID_TISSUE	CCN(CC)CCNC(=O)C1=C(NC(=C1C)/C=C\2/C3=C(C=CC(=C3)F)NC2=O)C	0.0653322485847837
MZ1PC_PANCREAS	CCN(CC)CCNC(=O)C1=C(NC(=C1C)/C=C\2/C3=C(C=CC(=C3)F)NC2=O)C	0.52178896656661
NALM6_HAEMATOPOIETIC_AND_LYMPHOID_TISSUE	CCN(CC)CCNC(=O)C1=C(NC(=C1C)/C=C\2/C3=C(C=CC(=C3)F)NC2=O)C	0.2667262034804161
NAMALWA_HAEMATOPOIETIC_AND_LYMPHOID_TISSUE	CCN(CC)CCNC(=O)C1=C(NC(=C1C)/C=C\2/C3=C(C=CC(=C3)F)NC2=O)C	0.240934254205257
NB10_AUTONOMIC_GANGLIA	CCN(CC)CCNC(=O)C1=C(NC(=C1C)/C=C\2/C3=C(C=CC(=C3)F)NC2=O)C	0.949258220018482
NB13_AUTONOMIC_GANGLIA	CCN(CC)CCNC(=O)C1=C(NC(=C1C)/C=C\2/C3=C(C=CC(=C3)F)NC2=O)C	0.7439876864187793
NB14_AUTONOMIC_GANGLIA	CCN(CC)CCNC(=O)C1=C(NC(=C1C)/C=C\2/C3=C(C=CC(=C3)F)NC2=O)C	0.7741349977140676
NB1_AUTONOMIC_GANGLIA	CCN(CC)CCNC(=O)C1=C(NC(=C1C)/C=C\2/C3=C(C=CC(=C3)F)NC2=O)C	0.2160232610979382
NB4_HAEMATOPOIETIC_AND_LYMPHOID_TISSUE	CCN(CC)CCNC(=O)C1=C(NC(=C1C)/C=C\2/C3=C(C=CC(=C3)F)NC2=O)C	0.2483702903820817
NB6_AUTONOMIC_GANGLIA	CCN(CC)CCNC(=O)C1=C(NC(=C1C)/C=C\2/C3=C(C=CC(=C3)F)NC2=O)C	0.8911691065668567
NBTU110_AUTONOMIC_GANGLIA	CCN(CC)CCNC(=O)C1=C(NC(=C1C)/C=C\2/C3=C(C=CC(=C3)F)NC2=O)C	0.579337087562487
NCIH1092_LUNG	CCN(CC)CCNC(=O)C1=C(NC(=C1C)/C=C\2/C3=C(C=CC(=C3)F)NC2=O)C	0.8700809479226294
NCIH1105_LUNG	CCN(CC)CCNC(=O)C1=C(NC(=C1C)/C=C\2/C3=C(C=CC(=C3)F)NC2=O)C	0.1983487615533804
NCIH1155_LUNG	CCN(CC)CCNC(=O)C1=C(NC(=C1C)/C=C\2/C3=C(C=CC(=C3)F)NC2=O)C	0.556537788359413
NCIH128_LUNG	CCN(CC)CCNC(=O)C1=C(NC(=C1C)/C=C\2/C3=C(C=CC(=C3)F)NC2=O)C	0.7273098024295063
NCIH1299_LUNG	CCN(CC)CCNC(=O)C1=C(NC(=C1C)/C=C\2/C3=C(C=CC(=C3)F)NC2=O)C	0.3921672368102064
NCIH1385_LUNG	CCN(CC)CCNC(=O)C1=C(NC(=C1C)/C=C\2/C3=C(C=CC(=C3)F)NC2=O)C	0.2220971377920543
NCIH1395_LUNG	CCN(CC)CCNC(=O)C1=C(NC(=C1C)/C=C\2/C3=C(C=CC(=C3)F)NC2=O)C	0.3053449007545682
NCIH1563_LUNG	CCN(CC)CCNC(=O)C1=C(NC(=C1C)/C=C\2/C3=C(C=CC(=C3)F)NC2=O)C	0.1206029138004181
NCIH1568_LUNG	CCN(CC)CCNC(=O)C1=C(NC(=C1C)/C=C\2/C3=C(C=CC(=C3)F)NC2=O)C	0.1349928709960908
NCIH1581_LUNG	CCN(CC)CCNC(=O)C1=C(NC(=C1C)/C=C\2/C3=C(C=CC(=C3)F)NC2=O)C	0.4286094432658857
NCIH1648_LUNG	CCN(CC)CCNC(=O)C1=C(NC(=C1C)/C=C\2/C3=C(C=CC(=C3)F)NC2=O)C	0.7266120934194128
NCIH1651_LUNG	CCN(CC)CCNC(=O)C1=C(NC(=C1C)/C=C\2/C3=C(C=CC(=C3)F)NC2=O)C	0.4447927319009666
NCIH1694_LUNG	CCN(CC)CCNC(=O)C1=C(NC(=C1C)/C=C\2/C3=C(C=CC(=C3)F)NC2=O)C	0.4582511609832435
NCIH1703_LUNG	CCN(CC)CCNC(=O)C1=C(NC(=C1C)/C=C\2/C3=C(C=CC(=C3)F)NC2=O)C	0.1724239588320858
NCIH1792_LUNG	CCN(CC)CCNC(=O)C1=C(NC(=C1C)/C=C\2/C3=C(C=CC(=C3)F)NC2=O)C	0.2580041946725658
NCIH1838_LUNG	CCN(CC)CCNC(=O)C1=C(NC(=C1C)/C=C\2/C3=C(C=CC(=C3)F)NC2=O)C	0.5179491572464295
NCIH1869_LUNG	CCN(CC)CCNC(=O)C1=C(NC(=C1C)/C=C\2/C3=C(C=CC(=C3)F)NC2=O)C	0.6026815343405538
NCIH1876_LUNG	CCN(CC)CCNC(=O)C1=C(NC(=C1C)/C=C\2/C3=C(C=CC(=C3)F)NC2=O)C	0.8224867758576199
NCIH187_LUNG	CCN(CC)CCNC(=O)C1=C(NC(=C1C)/C=C\2/C3=C(C=CC(=C3)F)NC2=O)C	0.850880535809784
NCIH1944_LUNG	CCN(CC)CCNC(=O)C1=C(NC(=C1C)/C=C\2/C3=C(C=CC(=C3)F)NC2=O)C	0.2232885824570441
NCIH196_LUNG	CCN(CC)CCNC(=O)C1=C(NC(=C1C)/C=C\2/C3=C(C=CC(=C3)F)NC2=O)C	0.3131162344313464
NCIH1975_LUNG	CCN(CC)CCNC(=O)C1=C(NC(=C1C)/C=C\2/C3=C(C=CC(=C3)F)NC2=O)C	0.3899270551727832
NCIH2023_LUNG	CCN(CC)CCNC(=O)C1=C(NC(=C1C)/C=C\2/C3=C(C=CC(=C3)F)NC2=O)C	0.2933923693142216
NCIH2029_LUNG	CCN(CC)CCNC(=O)C1=C(NC(=C1C)/C=C\2/C3=C(C=CC(=C3)F)NC2=O)C	0.2298782941149731
NCIH2030_LUNG	CCN(CC)CCNC(=O)C1=C(NC(=C1C)/C=C\2/C3=C(C=CC(=C3)F)NC2=O)C	0.3419985166217157
NCIH2052_PLEURA	CCN(CC)CCNC(=O)C1=C(NC(=C1C)/C=C\2/C3=C(C=CC(=C3)F)NC2=O)C	0.3150540375465923
NCIH2081_LUNG	CCN(CC)CCNC(=O)C1=C(NC(=C1C)/C=C\2/C3=C(C=CC(=C3)F)NC2=O)C	0.5705126900554542
NCIH2085_LUNG	CCN(CC)CCNC(=O)C1=C(NC(=C1C)/C=C\2/C3=C(C=CC(=C3)F)NC2=O)C	0.2628266464135276
NCIH2087_LUNG	CCN(CC)CCNC(=O)C1=C(NC(=C1C)/C=C\2/C3=C(C=CC(=C3)F)NC2=O)C	0.1446140037576896
NCIH209_LUNG	CCN(CC)CCNC(=O)C1=C(NC(=C1C)/C=C\2/C3=C(C=CC(=C3)F)NC2=O)C	0.5935631325057823
NCIH2106_LUNG	CCN(CC)CCNC(=O)C1=C(NC(=C1C)/C=C\2/C3=C(C=CC(=C3)F)NC2=O)C	0.1431057347192339
NCIH2110_LUNG	CCN(CC)CCNC(=O)C1=C(NC(=C1C)/C=C\2/C3=C(C=CC(=C3)F)NC2=O)C	0.256705406224431
NCIH211_LUNG	CCN(CC)CCNC(=O)C1=C(NC(=C1C)/C=C\2/C3=C(C=CC(=C3)F)NC2=O)C	0.3867345306072491
NCIH2122_LUNG	CCN(CC)CCNC(=O)C1=C(NC(=C1C)/C=C\2/C3=C(C=CC(=C3)F)NC2=O)C	0.3214269390739113
NCIH2126_LUNG	CCN(CC)CCNC(=O)C1=C(NC(=C1C)/C=C\2/C3=C(C=CC(=C3)F)NC2=O)C	0.3768789289069365
NCIH2135_LUNG	CCN(CC)CCNC(=O)C1=C(NC(=C1C)/C=C\2/C3=C(C=CC(=C3)F)NC2=O)C	0.8417996104293898
NCIH2141_LUNG	CCN(CC)CCNC(=O)C1=C(NC(=C1C)/C=C\2/C3=C(C=CC(=C3)F)NC2=O)C	0.901420768635398
NCIH2170_LUNG	CCN(CC)CCNC(=O)C1=C(NC(=C1C)/C=C\2/C3=C(C=CC(=C3)F)NC2=O)C	0.4896392614170125
NCIH2228_LUNG	CCN(CC)CCNC(=O)C1=C(NC(=C1C)/C=C\2/C3=C(C=CC(=C3)F)NC2=O)C	0.1364184278311464
NCIH226_LUNG	CCN(CC)CCNC(=O)C1=C(NC(=C1C)/C=C\2/C3=C(C=CC(=C3)F)NC2=O)C	0.708179054122045
NCIH2286_LUNG	CCN(CC)CCNC(=O)C1=C(NC(=C1C)/C=C\2/C3=C(C=CC(=C3)F)NC2=O)C	0.7856639690286815
NCIH2342_LUNG	CCN(CC)CCNC(=O)C1=C(NC(=C1C)/C=C\2/C3=C(C=CC(=C3)F)NC2=O)C	0.4418757053244037
NCIH23_LUNG	CCN(CC)CCNC(=O)C1=C(NC(=C1C)/C=C\2/C3=C(C=CC(=C3)F)NC2=O)C	0.4972016207884895
NCIH2405_LUNG	CCN(CC)CCNC(=O)C1=C(NC(=C1C)/C=C\2/C3=C(C=CC(=C3)F)NC2=O)C	0.1480123822691596
NCIH2452_PLEURA	CCN(CC)CCNC(=O)C1=C(NC(=C1C)/C=C\2/C3=C(C=CC(=C3)F)NC2=O)C	0.1812486145792296
NCIH28_PLEURA	CCN(CC)CCNC(=O)C1=C(NC(=C1C)/C=C\2/C3=C(C=CC(=C3)F)NC2=O)C	0.2094940352737961
NCIH292_LUNG	CCN(CC)CCNC(=O)C1=C(NC(=C1C)/C=C\2/C3=C(C=CC(=C3)F)NC2=O)C	0.1492882200975787
NCIH322_LUNG	CCN(CC)CCNC(=O)C1=C(NC(=C1C)/C=C\2/C3=C(C=CC(=C3)F)NC2=O)C	0.446442064835298
NCIH345_LUNG	CCN(CC)CCNC(=O)C1=C(NC(=C1C)/C=C\2/C3=C(C=CC(=C3)F)NC2=O)C	0.9254513118428718
NCIH441_LUNG	CCN(CC)CCNC(=O)C1=C(NC(=C1C)/C=C\2/C3=C(C=CC(=C3)F)NC2=O)C	0.3251343627079608
NCIH446_LUNG	CCN(CC)CCNC(=O)C1=C(NC(=C1C)/C=C\2/C3=C(C=CC(=C3)F)NC2=O)C	0.4522055700012649
NCIH508_LARGE_INTESTINE	CCN(CC)CCNC(=O)C1=C(NC(=C1C)/C=C\2/C3=C(C=CC(=C3)F)NC2=O)C	0.1421167218703597
NCIH510_LUNG	CCN(CC)CCNC(=O)C1=C(NC(=C1C)/C=C\2/C3=C(C=CC(=C3)F)NC2=O)C	0.7430841671808434
NCIH520_LUNG	CCN(CC)CCNC(=O)C1=C(NC(=C1C)/C=C\2/C3=C(C=CC(=C3)F)NC2=O)C	0.1255700701536409
NCIH522_LUNG	CCN(CC)CCNC(=O)C1=C(NC(=C1C)/C=C\2/C3=C(C=CC(=C3)F)NC2=O)C	0.2187718211157913
NCIH526_LUNG	CCN(CC)CCNC(=O)C1=C(NC(=C1C)/C=C\2/C3=C(C=CC(=C3)F)NC2=O)C	0.4870798179738111
NCIH647_LUNG	CCN(CC)CCNC(=O)C1=C(NC(=C1C)/C=C\2/C3=C(C=CC(=C3)F)NC2=O)C	0.2414376594745295
NCIH64_LUNG	CCN(CC)CCNC(=O)C1=C(NC(=C1C)/C=C\2/C3=C(C=CC(=C3)F)NC2=O)C	0.9447870572167788
NCIH650_LUNG	CCN(CC)CCNC(=O)C1=C(NC(=C1C)/C=C\2/C3=C(C=CC(=C3)F)NC2=O)C	0.2612206994908936
NCIH661_LUNG	CCN(CC)CCNC(=O)C1=C(NC(=C1C)/C=C\2/C3=C(C=CC(=C3)F)NC2=O)C	0.3429022976453832
NCIH716_LARGE_INTESTINE	CCN(CC)CCNC(=O)C1=C(NC(=C1C)/C=C\2/C3=C(C=CC(=C3)F)NC2=O)C	0.4494799953617103
NCIH727_LUNG	CCN(CC)CCNC(=O)C1=C(NC(=C1C)/C=C\2/C3=C(C=CC(=C3)F)NC2=O)C	0.1565428884208612
NCIH747_LARGE_INTESTINE	CCN(CC)CCNC(=O)C1=C(NC(=C1C)/C=C\2/C3=C(C=CC(=C3)F)NC2=O)C	0.3985356493466185
NCIH748_LUNG	CCN(CC)CCNC(=O)C1=C(NC(=C1C)/C=C\2/C3=C(C=CC(=C3)F)NC2=O)C	0.9104921671948046
NCIH810_LUNG	CCN(CC)CCNC(=O)C1=C(NC(=C1C)/C=C\2/C3=C(C=CC(=C3)F)NC2=O)C	0.1084642206582017
NCIH82_LUNG	CCN(CC)CCNC(=O)C1=C(NC(=C1C)/C=C\2/C3=C(C=CC(=C3)F)NC2=O)C	0.6107190320873332
NCIH838_LUNG	CCN(CC)CCNC(=O)C1=C(NC(=C1C)/C=C\2/C3=C(C=CC(=C3)F)NC2=O)C	0.2163047891602776
NCIH847_LUNG	CCN(CC)CCNC(=O)C1=C(NC(=C1C)/C=C\2/C3=C(C=CC(=C3)F)NC2=O)C	0.5218885349443254
NCIH889_LUNG	CCN(CC)CCNC(=O)C1=C(NC(=C1C)/C=C\2/C3=C(C=CC(=C3)F)NC2=O)C	0.3176485752598563
NCIH929_HAEMATOPOIETIC_AND_LYMPHOID_TISSUE	CCN(CC)CCNC(=O)C1=C(NC(=C1C)/C=C\2/C3=C(C=CC(=C3)F)NC2=O)C	0.0534589540592139
NCIN87_STOMACH	CCN(CC)CCNC(=O)C1=C(NC(=C1C)/C=C\2/C3=C(C=CC(=C3)F)NC2=O)C	0.1934467252795539
NCO2_HAEMATOPOIETIC_AND_LYMPHOID_TISSUE	CCN(CC)CCNC(=O)C1=C(NC(=C1C)/C=C\2/C3=C(C=CC(=C3)F)NC2=O)C	0.0705329645595321
NEC8_TESTIS	CCN(CC)CCNC(=O)C1=C(NC(=C1C)/C=C\2/C3=C(C=CC(=C3)F)NC2=O)C	0.8389129738683245
NH12_AUTONOMIC_GANGLIA	CCN(CC)CCNC(=O)C1=C(NC(=C1C)/C=C\2/C3=C(C=CC(=C3)F)NC2=O)C	0.8873965689050434
NH6_AUTONOMIC_GANGLIA	CCN(CC)CCNC(=O)C1=C(NC(=C1C)/C=C\2/C3=C(C=CC(=C3)F)NC2=O)C	0.1022476678081154
NKM1_HAEMATOPOIETIC_AND_LYMPHOID_TISSUE	CCN(CC)CCNC(=O)C1=C(NC(=C1C)/C=C\2/C3=C(C=CC(=C3)F)NC2=O)C	0.1341558768976288
NMCG1_CENTRAL_NERVOUS_SYSTEM	CCN(CC)CCNC(=O)C1=C(NC(=C1C)/C=C\2/C3=C(C=CC(=C3)F)NC2=O)C	0.4820849256700341
NO10_CENTRAL_NERVOUS_SYSTEM	CCN(CC)CCNC(=O)C1=C(NC(=C1C)/C=C\2/C3=C(C=CC(=C3)F)NC2=O)C	0.7769819343523086
NO11_CENTRAL_NERVOUS_SYSTEM	CCN(CC)CCNC(=O)C1=C(NC(=C1C)/C=C\2/C3=C(C=CC(=C3)F)NC2=O)C	0.693080704722071
NTERA2CLD1_TESTIS	CCN(CC)CCNC(=O)C1=C(NC(=C1C)/C=C\2/C3=C(C=CC(=C3)F)NC2=O)C	0.594181244195415
NUDHL1_HAEMATOPOIETIC_AND_LYMPHOID_TISSUE	CCN(CC)CCNC(=O)C1=C(NC(=C1C)/C=C\2/C3=C(C=CC(=C3)F)NC2=O)C	0.1236346116548986
NUGC3_STOMACH	CCN(CC)CCNC(=O)C1=C(NC(=C1C)/C=C\2/C3=C(C=CC(=C3)F)NC2=O)C	0.2158358569956665
NUGC4_STOMACH	CCN(CC)CCNC(=O)C1=C(NC(=C1C)/C=C\2/C3=C(C=CC(=C3)F)NC2=O)C	0.2497890970180914
OAW28_OVARY	CCN(CC)CCNC(=O)C1=C(NC(=C1C)/C=C\2/C3=C(C=CC(=C3)F)NC2=O)C	0.1824936014727718
OAW42_OVARY	CCN(CC)CCNC(=O)C1=C(NC(=C1C)/C=C\2/C3=C(C=CC(=C3)F)NC2=O)C	0.1754251824297706
OC314_OVARY	CCN(CC)CCNC(=O)C1=C(NC(=C1C)/C=C\2/C3=C(C=CC(=C3)F)NC2=O)C	0.1886850419709688
OCIAML2_HAEMATOPOIETIC_AND_LYMPHOID_TISSUE	CCN(CC)CCNC(=O)C1=C(NC(=C1C)/C=C\2/C3=C(C=CC(=C3)F)NC2=O)C	0.1356917010627803
OCIAML3_HAEMATOPOIETIC_AND_LYMPHOID_TISSUE	CCN(CC)CCNC(=O)C1=C(NC(=C1C)/C=C\2/C3=C(C=CC(=C3)F)NC2=O)C	0.4009963880762349
OCILY19_HAEMATOPOIETIC_AND_LYMPHOID_TISSUE	CCN(CC)CCNC(=O)C1=C(NC(=C1C)/C=C\2/C3=C(C=CC(=C3)F)NC2=O)C	0.198450159094098
OCILY3_HAEMATOPOIETIC_AND_LYMPHOID_TISSUE	CCN(CC)CCNC(=O)C1=C(NC(=C1C)/C=C\2/C3=C(C=CC(=C3)F)NC2=O)C	0.1654195293796782
OCIM1_HAEMATOPOIETIC_AND_LYMPHOID_TISSUE	CCN(CC)CCNC(=O)C1=C(NC(=C1C)/C=C\2/C3=C(C=CC(=C3)F)NC2=O)C	0.3662403403973472
OCUBM_BREAST	CCN(CC)CCNC(=O)C1=C(NC(=C1C)/C=C\2/C3=C(C=CC(=C3)F)NC2=O)C	0.7067449887078326
OE19_OESOPHAGUS	CCN(CC)CCNC(=O)C1=C(NC(=C1C)/C=C\2/C3=C(C=CC(=C3)F)NC2=O)C	0.3680347361283675
OE21_OESOPHAGUS	CCN(CC)CCNC(=O)C1=C(NC(=C1C)/C=C\2/C3=C(C=CC(=C3)F)NC2=O)C	0.126472478711476
OE33_OESOPHAGUS	CCN(CC)CCNC(=O)C1=C(NC(=C1C)/C=C\2/C3=C(C=CC(=C3)F)NC2=O)C	0.5647136006394132
ONCODG1_OVARY	CCN(CC)CCNC(=O)C1=C(NC(=C1C)/C=C\2/C3=C(C=CC(=C3)F)NC2=O)C	0.2254000772750689
OPM2_HAEMATOPOIETIC_AND_LYMPHOID_TISSUE	CCN(CC)CCNC(=O)C1=C(NC(=C1C)/C=C\2/C3=C(C=CC(=C3)F)NC2=O)C	0.2450151940691737
OSRC2_KIDNEY	CCN(CC)CCNC(=O)C1=C(NC(=C1C)/C=C\2/C3=C(C=CC(=C3)F)NC2=O)C	0.4824613307548269
OUMS23_LARGE_INTESTINE	CCN(CC)CCNC(=O)C1=C(NC(=C1C)/C=C\2/C3=C(C=CC(=C3)F)NC2=O)C	0.1766551100033334
OV56_OVARY	CCN(CC)CCNC(=O)C1=C(NC(=C1C)/C=C\2/C3=C(C=CC(=C3)F)NC2=O)C	0.3383852283402527
OV7_OVARY	CCN(CC)CCNC(=O)C1=C(NC(=C1C)/C=C\2/C3=C(C=CC(=C3)F)NC2=O)C	0.1403274590896693
OV90_OVARY	CCN(CC)CCNC(=O)C1=C(NC(=C1C)/C=C\2/C3=C(C=CC(=C3)F)NC2=O)C	0.2613154634988939
OVCAR4_OVARY	CCN(CC)CCNC(=O)C1=C(NC(=C1C)/C=C\2/C3=C(C=CC(=C3)F)NC2=O)C	0.4965948342342462
OVCAR8_OVARY	CCN(CC)CCNC(=O)C1=C(NC(=C1C)/C=C\2/C3=C(C=CC(=C3)F)NC2=O)C	0.3370757274462862
OVK18_OVARY	CCN(CC)CCNC(=O)C1=C(NC(=C1C)/C=C\2/C3=C(C=CC(=C3)F)NC2=O)C	0.2763709535895027
OVTOKO_OVARY	CCN(CC)CCNC(=O)C1=C(NC(=C1C)/C=C\2/C3=C(C=CC(=C3)F)NC2=O)C	0.1547343692233097
P12ICHIKAWA_HAEMATOPOIETIC_AND_LYMPHOID_TISSUE	CCN(CC)CCNC(=O)C1=C(NC(=C1C)/C=C\2/C3=C(C=CC(=C3)F)NC2=O)C	0.120446001166702
P30OHK_HAEMATOPOIETIC_AND_LYMPHOID_TISSUE	CCN(CC)CCNC(=O)C1=C(NC(=C1C)/C=C\2/C3=C(C=CC(=C3)F)NC2=O)C	0.789093194064038
P31FUJ_HAEMATOPOIETIC_AND_LYMPHOID_TISSUE	CCN(CC)CCNC(=O)C1=C(NC(=C1C)/C=C\2/C3=C(C=CC(=C3)F)NC2=O)C	0.5144230215484424
P32ISH_HAEMATOPOIETIC_AND_LYMPHOID_TISSUE	CCN(CC)CCNC(=O)C1=C(NC(=C1C)/C=C\2/C3=C(C=CC(=C3)F)NC2=O)C	0.6556107799642826
PANC0327_PANCREAS	CCN(CC)CCNC(=O)C1=C(NC(=C1C)/C=C\2/C3=C(C=CC(=C3)F)NC2=O)C	0.1953995067274765
PANC0403_PANCREAS	CCN(CC)CCNC(=O)C1=C(NC(=C1C)/C=C\2/C3=C(C=CC(=C3)F)NC2=O)C	0.371078351389436
PANC0504_PANCREAS	CCN(CC)CCNC(=O)C1=C(NC(=C1C)/C=C\2/C3=C(C=CC(=C3)F)NC2=O)C	0.2722347949937876
PANC0813_PANCREAS	CCN(CC)CCNC(=O)C1=C(NC(=C1C)/C=C\2/C3=C(C=CC(=C3)F)NC2=O)C	0.189542030061517
PATU8902_PANCREAS	CCN(CC)CCNC(=O)C1=C(NC(=C1C)/C=C\2/C3=C(C=CC(=C3)F)NC2=O)C	0.26513608488136
PATU8988T_PANCREAS	CCN(CC)CCNC(=O)C1=C(NC(=C1C)/C=C\2/C3=C(C=CC(=C3)F)NC2=O)C	0.4818694907421437
PC14_LUNG	CCN(CC)CCNC(=O)C1=C(NC(=C1C)/C=C\2/C3=C(C=CC(=C3)F)NC2=O)C	0.2380591320949119
PC3_PROSTATE	CCN(CC)CCNC(=O)C1=C(NC(=C1C)/C=C\2/C3=C(C=CC(=C3)F)NC2=O)C	0.5844611166247461
PECAPJ15_UPPER_AERODIGESTIVE_TRACT	CCN(CC)CCNC(=O)C1=C(NC(=C1C)/C=C\2/C3=C(C=CC(=C3)F)NC2=O)C	0.3360684494984696
PECAPJ34CLONEC12_UPPER_AERODIGESTIVE_TRACT	CCN(CC)CCNC(=O)C1=C(NC(=C1C)/C=C\2/C3=C(C=CC(=C3)F)NC2=O)C	0.4122277077335676
PECAPJ41CLONED2_UPPER_AERODIGESTIVE_TRACT	CCN(CC)CCNC(=O)C1=C(NC(=C1C)/C=C\2/C3=C(C=CC(=C3)F)NC2=O)C	0.3933750984878329
PFEIFFER_HAEMATOPOIETIC_AND_LYMPHOID_TISSUE	CCN(CC)CCNC(=O)C1=C(NC(=C1C)/C=C\2/C3=C(C=CC(=C3)F)NC2=O)C	0.0401526631867632
PK1_PANCREAS	CCN(CC)CCNC(=O)C1=C(NC(=C1C)/C=C\2/C3=C(C=CC(=C3)F)NC2=O)C	0.3374294243764962
PL21_HAEMATOPOIETIC_AND_LYMPHOID_TISSUE	CCN(CC)CCNC(=O)C1=C(NC(=C1C)/C=C\2/C3=C(C=CC(=C3)F)NC2=O)C	0.2952820546386045
PLCPRF5_LIVER	CCN(CC)CCNC(=O)C1=C(NC(=C1C)/C=C\2/C3=C(C=CC(=C3)F)NC2=O)C	0.2889787529925149
PSN1_PANCREAS	CCN(CC)CCNC(=O)C1=C(NC(=C1C)/C=C\2/C3=C(C=CC(=C3)F)NC2=O)C	0.243614247766876
QIMRWIL_HAEMATOPOIETIC_AND_LYMPHOID_TISSUE	CCN(CC)CCNC(=O)C1=C(NC(=C1C)/C=C\2/C3=C(C=CC(=C3)F)NC2=O)C	0.522854497184341
RAJI_HAEMATOPOIETIC_AND_LYMPHOID_TISSUE	CCN(CC)CCNC(=O)C1=C(NC(=C1C)/C=C\2/C3=C(C=CC(=C3)F)NC2=O)C	0.8489743731121231
RAMOS2G64C10_HAEMATOPOIETIC_AND_LYMPHOID_TISSUE	CCN(CC)CCNC(=O)C1=C(NC(=C1C)/C=C\2/C3=C(C=CC(=C3)F)NC2=O)C	0.7011142112113021
RCC10RGB_KIDNEY	CCN(CC)CCNC(=O)C1=C(NC(=C1C)/C=C\2/C3=C(C=CC(=C3)F)NC2=O)C	0.5827240916663345
RCHACV_HAEMATOPOIETIC_AND_LYMPHOID_TISSUE	CCN(CC)CCNC(=O)C1=C(NC(=C1C)/C=C\2/C3=C(C=CC(=C3)F)NC2=O)C	0.1786642087639019
RD_SOFT_TISSUE	CCN(CC)CCNC(=O)C1=C(NC(=C1C)/C=C\2/C3=C(C=CC(=C3)F)NC2=O)C	0.1306930431225188
REC1_HAEMATOPOIETIC_AND_LYMPHOID_TISSUE	CCN(CC)CCNC(=O)C1=C(NC(=C1C)/C=C\2/C3=C(C=CC(=C3)F)NC2=O)C	0.7511056828994818
REH_HAEMATOPOIETIC_AND_LYMPHOID_TISSUE	CCN(CC)CCNC(=O)C1=C(NC(=C1C)/C=C\2/C3=C(C=CC(=C3)F)NC2=O)C	0.7416033196685936
RERFLCAD1_LUNG	CCN(CC)CCNC(=O)C1=C(NC(=C1C)/C=C\2/C3=C(C=CC(=C3)F)NC2=O)C	0.2643914347404466
RERFLCAD2_LUNG	CCN(CC)CCNC(=O)C1=C(NC(=C1C)/C=C\2/C3=C(C=CC(=C3)F)NC2=O)C	0.4119579768326312
RERFLCAI_LUNG	CCN(CC)CCNC(=O)C1=C(NC(=C1C)/C=C\2/C3=C(C=CC(=C3)F)NC2=O)C	0.256858698066608
RERFLCMS_LUNG	CCN(CC)CCNC(=O)C1=C(NC(=C1C)/C=C\2/C3=C(C=CC(=C3)F)NC2=O)C	0.3740599938634503
RF48_HAEMATOPOIETIC_AND_LYMPHOID_TISSUE	CCN(CC)CCNC(=O)C1=C(NC(=C1C)/C=C\2/C3=C(C=CC(=C3)F)NC2=O)C	0.7677908455960943
RH18_SOFT_TISSUE	CCN(CC)CCNC(=O)C1=C(NC(=C1C)/C=C\2/C3=C(C=CC(=C3)F)NC2=O)C	0.1400464782266129
RH30_SOFT_TISSUE	CCN(CC)CCNC(=O)C1=C(NC(=C1C)/C=C\2/C3=C(C=CC(=C3)F)NC2=O)C	0.0987204336495045
RH41_SOFT_TISSUE	CCN(CC)CCNC(=O)C1=C(NC(=C1C)/C=C\2/C3=C(C=CC(=C3)F)NC2=O)C	0.0506433853298584
RI1_HAEMATOPOIETIC_AND_LYMPHOID_TISSUE	CCN(CC)CCNC(=O)C1=C(NC(=C1C)/C=C\2/C3=C(C=CC(=C3)F)NC2=O)C	0.159030366753538
RKO_LARGE_INTESTINE	CCN(CC)CCNC(=O)C1=C(NC(=C1C)/C=C\2/C3=C(C=CC(=C3)F)NC2=O)C	0.4779175578473602
RL952_ENDOMETRIUM	CCN(CC)CCNC(=O)C1=C(NC(=C1C)/C=C\2/C3=C(C=CC(=C3)F)NC2=O)C	0.3084612283636333
RL_HAEMATOPOIETIC_AND_LYMPHOID_TISSUE	CCN(CC)CCNC(=O)C1=C(NC(=C1C)/C=C\2/C3=C(C=CC(=C3)F)NC2=O)C	0.5116063036806108
RMGI_OVARY	CCN(CC)CCNC(=O)C1=C(NC(=C1C)/C=C\2/C3=C(C=CC(=C3)F)NC2=O)C	0.1937054001636413
ROS50_HAEMATOPOIETIC_AND_LYMPHOID_TISSUE	CCN(CC)CCNC(=O)C1=C(NC(=C1C)/C=C\2/C3=C(C=CC(=C3)F)NC2=O)C	0.8002447867235618
RPMI6666_HAEMATOPOIETIC_AND_LYMPHOID_TISSUE	CCN(CC)CCNC(=O)C1=C(NC(=C1C)/C=C\2/C3=C(C=CC(=C3)F)NC2=O)C	0.409739541278146
RPMI8402_HAEMATOPOIETIC_AND_LYMPHOID_TISSUE	CCN(CC)CCNC(=O)C1=C(NC(=C1C)/C=C\2/C3=C(C=CC(=C3)F)NC2=O)C	0.2230148785260425
RPMI8866_HAEMATOPOIETIC_AND_LYMPHOID_TISSUE	CCN(CC)CCNC(=O)C1=C(NC(=C1C)/C=C\2/C3=C(C=CC(=C3)F)NC2=O)C	0.8344821828848143
RS411_HAEMATOPOIETIC_AND_LYMPHOID_TISSUE	CCN(CC)CCNC(=O)C1=C(NC(=C1C)/C=C\2/C3=C(C=CC(=C3)F)NC2=O)C	0.2337821043927232
RT112_URINARY_TRACT	CCN(CC)CCNC(=O)C1=C(NC(=C1C)/C=C\2/C3=C(C=CC(=C3)F)NC2=O)C	0.1213652103851631
RT4_URINARY_TRACT	CCN(CC)CCNC(=O)C1=C(NC(=C1C)/C=C\2/C3=C(C=CC(=C3)F)NC2=O)C	0.3121755661535198
RVH421_SKIN	CCN(CC)CCNC(=O)C1=C(NC(=C1C)/C=C\2/C3=C(C=CC(=C3)F)NC2=O)C	0.0829249196945362
RXF393_KIDNEY	CCN(CC)CCNC(=O)C1=C(NC(=C1C)/C=C\2/C3=C(C=CC(=C3)F)NC2=O)C	0.5642913511908626
SAOS2_BONE	CCN(CC)CCNC(=O)C1=C(NC(=C1C)/C=C\2/C3=C(C=CC(=C3)F)NC2=O)C	0.1554836746568077
SBC5_LUNG	CCN(CC)CCNC(=O)C1=C(NC(=C1C)/C=C\2/C3=C(C=CC(=C3)F)NC2=O)C	0.7675204044061941
SCABER_URINARY_TRACT	CCN(CC)CCNC(=O)C1=C(NC(=C1C)/C=C\2/C3=C(C=CC(=C3)F)NC2=O)C	0.2473094230885784
SCC15_UPPER_AERODIGESTIVE_TRACT	CCN(CC)CCNC(=O)C1=C(NC(=C1C)/C=C\2/C3=C(C=CC(=C3)F)NC2=O)C	0.703715791564793
SCC25_UPPER_AERODIGESTIVE_TRACT	CCN(CC)CCNC(=O)C1=C(NC(=C1C)/C=C\2/C3=C(C=CC(=C3)F)NC2=O)C	0.1460665409557865
SCC3_HAEMATOPOIETIC_AND_LYMPHOID_TISSUE	CCN(CC)CCNC(=O)C1=C(NC(=C1C)/C=C\2/C3=C(C=CC(=C3)F)NC2=O)C	0.422571960231888
SCC4_UPPER_AERODIGESTIVE_TRACT	CCN(CC)CCNC(=O)C1=C(NC(=C1C)/C=C\2/C3=C(C=CC(=C3)F)NC2=O)C	0.2315461371556714
SCC9_UPPER_AERODIGESTIVE_TRACT	CCN(CC)CCNC(=O)C1=C(NC(=C1C)/C=C\2/C3=C(C=CC(=C3)F)NC2=O)C	0.2629356683535864
SCH_STOMACH	CCN(CC)CCNC(=O)C1=C(NC(=C1C)/C=C\2/C3=C(C=CC(=C3)F)NC2=O)C	0.8399812469100817
SET2_HAEMATOPOIETIC_AND_LYMPHOID_TISSUE	CCN(CC)CCNC(=O)C1=C(NC(=C1C)/C=C\2/C3=C(C=CC(=C3)F)NC2=O)C	0.0886941286099578
SF126_CENTRAL_NERVOUS_SYSTEM	CCN(CC)CCNC(=O)C1=C(NC(=C1C)/C=C\2/C3=C(C=CC(=C3)F)NC2=O)C	0.3700843864406953
SF268_CENTRAL_NERVOUS_SYSTEM	CCN(CC)CCNC(=O)C1=C(NC(=C1C)/C=C\2/C3=C(C=CC(=C3)F)NC2=O)C	0.331957212722727
SF295_CENTRAL_NERVOUS_SYSTEM	CCN(CC)CCNC(=O)C1=C(NC(=C1C)/C=C\2/C3=C(C=CC(=C3)F)NC2=O)C	0.5015150309100275
SF539_CENTRAL_NERVOUS_SYSTEM	CCN(CC)CCNC(=O)C1=C(NC(=C1C)/C=C\2/C3=C(C=CC(=C3)F)NC2=O)C	0.3978633574487849
SH10TC_STOMACH	CCN(CC)CCNC(=O)C1=C(NC(=C1C)/C=C\2/C3=C(C=CC(=C3)F)NC2=O)C	0.6115668942998272
SIGM5_HAEMATOPOIETIC_AND_LYMPHOID_TISSUE	CCN(CC)CCNC(=O)C1=C(NC(=C1C)/C=C\2/C3=C(C=CC(=C3)F)NC2=O)C	0.161613868847391
SIMA_AUTONOMIC_GANGLIA	CCN(CC)CCNC(=O)C1=C(NC(=C1C)/C=C\2/C3=C(C=CC(=C3)F)NC2=O)C	0.9415492803837598
SJSA1_BONE	CCN(CC)CCNC(=O)C1=C(NC(=C1C)/C=C\2/C3=C(C=CC(=C3)F)NC2=O)C	0.4594901056722781
SKCO1_LARGE_INTESTINE	CCN(CC)CCNC(=O)C1=C(NC(=C1C)/C=C\2/C3=C(C=CC(=C3)F)NC2=O)C	0.1716717597502954
SKLMS1_SOFT_TISSUE	CCN(CC)CCNC(=O)C1=C(NC(=C1C)/C=C\2/C3=C(C=CC(=C3)F)NC2=O)C	0.4156776616688745
SKLU1_LUNG	CCN(CC)CCNC(=O)C1=C(NC(=C1C)/C=C\2/C3=C(C=CC(=C3)F)NC2=O)C	0.218183991181551
SKM1_HAEMATOPOIETIC_AND_LYMPHOID_TISSUE	CCN(CC)CCNC(=O)C1=C(NC(=C1C)/C=C\2/C3=C(C=CC(=C3)F)NC2=O)C	0.4657369681250196
SKMEL1_SKIN	CCN(CC)CCNC(=O)C1=C(NC(=C1C)/C=C\2/C3=C(C=CC(=C3)F)NC2=O)C	0.475963402344853
SKMEL28_SKIN	CCN(CC)CCNC(=O)C1=C(NC(=C1C)/C=C\2/C3=C(C=CC(=C3)F)NC2=O)C	0.289102323631019
SKMEL2_SKIN	CCN(CC)CCNC(=O)C1=C(NC(=C1C)/C=C\2/C3=C(C=CC(=C3)F)NC2=O)C	0.6674952363580231
SKMEL30_SKIN	CCN(CC)CCNC(=O)C1=C(NC(=C1C)/C=C\2/C3=C(C=CC(=C3)F)NC2=O)C	0.1401712807963877
SKMEL3_SKIN	CCN(CC)CCNC(=O)C1=C(NC(=C1C)/C=C\2/C3=C(C=CC(=C3)F)NC2=O)C	0.1129346283220703
SKMEL5_SKIN	CCN(CC)CCNC(=O)C1=C(NC(=C1C)/C=C\2/C3=C(C=CC(=C3)F)NC2=O)C	0.124805632670687
SKMM2_HAEMATOPOIETIC_AND_LYMPHOID_TISSUE	CCN(CC)CCNC(=O)C1=C(NC(=C1C)/C=C\2/C3=C(C=CC(=C3)F)NC2=O)C	0.5259867589108969
SKNAS_AUTONOMIC_GANGLIA	CCN(CC)CCNC(=O)C1=C(NC(=C1C)/C=C\2/C3=C(C=CC(=C3)F)NC2=O)C	0.0961258765417133
SKNBE2_AUTONOMIC_GANGLIA	CCN(CC)CCNC(=O)C1=C(NC(=C1C)/C=C\2/C3=C(C=CC(=C3)F)NC2=O)C	0.2216882291130034
SKNDZ_AUTONOMIC_GANGLIA	CCN(CC)CCNC(=O)C1=C(NC(=C1C)/C=C\2/C3=C(C=CC(=C3)F)NC2=O)C	0.4084752607814528
SKNFI_AUTONOMIC_GANGLIA	CCN(CC)CCNC(=O)C1=C(NC(=C1C)/C=C\2/C3=C(C=CC(=C3)F)NC2=O)C	0.7764983961123882
SKNSH_AUTONOMIC_GANGLIA	CCN(CC)CCNC(=O)C1=C(NC(=C1C)/C=C\2/C3=C(C=CC(=C3)F)NC2=O)C	0.1038255201672778
SKOV3_OVARY	CCN(CC)CCNC(=O)C1=C(NC(=C1C)/C=C\2/C3=C(C=CC(=C3)F)NC2=O)C	0.2736021826418982
SKPNDW_BONE	CCN(CC)CCNC(=O)C1=C(NC(=C1C)/C=C\2/C3=C(C=CC(=C3)F)NC2=O)C	0.6598578733457644
SKUT1_SOFT_TISSUE	CCN(CC)CCNC(=O)C1=C(NC(=C1C)/C=C\2/C3=C(C=CC(=C3)F)NC2=O)C	0.7120697158541871
SNB75_CENTRAL_NERVOUS_SYSTEM	CCN(CC)CCNC(=O)C1=C(NC(=C1C)/C=C\2/C3=C(C=CC(=C3)F)NC2=O)C	0.5312055395947665
SNGM_ENDOMETRIUM	CCN(CC)CCNC(=O)C1=C(NC(=C1C)/C=C\2/C3=C(C=CC(=C3)F)NC2=O)C	0.2544442854328919
SNU1041_UPPER_AERODIGESTIVE_TRACT	CCN(CC)CCNC(=O)C1=C(NC(=C1C)/C=C\2/C3=C(C=CC(=C3)F)NC2=O)C	0.4788435305615321
SNU1066_UPPER_AERODIGESTIVE_TRACT	CCN(CC)CCNC(=O)C1=C(NC(=C1C)/C=C\2/C3=C(C=CC(=C3)F)NC2=O)C	0.4865163223885571
SNU1076_UPPER_AERODIGESTIVE_TRACT	CCN(CC)CCNC(=O)C1=C(NC(=C1C)/C=C\2/C3=C(C=CC(=C3)F)NC2=O)C	0.1611212241280038
SNU1077_ENDOMETRIUM	CCN(CC)CCNC(=O)C1=C(NC(=C1C)/C=C\2/C3=C(C=CC(=C3)F)NC2=O)C	0.2550211892784629
SNU1079_BILIARY_TRACT	CCN(CC)CCNC(=O)C1=C(NC(=C1C)/C=C\2/C3=C(C=CC(=C3)F)NC2=O)C	0.200384863783751
SNU1105_CENTRAL_NERVOUS_SYSTEM	CCN(CC)CCNC(=O)C1=C(NC(=C1C)/C=C\2/C3=C(C=CC(=C3)F)NC2=O)C	0.1975318682384314
SNU1196_BILIARY_TRACT	CCN(CC)CCNC(=O)C1=C(NC(=C1C)/C=C\2/C3=C(C=CC(=C3)F)NC2=O)C	0.2984070676384133
SNU119_OVARY	CCN(CC)CCNC(=O)C1=C(NC(=C1C)/C=C\2/C3=C(C=CC(=C3)F)NC2=O)C	0.1792583405557744
SNU1272_KIDNEY	CCN(CC)CCNC(=O)C1=C(NC(=C1C)/C=C\2/C3=C(C=CC(=C3)F)NC2=O)C	0.3513588684505591
SNU175_LARGE_INTESTINE	CCN(CC)CCNC(=O)C1=C(NC(=C1C)/C=C\2/C3=C(C=CC(=C3)F)NC2=O)C	0.3867058213885269
SNU182_LIVER	CCN(CC)CCNC(=O)C1=C(NC(=C1C)/C=C\2/C3=C(C=CC(=C3)F)NC2=O)C	0.084511205188036
SNU1_STOMACH	CCN(CC)CCNC(=O)C1=C(NC(=C1C)/C=C\2/C3=C(C=CC(=C3)F)NC2=O)C	0.3361913381795007
SNU201_CENTRAL_NERVOUS_SYSTEM	CCN(CC)CCNC(=O)C1=C(NC(=C1C)/C=C\2/C3=C(C=CC(=C3)F)NC2=O)C	0.1982802781902481
SNU216_STOMACH	CCN(CC)CCNC(=O)C1=C(NC(=C1C)/C=C\2/C3=C(C=CC(=C3)F)NC2=O)C	0.2195642452044001
SNU308_BILIARY_TRACT	CCN(CC)CCNC(=O)C1=C(NC(=C1C)/C=C\2/C3=C(C=CC(=C3)F)NC2=O)C	0.2605912226885663
SNU387_LIVER	CCN(CC)CCNC(=O)C1=C(NC(=C1C)/C=C\2/C3=C(C=CC(=C3)F)NC2=O)C	0.1920493052819782
SNU398_LIVER	CCN(CC)CCNC(=O)C1=C(NC(=C1C)/C=C\2/C3=C(C=CC(=C3)F)NC2=O)C	0.3473806363071607
SNU410_PANCREAS	CCN(CC)CCNC(=O)C1=C(NC(=C1C)/C=C\2/C3=C(C=CC(=C3)F)NC2=O)C	0.4246300179550895
SNU423_LIVER	CCN(CC)CCNC(=O)C1=C(NC(=C1C)/C=C\2/C3=C(C=CC(=C3)F)NC2=O)C	0.1373652451589442
SNU466_CENTRAL_NERVOUS_SYSTEM	CCN(CC)CCNC(=O)C1=C(NC(=C1C)/C=C\2/C3=C(C=CC(=C3)F)NC2=O)C	0.1363740245916543
SNU475_LIVER	CCN(CC)CCNC(=O)C1=C(NC(=C1C)/C=C\2/C3=C(C=CC(=C3)F)NC2=O)C	0.292489298918149
SNU478_BILIARY_TRACT	CCN(CC)CCNC(=O)C1=C(NC(=C1C)/C=C\2/C3=C(C=CC(=C3)F)NC2=O)C	0.1574937197339313
SNU489_CENTRAL_NERVOUS_SYSTEM	CCN(CC)CCNC(=O)C1=C(NC(=C1C)/C=C\2/C3=C(C=CC(=C3)F)NC2=O)C	0.2471645649868177
SNU503_LARGE_INTESTINE	CCN(CC)CCNC(=O)C1=C(NC(=C1C)/C=C\2/C3=C(C=CC(=C3)F)NC2=O)C	0.3157367330070608
SNU601_STOMACH	CCN(CC)CCNC(=O)C1=C(NC(=C1C)/C=C\2/C3=C(C=CC(=C3)F)NC2=O)C	0.2305034035122276
SNU620_STOMACH	CCN(CC)CCNC(=O)C1=C(NC(=C1C)/C=C\2/C3=C(C=CC(=C3)F)NC2=O)C	0.2506630578956938
SNU626_CENTRAL_NERVOUS_SYSTEM	CCN(CC)CCNC(=O)C1=C(NC(=C1C)/C=C\2/C3=C(C=CC(=C3)F)NC2=O)C	0.1723450346980211
SNU668_STOMACH	CCN(CC)CCNC(=O)C1=C(NC(=C1C)/C=C\2/C3=C(C=CC(=C3)F)NC2=O)C	0.1362574164368617
SNU685_ENDOMETRIUM	CCN(CC)CCNC(=O)C1=C(NC(=C1C)/C=C\2/C3=C(C=CC(=C3)F)NC2=O)C	0.2328155694111942
SNU886_LIVER	CCN(CC)CCNC(=O)C1=C(NC(=C1C)/C=C\2/C3=C(C=CC(=C3)F)NC2=O)C	0.1954912607200218
SNU899_UPPER_AERODIGESTIVE_TRACT	CCN(CC)CCNC(=O)C1=C(NC(=C1C)/C=C\2/C3=C(C=CC(=C3)F)NC2=O)C	0.1896405360768508
SNU8_OVARY	CCN(CC)CCNC(=O)C1=C(NC(=C1C)/C=C\2/C3=C(C=CC(=C3)F)NC2=O)C	0.1860117018697536
SNUC2A_LARGE_INTESTINE	CCN(CC)CCNC(=O)C1=C(NC(=C1C)/C=C\2/C3=C(C=CC(=C3)F)NC2=O)C	0.2059364237552653
SNUC2B_LARGE_INTESTINE	CCN(CC)CCNC(=O)C1=C(NC(=C1C)/C=C\2/C3=C(C=CC(=C3)F)NC2=O)C	0.9595652940056252
SNUC4_LARGE_INTESTINE	CCN(CC)CCNC(=O)C1=C(NC(=C1C)/C=C\2/C3=C(C=CC(=C3)F)NC2=O)C	0.6225671730961545
SNUC5_LARGE_INTESTINE	CCN(CC)CCNC(=O)C1=C(NC(=C1C)/C=C\2/C3=C(C=CC(=C3)F)NC2=O)C	0.2311787485984423
SQ1_LUNG	CCN(CC)CCNC(=O)C1=C(NC(=C1C)/C=C\2/C3=C(C=CC(=C3)F)NC2=O)C	0.2767720258189642
SU8686_PANCREAS	CCN(CC)CCNC(=O)C1=C(NC(=C1C)/C=C\2/C3=C(C=CC(=C3)F)NC2=O)C	0.2335653906178975
SUDHL10_HAEMATOPOIETIC_AND_LYMPHOID_TISSUE	CCN(CC)CCNC(=O)C1=C(NC(=C1C)/C=C\2/C3=C(C=CC(=C3)F)NC2=O)C	0.1631770057425982
SUDHL16_HAEMATOPOIETIC_AND_LYMPHOID_TISSUE	CCN(CC)CCNC(=O)C1=C(NC(=C1C)/C=C\2/C3=C(C=CC(=C3)F)NC2=O)C	0.3584895249245971
SUDHL1_HAEMATOPOIETIC_AND_LYMPHOID_TISSUE	CCN(CC)CCNC(=O)C1=C(NC(=C1C)/C=C\2/C3=C(C=CC(=C3)F)NC2=O)C	0.1751796508205398
SUDHL4_HAEMATOPOIETIC_AND_LYMPHOID_TISSUE	CCN(CC)CCNC(=O)C1=C(NC(=C1C)/C=C\2/C3=C(C=CC(=C3)F)NC2=O)C	0.2925470647180206
SUDHL6_HAEMATOPOIETIC_AND_LYMPHOID_TISSUE	CCN(CC)CCNC(=O)C1=C(NC(=C1C)/C=C\2/C3=C(C=CC(=C3)F)NC2=O)C	0.2607545897516842
SUDHL8_HAEMATOPOIETIC_AND_LYMPHOID_TISSUE	CCN(CC)CCNC(=O)C1=C(NC(=C1C)/C=C\2/C3=C(C=CC(=C3)F)NC2=O)C	0.3156291278702102
SUPB15_HAEMATOPOIETIC_AND_LYMPHOID_TISSUE	CCN(CC)CCNC(=O)C1=C(NC(=C1C)/C=C\2/C3=C(C=CC(=C3)F)NC2=O)C	0.4110562472315356
SUPHD1_HAEMATOPOIETIC_AND_LYMPHOID_TISSUE	CCN(CC)CCNC(=O)C1=C(NC(=C1C)/C=C\2/C3=C(C=CC(=C3)F)NC2=O)C	0.3388770929032908
SUPM2_HAEMATOPOIETIC_AND_LYMPHOID_TISSUE	CCN(CC)CCNC(=O)C1=C(NC(=C1C)/C=C\2/C3=C(C=CC(=C3)F)NC2=O)C	0.3263109257907065
SUPT1_HAEMATOPOIETIC_AND_LYMPHOID_TISSUE	CCN(CC)CCNC(=O)C1=C(NC(=C1C)/C=C\2/C3=C(C=CC(=C3)F)NC2=O)C	0.4801138337957102
SW1088_CENTRAL_NERVOUS_SYSTEM	CCN(CC)CCNC(=O)C1=C(NC(=C1C)/C=C\2/C3=C(C=CC(=C3)F)NC2=O)C	0.1072683979059971
SW1271_LUNG	CCN(CC)CCNC(=O)C1=C(NC(=C1C)/C=C\2/C3=C(C=CC(=C3)F)NC2=O)C	0.1586832083547986
SW1353_BONE	CCN(CC)CCNC(=O)C1=C(NC(=C1C)/C=C\2/C3=C(C=CC(=C3)F)NC2=O)C	0.1784642133094942
SW1417_LARGE_INTESTINE	CCN(CC)CCNC(=O)C1=C(NC(=C1C)/C=C\2/C3=C(C=CC(=C3)F)NC2=O)C	0.2388115056516864
SW1783_CENTRAL_NERVOUS_SYSTEM	CCN(CC)CCNC(=O)C1=C(NC(=C1C)/C=C\2/C3=C(C=CC(=C3)F)NC2=O)C	0.5828187284463165
SW1990_PANCREAS	CCN(CC)CCNC(=O)C1=C(NC(=C1C)/C=C\2/C3=C(C=CC(=C3)F)NC2=O)C	0.2004801395496833
SW579_THYROID	CCN(CC)CCNC(=O)C1=C(NC(=C1C)/C=C\2/C3=C(C=CC(=C3)F)NC2=O)C	0.0551738986787478
SW684_SOFT_TISSUE	CCN(CC)CCNC(=O)C1=C(NC(=C1C)/C=C\2/C3=C(C=CC(=C3)F)NC2=O)C	1.3578601900235323
SW962_VULVA	CCN(CC)CCNC(=O)C1=C(NC(=C1C)/C=C\2/C3=C(C=CC(=C3)F)NC2=O)C	0.7978127850027519
SYO1_SOFT_TISSUE	CCN(CC)CCNC(=O)C1=C(NC(=C1C)/C=C\2/C3=C(C=CC(=C3)F)NC2=O)C	0.1400927728870571
T24_URINARY_TRACT	CCN(CC)CCNC(=O)C1=C(NC(=C1C)/C=C\2/C3=C(C=CC(=C3)F)NC2=O)C	0.3568103957695688
T47D_BREAST	CCN(CC)CCNC(=O)C1=C(NC(=C1C)/C=C\2/C3=C(C=CC(=C3)F)NC2=O)C	0.6085779946362011
T84_LARGE_INTESTINE	CCN(CC)CCNC(=O)C1=C(NC(=C1C)/C=C\2/C3=C(C=CC(=C3)F)NC2=O)C	0.1302817805842601
T98G_CENTRAL_NERVOUS_SYSTEM	CCN(CC)CCNC(=O)C1=C(NC(=C1C)/C=C\2/C3=C(C=CC(=C3)F)NC2=O)C	0.2146167830843359
TALL1_HAEMATOPOIETIC_AND_LYMPHOID_TISSUE	CCN(CC)CCNC(=O)C1=C(NC(=C1C)/C=C\2/C3=C(C=CC(=C3)F)NC2=O)C	0.3877760655520623
TC71_BONE	CCN(CC)CCNC(=O)C1=C(NC(=C1C)/C=C\2/C3=C(C=CC(=C3)F)NC2=O)C	0.5841968284894192
TCCPAN2_PANCREAS	CCN(CC)CCNC(=O)C1=C(NC(=C1C)/C=C\2/C3=C(C=CC(=C3)F)NC2=O)C	0.2961509454831964
TCCSUP_URINARY_TRACT	CCN(CC)CCNC(=O)C1=C(NC(=C1C)/C=C\2/C3=C(C=CC(=C3)F)NC2=O)C	0.1857088565562592
TE11_OESOPHAGUS	CCN(CC)CCNC(=O)C1=C(NC(=C1C)/C=C\2/C3=C(C=CC(=C3)F)NC2=O)C	0.2843775208878705
TE12_OESOPHAGUS	CCN(CC)CCNC(=O)C1=C(NC(=C1C)/C=C\2/C3=C(C=CC(=C3)F)NC2=O)C	0.3233109512462223
TE14_OESOPHAGUS	CCN(CC)CCNC(=O)C1=C(NC(=C1C)/C=C\2/C3=C(C=CC(=C3)F)NC2=O)C	0.2279209285129852
TE15_OESOPHAGUS	CCN(CC)CCNC(=O)C1=C(NC(=C1C)/C=C\2/C3=C(C=CC(=C3)F)NC2=O)C	0.3069368829719677
TE1_OESOPHAGUS	CCN(CC)CCNC(=O)C1=C(NC(=C1C)/C=C\2/C3=C(C=CC(=C3)F)NC2=O)C	0.5279795960033618
TE441T_SOFT_TISSUE	CCN(CC)CCNC(=O)C1=C(NC(=C1C)/C=C\2/C3=C(C=CC(=C3)F)NC2=O)C	0.4590055838665382
TE4_OESOPHAGUS	CCN(CC)CCNC(=O)C1=C(NC(=C1C)/C=C\2/C3=C(C=CC(=C3)F)NC2=O)C	0.2048641496712021
TE617T_SOFT_TISSUE	CCN(CC)CCNC(=O)C1=C(NC(=C1C)/C=C\2/C3=C(C=CC(=C3)F)NC2=O)C	0.0975375503803145
TE6_OESOPHAGUS	CCN(CC)CCNC(=O)C1=C(NC(=C1C)/C=C\2/C3=C(C=CC(=C3)F)NC2=O)C	0.9104765186314724
TE8_OESOPHAGUS	CCN(CC)CCNC(=O)C1=C(NC(=C1C)/C=C\2/C3=C(C=CC(=C3)F)NC2=O)C	0.2625929223981671
TE9_OESOPHAGUS	CCN(CC)CCNC(=O)C1=C(NC(=C1C)/C=C\2/C3=C(C=CC(=C3)F)NC2=O)C	0.5279562633075163
TF1_HAEMATOPOIETIC_AND_LYMPHOID_TISSUE	CCN(CC)CCNC(=O)C1=C(NC(=C1C)/C=C\2/C3=C(C=CC(=C3)F)NC2=O)C	0.1596051781872177
TGBC1TKB_BILIARY_TRACT	CCN(CC)CCNC(=O)C1=C(NC(=C1C)/C=C\2/C3=C(C=CC(=C3)F)NC2=O)C	0.6362568565935741
TGBC24TKB_BILIARY_TRACT	CCN(CC)CCNC(=O)C1=C(NC(=C1C)/C=C\2/C3=C(C=CC(=C3)F)NC2=O)C	0.9102507975303432
THP1_HAEMATOPOIETIC_AND_LYMPHOID_TISSUE	CCN(CC)CCNC(=O)C1=C(NC(=C1C)/C=C\2/C3=C(C=CC(=C3)F)NC2=O)C	0.4747276886979455
TK10_KIDNEY	CCN(CC)CCNC(=O)C1=C(NC(=C1C)/C=C\2/C3=C(C=CC(=C3)F)NC2=O)C	0.6722973351765597
TM31_CENTRAL_NERVOUS_SYSTEM	CCN(CC)CCNC(=O)C1=C(NC(=C1C)/C=C\2/C3=C(C=CC(=C3)F)NC2=O)C	0.1745246547622655
TOV21G_OVARY	CCN(CC)CCNC(=O)C1=C(NC(=C1C)/C=C\2/C3=C(C=CC(=C3)F)NC2=O)C	0.518086719294524
TT2609C02_THYROID	CCN(CC)CCNC(=O)C1=C(NC(=C1C)/C=C\2/C3=C(C=CC(=C3)F)NC2=O)C	0.3237771546107457
TT_THYROID	CCN(CC)CCNC(=O)C1=C(NC(=C1C)/C=C\2/C3=C(C=CC(=C3)F)NC2=O)C	0.1421327785690475
TUHR10TKB_KIDNEY	CCN(CC)CCNC(=O)C1=C(NC(=C1C)/C=C\2/C3=C(C=CC(=C3)F)NC2=O)C	0.3766372177944785
TUHR14TKB_KIDNEY	CCN(CC)CCNC(=O)C1=C(NC(=C1C)/C=C\2/C3=C(C=CC(=C3)F)NC2=O)C	0.2224891967180823
TUHR4TKB_KIDNEY	CCN(CC)CCNC(=O)C1=C(NC(=C1C)/C=C\2/C3=C(C=CC(=C3)F)NC2=O)C	0.2139496772629473
TUR_HAEMATOPOIETIC_AND_LYMPHOID_TISSUE	CCN(CC)CCNC(=O)C1=C(NC(=C1C)/C=C\2/C3=C(C=CC(=C3)F)NC2=O)C	0.931088567139443
TYKNU_OVARY	CCN(CC)CCNC(=O)C1=C(NC(=C1C)/C=C\2/C3=C(C=CC(=C3)F)NC2=O)C	0.1954835161671565
U251MG_CENTRAL_NERVOUS_SYSTEM	CCN(CC)CCNC(=O)C1=C(NC(=C1C)/C=C\2/C3=C(C=CC(=C3)F)NC2=O)C	0.2239832639625443
U266B1_HAEMATOPOIETIC_AND_LYMPHOID_TISSUE	CCN(CC)CCNC(=O)C1=C(NC(=C1C)/C=C\2/C3=C(C=CC(=C3)F)NC2=O)C	0.0996195890784569
U2OS_BONE	CCN(CC)CCNC(=O)C1=C(NC(=C1C)/C=C\2/C3=C(C=CC(=C3)F)NC2=O)C	0.1524332602503106
U698M_HAEMATOPOIETIC_AND_LYMPHOID_TISSUE	CCN(CC)CCNC(=O)C1=C(NC(=C1C)/C=C\2/C3=C(C=CC(=C3)F)NC2=O)C	0.8679900891029723
U87MG_CENTRAL_NERVOUS_SYSTEM	CCN(CC)CCNC(=O)C1=C(NC(=C1C)/C=C\2/C3=C(C=CC(=C3)F)NC2=O)C	0.6681511596900045
U937_HAEMATOPOIETIC_AND_LYMPHOID_TISSUE	CCN(CC)CCNC(=O)C1=C(NC(=C1C)/C=C\2/C3=C(C=CC(=C3)F)NC2=O)C	0.164256511788236
UACC257_SKIN	CCN(CC)CCNC(=O)C1=C(NC(=C1C)/C=C\2/C3=C(C=CC(=C3)F)NC2=O)C	0.4066744912244794
UACC62_SKIN	CCN(CC)CCNC(=O)C1=C(NC(=C1C)/C=C\2/C3=C(C=CC(=C3)F)NC2=O)C	0.3002896018061153
UBLC1_URINARY_TRACT	CCN(CC)CCNC(=O)C1=C(NC(=C1C)/C=C\2/C3=C(C=CC(=C3)F)NC2=O)C	0.1273159563926179
UMUC3_URINARY_TRACT	CCN(CC)CCNC(=O)C1=C(NC(=C1C)/C=C\2/C3=C(C=CC(=C3)F)NC2=O)C	0.4681909709385132
UO31_KIDNEY	CCN(CC)CCNC(=O)C1=C(NC(=C1C)/C=C\2/C3=C(C=CC(=C3)F)NC2=O)C	0.1235273359798781
VAESBJ_SOFT_TISSUE	CCN(CC)CCNC(=O)C1=C(NC(=C1C)/C=C\2/C3=C(C=CC(=C3)F)NC2=O)C	0.7549650774243777
VCAP_PROSTATE	CCN(CC)CCNC(=O)C1=C(NC(=C1C)/C=C\2/C3=C(C=CC(=C3)F)NC2=O)C	0.4546637816573248
VMCUB1_URINARY_TRACT	CCN(CC)CCNC(=O)C1=C(NC(=C1C)/C=C\2/C3=C(C=CC(=C3)F)NC2=O)C	0.1459341760356374
VMRCLCD_LUNG	CCN(CC)CCNC(=O)C1=C(NC(=C1C)/C=C\2/C3=C(C=CC(=C3)F)NC2=O)C	0.268955021212764
VMRCRCW_KIDNEY	CCN(CC)CCNC(=O)C1=C(NC(=C1C)/C=C\2/C3=C(C=CC(=C3)F)NC2=O)C	0.184596028288736
VMRCRCZ_KIDNEY	CCN(CC)CCNC(=O)C1=C(NC(=C1C)/C=C\2/C3=C(C=CC(=C3)F)NC2=O)C	0.1674280485772296
WM1799_SKIN	CCN(CC)CCNC(=O)C1=C(NC(=C1C)/C=C\2/C3=C(C=CC(=C3)F)NC2=O)C	0.2582063115548956
WM2664_SKIN	CCN(CC)CCNC(=O)C1=C(NC(=C1C)/C=C\2/C3=C(C=CC(=C3)F)NC2=O)C	0.304826135034395
WM793_SKIN	CCN(CC)CCNC(=O)C1=C(NC(=C1C)/C=C\2/C3=C(C=CC(=C3)F)NC2=O)C	0.3021574221946119
WM88_SKIN	CCN(CC)CCNC(=O)C1=C(NC(=C1C)/C=C\2/C3=C(C=CC(=C3)F)NC2=O)C	0.1457179808479045
WSUDLCL2_HAEMATOPOIETIC_AND_LYMPHOID_TISSUE	CCN(CC)CCNC(=O)C1=C(NC(=C1C)/C=C\2/C3=C(C=CC(=C3)F)NC2=O)C	0.5612374472430365
YAMATO_SOFT_TISSUE	CCN(CC)CCNC(=O)C1=C(NC(=C1C)/C=C\2/C3=C(C=CC(=C3)F)NC2=O)C	0.2219972711294281
YAPC_PANCREAS	CCN(CC)CCNC(=O)C1=C(NC(=C1C)/C=C\2/C3=C(C=CC(=C3)F)NC2=O)C	0.2790905693354343
YD10B_UPPER_AERODIGESTIVE_TRACT	CCN(CC)CCNC(=O)C1=C(NC(=C1C)/C=C\2/C3=C(C=CC(=C3)F)NC2=O)C	0.1042141758841177
YD15_SALIVARY_GLAND	CCN(CC)CCNC(=O)C1=C(NC(=C1C)/C=C\2/C3=C(C=CC(=C3)F)NC2=O)C	0.0900566903542531
YD38_UPPER_AERODIGESTIVE_TRACT	CCN(CC)CCNC(=O)C1=C(NC(=C1C)/C=C\2/C3=C(C=CC(=C3)F)NC2=O)C	0.1772339048152974
YKG1_CENTRAL_NERVOUS_SYSTEM	CCN(CC)CCNC(=O)C1=C(NC(=C1C)/C=C\2/C3=C(C=CC(=C3)F)NC2=O)C	0.2298708488136004
ZR751_BREAST	CCN(CC)CCNC(=O)C1=C(NC(=C1C)/C=C\2/C3=C(C=CC(=C3)F)NC2=O)C	0.3096425774265887
639V_URINARY_TRACT	CCN(CC)CCNC(=O)C1=C(NC(=C1C)/C=C\2/C3=C(C=CC(=C3)F)NC2=O)C	0.3459172935543501
697_HAEMATOPOIETIC_AND_LYMPHOID_TISSUE	CCN(CC)CCNC(=O)C1=C(NC(=C1C)/C=C\2/C3=C(C=CC(=C3)F)NC2=O)C	0.0885215428163472
A2058_SKIN	CCN(CC)CCNC(=O)C1=C(NC(=C1C)/C=C\2/C3=C(C=CC(=C3)F)NC2=O)C	0.11076962847359
A388_SKIN	CCN(CC)CCNC(=O)C1=C(NC(=C1C)/C=C\2/C3=C(C=CC(=C3)F)NC2=O)C	0.7511807557919568
ACHN_KIDNEY	CCN(CC)CCNC(=O)C1=C(NC(=C1C)/C=C\2/C3=C(C=CC(=C3)F)NC2=O)C	0.3930474434831358
AMO1_HAEMATOPOIETIC_AND_LYMPHOID_TISSUE	CCN(CC)CCNC(=O)C1=C(NC(=C1C)/C=C\2/C3=C(C=CC(=C3)F)NC2=O)C	0.4686512317650684
BB30HNC_UPPER_AERODIGESTIVE_TRACT	CCN(CC)CCNC(=O)C1=C(NC(=C1C)/C=C\2/C3=C(C=CC(=C3)F)NC2=O)C	0.4089589954475382
BFTC905_URINARY_TRACT	CCN(CC)CCNC(=O)C1=C(NC(=C1C)/C=C\2/C3=C(C=CC(=C3)F)NC2=O)C	0.1685572802206127
BL70_HAEMATOPOIETIC_AND_LYMPHOID_TISSUE	CCN(CC)CCNC(=O)C1=C(NC(=C1C)/C=C\2/C3=C(C=CC(=C3)F)NC2=O)C	0.262807882057032
BT16_SOFT_TISSUE	CCN(CC)CCNC(=O)C1=C(NC(=C1C)/C=C\2/C3=C(C=CC(=C3)F)NC2=O)C	0.1409237775387133
CAL29_URINARY_TRACT	CCN(CC)CCNC(=O)C1=C(NC(=C1C)/C=C\2/C3=C(C=CC(=C3)F)NC2=O)C	0.1648690376981121
CAL51_BREAST	CCN(CC)CCNC(=O)C1=C(NC(=C1C)/C=C\2/C3=C(C=CC(=C3)F)NC2=O)C	0.2093154688778447
CAS1_CENTRAL_NERVOUS_SYSTEM	CCN(CC)CCNC(=O)C1=C(NC(=C1C)/C=C\2/C3=C(C=CC(=C3)F)NC2=O)C	0.5653288441515102
CMK_HAEMATOPOIETIC_AND_LYMPHOID_TISSUE	CCN(CC)CCNC(=O)C1=C(NC(=C1C)/C=C\2/C3=C(C=CC(=C3)F)NC2=O)C	0.2407433811212786
CMLT1_HAEMATOPOIETIC_AND_LYMPHOID_TISSUE	CCN(CC)CCNC(=O)C1=C(NC(=C1C)/C=C\2/C3=C(C=CC(=C3)F)NC2=O)C	0.0730776296251401
COLO678_LARGE_INTESTINE	CCN(CC)CCNC(=O)C1=C(NC(=C1C)/C=C\2/C3=C(C=CC(=C3)F)NC2=O)C	0.2659479941816418
COLO824_BREAST	CCN(CC)CCNC(=O)C1=C(NC(=C1C)/C=C\2/C3=C(C=CC(=C3)F)NC2=O)C	0.8046928537484429
CTV1_HAEMATOPOIETIC_AND_LYMPHOID_TISSUE	CCN(CC)CCNC(=O)C1=C(NC(=C1C)/C=C\2/C3=C(C=CC(=C3)F)NC2=O)C	0.3243370671901706
D502MG_CENTRAL_NERVOUS_SYSTEM	CCN(CC)CCNC(=O)C1=C(NC(=C1C)/C=C\2/C3=C(C=CC(=C3)F)NC2=O)C	1.0172559343152472
DANG_PANCREAS	CCN(CC)CCNC(=O)C1=C(NC(=C1C)/C=C\2/C3=C(C=CC(=C3)F)NC2=O)C	0.2213787284463165
DV90_LUNG	CCN(CC)CCNC(=O)C1=C(NC(=C1C)/C=C\2/C3=C(C=CC(=C3)F)NC2=O)C	0.1446900281069123
EB2_HAEMATOPOIETIC_AND_LYMPHOID_TISSUE	CCN(CC)CCNC(=O)C1=C(NC(=C1C)/C=C\2/C3=C(C=CC(=C3)F)NC2=O)C	0.8647050623026588
ECGI10_OESOPHAGUS	CCN(CC)CCNC(=O)C1=C(NC(=C1C)/C=C\2/C3=C(C=CC(=C3)F)NC2=O)C	0.7633205806155395
EFO21_OVARY	CCN(CC)CCNC(=O)C1=C(NC(=C1C)/C=C\2/C3=C(C=CC(=C3)F)NC2=O)C	0.4990414567865692
EFO27_OVARY	CCN(CC)CCNC(=O)C1=C(NC(=C1C)/C=C\2/C3=C(C=CC(=C3)F)NC2=O)C	0.4120380747901451
EPLC272H_LUNG	CCN(CC)CCNC(=O)C1=C(NC(=C1C)/C=C\2/C3=C(C=CC(=C3)F)NC2=O)C	0.2022323818903603
EVSAT_BREAST	CCN(CC)CCNC(=O)C1=C(NC(=C1C)/C=C\2/C3=C(C=CC(=C3)F)NC2=O)C	0.6178815707621208
EW18_BONE	CCN(CC)CCNC(=O)C1=C(NC(=C1C)/C=C\2/C3=C(C=CC(=C3)F)NC2=O)C	0.7994075809758017
FADU_UPPER_AERODIGESTIVE_TRACT	CCN(CC)CCNC(=O)C1=C(NC(=C1C)/C=C\2/C3=C(C=CC(=C3)F)NC2=O)C	0.2463465097427194
FU97_STOMACH	CCN(CC)CCNC(=O)C1=C(NC(=C1C)/C=C\2/C3=C(C=CC(=C3)F)NC2=O)C	0.0867697368102063
G292CLONEA141B1_BONE	CCN(CC)CCNC(=O)C1=C(NC(=C1C)/C=C\2/C3=C(C=CC(=C3)F)NC2=O)C	0.1989393605866844
G361_SKIN	CCN(CC)CCNC(=O)C1=C(NC(=C1C)/C=C\2/C3=C(C=CC(=C3)F)NC2=O)C	0.1376615015606533
G402_SOFT_TISSUE	CCN(CC)CCNC(=O)C1=C(NC(=C1C)/C=C\2/C3=C(C=CC(=C3)F)NC2=O)C	0.070963145625625
HCC1599_BREAST	CCN(CC)CCNC(=O)C1=C(NC(=C1C)/C=C\2/C3=C(C=CC(=C3)F)NC2=O)C	0.6606269562328557
HCC202_BREAST	CCN(CC)CCNC(=O)C1=C(NC(=C1C)/C=C\2/C3=C(C=CC(=C3)F)NC2=O)C	0.3035505644110427
HEC1A_ENDOMETRIUM	CCN(CC)CCNC(=O)C1=C(NC(=C1C)/C=C\2/C3=C(C=CC(=C3)F)NC2=O)C	0.2058345915027728
HEC50B_ENDOMETRIUM	CCN(CC)CCNC(=O)C1=C(NC(=C1C)/C=C\2/C3=C(C=CC(=C3)F)NC2=O)C	0.381392658565411
HEL9217_HAEMATOPOIETIC_AND_LYMPHOID_TISSUE	CCN(CC)CCNC(=O)C1=C(NC(=C1C)/C=C\2/C3=C(C=CC(=C3)F)NC2=O)C	0.2512185101821267
HEL_HAEMATOPOIETIC_AND_LYMPHOID_TISSUE	CCN(CC)CCNC(=O)C1=C(NC(=C1C)/C=C\2/C3=C(C=CC(=C3)F)NC2=O)C	0.3049053397448069
HSC39_STOMACH	CCN(CC)CCNC(=O)C1=C(NC(=C1C)/C=C\2/C3=C(C=CC(=C3)F)NC2=O)C	0.3780675980599324
IGROV1_OVARY	CCN(CC)CCNC(=O)C1=C(NC(=C1C)/C=C\2/C3=C(C=CC(=C3)F)NC2=O)C	0.1677351465195914
ISTSL2_LUNG	CCN(CC)CCNC(=O)C1=C(NC(=C1C)/C=C\2/C3=C(C=CC(=C3)F)NC2=O)C	0.732438256924581
JHUEM3_ENDOMETRIUM	CCN(CC)CCNC(=O)C1=C(NC(=C1C)/C=C\2/C3=C(C=CC(=C3)F)NC2=O)C	0.3384692346737779
JURLMK1_HAEMATOPOIETIC_AND_LYMPHOID_TISSUE	CCN(CC)CCNC(=O)C1=C(NC(=C1C)/C=C\2/C3=C(C=CC(=C3)F)NC2=O)C	0.06819456362314
KARPAS231_HAEMATOPOIETIC_AND_LYMPHOID_TISSUE	CCN(CC)CCNC(=O)C1=C(NC(=C1C)/C=C\2/C3=C(C=CC(=C3)F)NC2=O)C	0.3530286399306526
KARPAS45_HAEMATOPOIETIC_AND_LYMPHOID_TISSUE	CCN(CC)CCNC(=O)C1=C(NC(=C1C)/C=C\2/C3=C(C=CC(=C3)F)NC2=O)C	0.2909434964731474
KGN_OVARY	CCN(CC)CCNC(=O)C1=C(NC(=C1C)/C=C\2/C3=C(C=CC(=C3)F)NC2=O)C	0.4608576029063139
KMS34_HAEMATOPOIETIC_AND_LYMPHOID_TISSUE	CCN(CC)CCNC(=O)C1=C(NC(=C1C)/C=C\2/C3=C(C=CC(=C3)F)NC2=O)C	0.1467331290342131
KNS81_CENTRAL_NERVOUS_SYSTEM	CCN(CC)CCNC(=O)C1=C(NC(=C1C)/C=C\2/C3=C(C=CC(=C3)F)NC2=O)C	0.1395410891239128
KP3_PANCREAS	CCN(CC)CCNC(=O)C1=C(NC(=C1C)/C=C\2/C3=C(C=CC(=C3)F)NC2=O)C	0.2246495916542925
KYSE410_OESOPHAGUS	CCN(CC)CCNC(=O)C1=C(NC(=C1C)/C=C\2/C3=C(C=CC(=C3)F)NC2=O)C	0.2238192248249946
KYSE450_OESOPHAGUS	CCN(CC)CCNC(=O)C1=C(NC(=C1C)/C=C\2/C3=C(C=CC(=C3)F)NC2=O)C	0.5072432212339767
KYSE510_OESOPHAGUS	CCN(CC)CCNC(=O)C1=C(NC(=C1C)/C=C\2/C3=C(C=CC(=C3)F)NC2=O)C	0.5014196363526168
L1236_HAEMATOPOIETIC_AND_LYMPHOID_TISSUE	CCN(CC)CCNC(=O)C1=C(NC(=C1C)/C=C\2/C3=C(C=CC(=C3)F)NC2=O)C	0.513047562087132
L540_HAEMATOPOIETIC_AND_LYMPHOID_TISSUE	CCN(CC)CCNC(=O)C1=C(NC(=C1C)/C=C\2/C3=C(C=CC(=C3)F)NC2=O)C	0.3419831043958483
LB2518MEL_SKIN	CCN(CC)CCNC(=O)C1=C(NC(=C1C)/C=C\2/C3=C(C=CC(=C3)F)NC2=O)C	1.060050092732289
LB373MELD_SKIN	CCN(CC)CCNC(=O)C1=C(NC(=C1C)/C=C\2/C3=C(C=CC(=C3)F)NC2=O)C	0.9847277607922033
LB996RCC_KIDNEY	CCN(CC)CCNC(=O)C1=C(NC(=C1C)/C=C\2/C3=C(C=CC(=C3)F)NC2=O)C	0.5263552648075036
LI7_LIVER	CCN(CC)CCNC(=O)C1=C(NC(=C1C)/C=C\2/C3=C(C=CC(=C3)F)NC2=O)C	0.1876269100578805
LN18_CENTRAL_NERVOUS_SYSTEM	CCN(CC)CCNC(=O)C1=C(NC(=C1C)/C=C\2/C3=C(C=CC(=C3)F)NC2=O)C	0.1460665161065486
LS513_LARGE_INTESTINE	CCN(CC)CCNC(=O)C1=C(NC(=C1C)/C=C\2/C3=C(C=CC(=C3)F)NC2=O)C	0.4820396170654566
LU139_LUNG	CCN(CC)CCNC(=O)C1=C(NC(=C1C)/C=C\2/C3=C(C=CC(=C3)F)NC2=O)C	0.9458047445929412
LU99_LUNG	CCN(CC)CCNC(=O)C1=C(NC(=C1C)/C=C\2/C3=C(C=CC(=C3)F)NC2=O)C	0.2324017615685323
MEC1_HAEMATOPOIETIC_AND_LYMPHOID_TISSUE	CCN(CC)CCNC(=O)C1=C(NC(=C1C)/C=C\2/C3=C(C=CC(=C3)F)NC2=O)C	0.0844075828055395
MESSA_SOFT_TISSUE	CCN(CC)CCNC(=O)C1=C(NC(=C1C)/C=C\2/C3=C(C=CC(=C3)F)NC2=O)C	0.254468861404891
MHHCALL3_HAEMATOPOIETIC_AND_LYMPHOID_TISSUE	CCN(CC)CCNC(=O)C1=C(NC(=C1C)/C=C\2/C3=C(C=CC(=C3)F)NC2=O)C	0.3242681560804872
MHHES1_BONE	CCN(CC)CCNC(=O)C1=C(NC(=C1C)/C=C\2/C3=C(C=CC(=C3)F)NC2=O)C	0.1169961207157792
MIAPACA2_PANCREAS	CCN(CC)CCNC(=O)C1=C(NC(=C1C)/C=C\2/C3=C(C=CC(=C3)F)NC2=O)C	0.0993845374102245
MKN1_STOMACH	CCN(CC)CCNC(=O)C1=C(NC(=C1C)/C=C\2/C3=C(C=CC(=C3)F)NC2=O)C	0.3733739608018425
MMACSF_SKIN	CCN(CC)CCNC(=O)C1=C(NC(=C1C)/C=C\2/C3=C(C=CC(=C3)F)NC2=O)C	0.6543983449337496
MOLM13_HAEMATOPOIETIC_AND_LYMPHOID_TISSUE	CCN(CC)CCNC(=O)C1=C(NC(=C1C)/C=C\2/C3=C(C=CC(=C3)F)NC2=O)C	0.05194678715179
MOLT3_HAEMATOPOIETIC_AND_LYMPHOID_TISSUE	CCN(CC)CCNC(=O)C1=C(NC(=C1C)/C=C\2/C3=C(C=CC(=C3)F)NC2=O)C	0.0779302138701173
MONOMAC1_HAEMATOPOIETIC_AND_LYMPHOID_TISSUE	CCN(CC)CCNC(=O)C1=C(NC(=C1C)/C=C\2/C3=C(C=CC(=C3)F)NC2=O)C	0.4577021063517076
MPP89_PLEURA	CCN(CC)CCNC(=O)C1=C(NC(=C1C)/C=C\2/C3=C(C=CC(=C3)F)NC2=O)C	0.4622720371423216
MYM12_HAEMATOPOIETIC_AND_LYMPHOID_TISSUE	CCN(CC)CCNC(=O)C1=C(NC(=C1C)/C=C\2/C3=C(C=CC(=C3)F)NC2=O)C	0.4707883509416258
MZ7MEL_SKIN	CCN(CC)CCNC(=O)C1=C(NC(=C1C)/C=C\2/C3=C(C=CC(=C3)F)NC2=O)C	0.71147472737356
NCIH1304_LUNG	CCN(CC)CCNC(=O)C1=C(NC(=C1C)/C=C\2/C3=C(C=CC(=C3)F)NC2=O)C	0.7520476647568265
NCIH1339_LUNG	CCN(CC)CCNC(=O)C1=C(NC(=C1C)/C=C\2/C3=C(C=CC(=C3)F)NC2=O)C	0.4264579994848329
NCIH1355_LUNG	CCN(CC)CCNC(=O)C1=C(NC(=C1C)/C=C\2/C3=C(C=CC(=C3)F)NC2=O)C	0.4376075269740787
NCIH1573_LUNG	CCN(CC)CCNC(=O)C1=C(NC(=C1C)/C=C\2/C3=C(C=CC(=C3)F)NC2=O)C	0.2721940013333737
NCIH1666_LUNG	CCN(CC)CCNC(=O)C1=C(NC(=C1C)/C=C\2/C3=C(C=CC(=C3)F)NC2=O)C	0.5513258765544478
NCIH1734_LUNG	CCN(CC)CCNC(=O)C1=C(NC(=C1C)/C=C\2/C3=C(C=CC(=C3)F)NC2=O)C	0.1271669708172975
NCIH1770_LUNG	CCN(CC)CCNC(=O)C1=C(NC(=C1C)/C=C\2/C3=C(C=CC(=C3)F)NC2=O)C	0.6877390845346876
NCIH1915_LUNG	CCN(CC)CCNC(=O)C1=C(NC(=C1C)/C=C\2/C3=C(C=CC(=C3)F)NC2=O)C	0.1207600181066092
NCIH2172_LUNG	CCN(CC)CCNC(=O)C1=C(NC(=C1C)/C=C\2/C3=C(C=CC(=C3)F)NC2=O)C	0.3445417522500681
NCIH2196_LUNG	CCN(CC)CCNC(=O)C1=C(NC(=C1C)/C=C\2/C3=C(C=CC(=C3)F)NC2=O)C	0.4686664578949803
NCIH2291_LUNG	CCN(CC)CCNC(=O)C1=C(NC(=C1C)/C=C\2/C3=C(C=CC(=C3)F)NC2=O)C	0.1940083540410315
NCIH460_LUNG	CCN(CC)CCNC(=O)C1=C(NC(=C1C)/C=C\2/C3=C(C=CC(=C3)F)NC2=O)C	0.4332775419709687
NUDUL1_HAEMATOPOIETIC_AND_LYMPHOID_TISSUE	CCN(CC)CCNC(=O)C1=C(NC(=C1C)/C=C\2/C3=C(C=CC(=C3)F)NC2=O)C	0.297870065399029
OCIAML5_HAEMATOPOIETIC_AND_LYMPHOID_TISSUE	CCN(CC)CCNC(=O)C1=C(NC(=C1C)/C=C\2/C3=C(C=CC(=C3)F)NC2=O)C	0.1181776350027441
OMC1_CERVIX	CCN(CC)CCNC(=O)C1=C(NC(=C1C)/C=C\2/C3=C(C=CC(=C3)F)NC2=O)C	0.9398188107072332
OVCAR5_OVARY	CCN(CC)CCNC(=O)C1=C(NC(=C1C)/C=C\2/C3=C(C=CC(=C3)F)NC2=O)C	0.2272087416285342
OVISE_OVARY	CCN(CC)CCNC(=O)C1=C(NC(=C1C)/C=C\2/C3=C(C=CC(=C3)F)NC2=O)C	0.3242236438982999
OVSAHO_OVARY	CCN(CC)CCNC(=O)C1=C(NC(=C1C)/C=C\2/C3=C(C=CC(=C3)F)NC2=O)C	0.3320471158974514
PANC0203_PANCREAS	CCN(CC)CCNC(=O)C1=C(NC(=C1C)/C=C\2/C3=C(C=CC(=C3)F)NC2=O)C	0.4242893111154883
PANC1005_PANCREAS	CCN(CC)CCNC(=O)C1=C(NC(=C1C)/C=C\2/C3=C(C=CC(=C3)F)NC2=O)C	0.2324482172187036
PECAPJ49_UPPER_AERODIGESTIVE_TRACT	CCN(CC)CCNC(=O)C1=C(NC(=C1C)/C=C\2/C3=C(C=CC(=C3)F)NC2=O)C	0.2124512841298221
RCM1_LARGE_INTESTINE	CCN(CC)CCNC(=O)C1=C(NC(=C1C)/C=C\2/C3=C(C=CC(=C3)F)NC2=O)C	0.3092427459923027
RKN_SOFT_TISSUE	CCN(CC)CCNC(=O)C1=C(NC(=C1C)/C=C\2/C3=C(C=CC(=C3)F)NC2=O)C	0.4045717634625291
SBC1_LUNG	CCN(CC)CCNC(=O)C1=C(NC(=C1C)/C=C\2/C3=C(C=CC(=C3)F)NC2=O)C	1.0235163646820649
SH4_SKIN	CCN(CC)CCNC(=O)C1=C(NC(=C1C)/C=C\2/C3=C(C=CC(=C3)F)NC2=O)C	0.2992560365883457
SKES1_BONE	CCN(CC)CCNC(=O)C1=C(NC(=C1C)/C=C\2/C3=C(C=CC(=C3)F)NC2=O)C	0.2211602663275274
SKMEL24_SKIN	CCN(CC)CCNC(=O)C1=C(NC(=C1C)/C=C\2/C3=C(C=CC(=C3)F)NC2=O)C	0.1159960083638898
SKMEL31_SKIN	CCN(CC)CCNC(=O)C1=C(NC(=C1C)/C=C\2/C3=C(C=CC(=C3)F)NC2=O)C	0.3190044114973181
SKMES1_LUNG	CCN(CC)CCNC(=O)C1=C(NC(=C1C)/C=C\2/C3=C(C=CC(=C3)F)NC2=O)C	0.0857314418618745
SKNMC_BONE	CCN(CC)CCNC(=O)C1=C(NC(=C1C)/C=C\2/C3=C(C=CC(=C3)F)NC2=O)C	0.0779482502500075
SNU16_STOMACH	CCN(CC)CCNC(=O)C1=C(NC(=C1C)/C=C\2/C3=C(C=CC(=C3)F)NC2=O)C	0.2512269029632323
SNU449_LIVER	CCN(CC)CCNC(=O)C1=C(NC(=C1C)/C=C\2/C3=C(C=CC(=C3)F)NC2=O)C	0.1944621021849147
SNU46_UPPER_AERODIGESTIVE_TRACT	CCN(CC)CCNC(=O)C1=C(NC(=C1C)/C=C\2/C3=C(C=CC(=C3)F)NC2=O)C	0.1772227221279432
SNU5_STOMACH	CCN(CC)CCNC(=O)C1=C(NC(=C1C)/C=C\2/C3=C(C=CC(=C3)F)NC2=O)C	1.0172885662784577
SNU840_OVARY	CCN(CC)CCNC(=O)C1=C(NC(=C1C)/C=C\2/C3=C(C=CC(=C3)F)NC2=O)C	0.2658825161368526
SNU869_BILIARY_TRACT	CCN(CC)CCNC(=O)C1=C(NC(=C1C)/C=C\2/C3=C(C=CC(=C3)F)NC2=O)C	0.2655849207551743
SR786_HAEMATOPOIETIC_AND_LYMPHOID_TISSUE	CCN(CC)CCNC(=O)C1=C(NC(=C1C)/C=C\2/C3=C(C=CC(=C3)F)NC2=O)C	0.2885243654741544
ST486_HAEMATOPOIETIC_AND_LYMPHOID_TISSUE	CCN(CC)CCNC(=O)C1=C(NC(=C1C)/C=C\2/C3=C(C=CC(=C3)F)NC2=O)C	0.4197402211192625
SUPT11_HAEMATOPOIETIC_AND_LYMPHOID_TISSUE	CCN(CC)CCNC(=O)C1=C(NC(=C1C)/C=C\2/C3=C(C=CC(=C3)F)NC2=O)C	0.1776251954604684
SW1710_URINARY_TRACT	CCN(CC)CCNC(=O)C1=C(NC(=C1C)/C=C\2/C3=C(C=CC(=C3)F)NC2=O)C	0.3014165867147489
SW48_LARGE_INTESTINE	CCN(CC)CCNC(=O)C1=C(NC(=C1C)/C=C\2/C3=C(C=CC(=C3)F)NC2=O)C	0.0650064101184884
SW620_LARGE_INTESTINE	CCN(CC)CCNC(=O)C1=C(NC(=C1C)/C=C\2/C3=C(C=CC(=C3)F)NC2=O)C	0.2998976982635837
SW954_CERVIX	CCN(CC)CCNC(=O)C1=C(NC(=C1C)/C=C\2/C3=C(C=CC(=C3)F)NC2=O)C	0.5773134689117666
SW982_SOFT_TISSUE	CCN(CC)CCNC(=O)C1=C(NC(=C1C)/C=C\2/C3=C(C=CC(=C3)F)NC2=O)C	0.3128059496827886
TE10_OESOPHAGUS	CCN(CC)CCNC(=O)C1=C(NC(=C1C)/C=C\2/C3=C(C=CC(=C3)F)NC2=O)C	0.338187364276118
TGW_AUTONOMIC_GANGLIA	CCN(CC)CCNC(=O)C1=C(NC(=C1C)/C=C\2/C3=C(C=CC(=C3)F)NC2=O)C	0.6368136747397038
TOV112D_OVARY	CCN(CC)CCNC(=O)C1=C(NC(=C1C)/C=C\2/C3=C(C=CC(=C3)F)NC2=O)C	0.6585682905542593
U118MG_CENTRAL_NERVOUS_SYSTEM	CCN(CC)CCNC(=O)C1=C(NC(=C1C)/C=C\2/C3=C(C=CC(=C3)F)NC2=O)C	0.124471764144368
WM983B_SKIN	CCN(CC)CCNC(=O)C1=C(NC(=C1C)/C=C\2/C3=C(C=CC(=C3)F)NC2=O)C	0.2219600101518227
YT_HAEMATOPOIETIC_AND_LYMPHOID_TISSUE	CCN(CC)CCNC(=O)C1=C(NC(=C1C)/C=C\2/C3=C(C=CC(=C3)F)NC2=O)C	0.690406760144702
